onet_soc_code,soc_code,occupation_title,occupation_description,a_median,tot_emp,median_wage_percentile,employment_percentile,labor_market_opportunity_score,interest_realistic,interest_investigative,interest_artistic,interest_social,interest_enterprising,interest_conventional,job_zone,education_expected_category,education_bachelors_or_higher_pct,essential_skill_active_learning_im,essential_skill_active_listening_im,essential_skill_critical_thinking_im,essential_skill_mathematics_im,essential_skill_reading_comprehension_im,essential_skill_science_im,essential_skill_speaking_im,essential_skill_writing_im,transferable_skill_complex_problem_solving_im,transferable_skill_coordination_im,transferable_skill_instructing_im,transferable_skill_judgment_and_decision_making_im,transferable_skill_management_of_financial_resources_im,transferable_skill_management_of_material_resources_im,transferable_skill_management_of_personnel_resources_im,transferable_skill_negotiation_im,transferable_skill_operation_and_control_im,transferable_skill_operations_analysis_im,transferable_skill_operations_monitoring_im,transferable_skill_persuasion_im,transferable_skill_programming_im,transferable_skill_quality_control_analysis_im,transferable_skill_repairing_im,transferable_skill_service_orientation_im,transferable_skill_social_perceptiveness_im,transferable_skill_systems_analysis_im,transferable_skill_systems_evaluation_im,transferable_skill_technology_design_im,transferable_skill_time_management_im,transferable_skill_troubleshooting_im
11-1011.00,11-1011,Chief Executives,"Determine and formulate policies and provide overall direction of companies or private and public sector organizations within guidelines set up by a board of directors or similar governing body. Plan, direct, or coordinate operational activities at the highest level of management with the help of subordinate executives and staff managers.",213990.0,204350.0,0.9701882845188284,0.7767950052029137,0.873491644860871,1.26,3.05,2.16,3.54,6.96,4.97,5.0,7.2413,90.39,3.75,4.0,4.38,3.25,4.12,1.62,4.25,4.12,4.38,4.25,3.38,4.75,4.25,4.0,4.25,4.12,1.88,3.12,2.0,4.0,1.75,1.88,1.0,3.12,4.12,4.12,4.25,1.75,4.0,1.5
11-1011.03,11-1011,Chief Sustainability Officers,"Communicate and coordinate with management, shareholders, customers, and employees to address sustainability issues. Enact or oversee a corporate sustainability strategy.",213990.0,204350.0,0.9701882845188284,0.7767950052029137,0.873491644860871,2.04,4.78,2.48,3.55,6.68,4.49,5.0,7.7037,100.0,3.75,4.0,4.12,2.88,4.0,2.12,4.0,4.12,4.0,3.75,3.25,3.88,2.88,2.25,3.12,3.12,2.0,2.88,2.0,3.88,1.88,1.88,1.0,3.25,3.88,3.88,3.88,1.88,3.38,1.0
11-1021.00,11-1021,General and Operations Managers,"Plan, direct, or coordinate the operations of public or private sector organizations, overseeing multiple departments or locations. Duties and responsibilities include formulating policies, managing daily operations, and planning the use of materials and human resources, but are too diverse and general in nature to be classified in any one functional area of management or administration, such as personnel, purchasing, or administrative services. Usually manage through subordinate supervisors. Excludes First-Line Supervisors.",105770.0,3503020.0,0.8284518828451883,0.9968782518210196,0.912665067333104,2.2,2.37,1.29,3.38,7.0,5.34,4.0,3.6732,27.59,3.62,4.0,3.88,2.62,4.0,1.5,4.0,3.5,3.62,3.88,3.0,3.62,3.0,3.12,3.75,3.5,1.88,2.5,2.25,3.62,1.5,2.38,1.0,3.25,3.75,3.12,3.12,1.5,3.62,1.75
11-1031.00,11-1031,Legislators,"Develop, introduce, or enact laws and statutes at the local, tribal, state, or federal level. Includes only workers in elected positions.",,,,,,1.54,3.35,2.7,3.69,5.52,3.62,4.0,,,,,,,,,,,,,,,,,,,,,,,,,,,,,,,,
11-2011.00,11-2011,Advertising and Promotions Managers,"Plan, direct, or coordinate advertising policies and programs or produce collateral materials, such as posters, contests, coupons, or giveaways, to create extra interest in the purchase of a product or service for a department, an entire organization, or on an account basis.",133660.0,21470.0,0.9194560669456068,0.3142559833506764,0.6168560251481415,1.0,1.69,3.87,3.14,7.0,4.43,4.0,5.207000000000001,68.31,3.25,4.12,4.0,3.0,3.75,1.62,4.0,3.75,3.5,3.5,2.88,3.75,2.75,2.62,3.12,3.12,1.0,2.75,1.62,3.38,1.75,1.62,1.0,3.12,4.0,3.12,3.12,1.75,3.5,1.0
11-2021.00,11-2021,Marketing Managers,"Plan, direct, or coordinate marketing policies and programs, such as determining the demand for products and services offered by a firm and its competitors, and identify potential customers. Develop pricing strategies with the goal of maximizing the firm's profits or share of the market while ensuring the firm's customers are satisfied. Oversee product development or monitor trends that indicate the need for new products and services.",166790.0,395240.0,0.9581589958158996,0.8678459937565036,0.9130024947862015,1.0,2.9,2.45,2.82,7.0,4.7,4.0,6.680499999999999,90.64,3.88,3.88,3.88,2.75,3.88,1.75,3.88,3.25,3.62,3.5,3.0,3.75,2.88,2.62,3.38,3.62,1.0,3.38,1.75,3.75,1.88,1.88,1.0,3.12,3.88,3.25,3.5,1.75,3.5,1.0
11-2022.00,11-2022,Sales Managers,"Plan, direct, or coordinate the actual distribution or movement of a product or service to the customer. Coordinate sales distribution by establishing sales territories, quotas, and goals and establish training programs for sales representatives. Analyze sales statistics gathered by staff to determine sales potential and inventory requirements and monitor the preferences of customers.",148270.0,637080.0,0.9476987447698744,0.927159209157128,0.9374289769635012,1.49,1.67,1.36,3.37,7.0,5.53,4.0,5.6666,76.19000000000001,3.75,4.0,3.88,3.0,3.88,1.62,4.0,3.62,3.75,3.75,3.75,3.88,3.0,2.75,3.88,4.0,1.75,2.62,1.75,3.88,1.62,1.75,1.0,3.62,3.88,3.62,3.62,1.5,3.75,1.0
11-2032.00,11-2032,Public Relations Managers,"Plan, direct, or coordinate activities designed to create or maintain a favorable public image or raise issue awareness for their organization or client.",146910.0,74850.0,0.9435146443514644,0.5775234131113424,0.7605190287314034,1.0,2.34,3.67,4.18,7.0,4.39,4.0,,,,,,,,,,,,,,,,,,,,,,,,,,,,,,,,
11-2033.00,11-2033,Fundraising Managers,"Plan, direct, or coordinate activities to solicit and maintain funds for special projects or nonprofit organizations.",125470.0,38810.0,0.9006276150627615,0.4474505723204995,0.6740390936916305,1.0,2.41,2.61,3.76,7.0,4.82,4.0,5.786299999999999,76.41999999999999,3.38,4.0,4.12,3.0,3.88,1.25,4.12,3.88,3.62,3.75,2.62,3.75,3.25,2.62,3.12,3.38,1.12,2.0,1.75,4.0,1.88,1.25,1.0,3.38,4.0,3.12,3.0,1.75,3.5,1.0
11-3012.00,11-3012,Administrative Services Managers,"Plan, direct, or coordinate one or more administrative services of an organization, such as records and information management, mail distribution, and other office support services.",114130.0,263960.0,0.854602510460251,0.8126951092611863,0.8336488098607187,1.42,2.12,1.11,3.74,6.47,6.27,3.0,3.963203679632037,28.27,3.12,4.0,3.75,2.25,4.0,1.0,3.88,3.75,3.25,3.75,3.0,3.25,2.88,2.88,3.38,3.62,1.62,2.75,2.25,3.0,1.38,2.25,1.0,3.25,3.25,3.12,2.75,1.5,4.0,1.88
11-3013.00,11-3013,Facilities Managers,"Plan, direct, or coordinate operations and functionalities of facilities and buildings. May include surrounding grounds or multiple facilities of an organization's campus.",106660.0,156180.0,0.8362970711297071,0.7278876170655567,0.782092344097632,4.15,2.6,1.61,3.58,5.35,5.35,3.0,4.341765823417659,7.42,3.12,3.75,3.75,2.75,3.75,1.5,3.88,3.25,3.38,3.62,3.25,3.5,2.5,2.75,3.5,3.0,2.25,1.88,2.88,3.12,1.62,2.88,2.25,3.0,3.62,3.0,3.0,1.62,3.38,2.62
11-3013.01,11-3013,Security Managers,"Direct an organization's security functions, including physical security and safety of employees and facilities.",106660.0,156180.0,0.8362970711297071,0.7278876170655567,0.782092344097632,3.39,3.69,1.3,2.75,5.63,5.43,4.0,6.05,85.0,3.62,4.12,4.25,2.5,4.12,1.38,4.0,3.75,4.0,3.88,3.38,4.12,3.62,3.25,3.75,3.38,2.0,2.25,2.25,3.38,1.62,2.5,1.75,3.38,4.0,3.25,3.38,1.62,3.5,2.0
11-3021.00,11-3021,Computer and Information Systems Managers,"Plan, direct, or coordinate activities in such fields as electronic data processing, information systems, systems analysis, and computer programming.",175140.0,670570.0,0.9665271966527196,0.9334027055150884,0.949964951083904,2.68,4.49,1.47,2.35,5.09,5.94,4.0,5.550855085508551,64.84,3.38,4.0,4.12,3.12,4.0,1.75,3.88,3.75,3.75,3.75,3.12,3.88,3.0,2.75,3.62,3.0,2.0,3.12,2.88,3.12,2.75,2.75,1.5,2.88,3.62,3.62,3.62,2.5,3.38,2.5
11-3031.00,11-3031,Financial Managers,"Plan, direct, or coordinate accounting, investing, banking, insurance, securities, and other financial activities of a branch, office, or department of an establishment.",166570.0,841710.0,0.9560669456066946,0.946930280957336,0.9514986132820152,1.36,2.46,1.59,3.04,7.0,5.56,4.0,5.51024897510249,77.31,3.5,4.0,4.0,3.5,4.0,1.25,4.0,3.75,3.62,3.62,2.88,3.62,3.12,2.38,3.62,3.12,1.12,1.75,1.88,3.38,1.88,1.88,1.0,3.62,3.62,3.0,3.0,1.62,3.62,1.25
11-3031.01,11-3031,Treasurers and Controllers,"Direct financial activities, such as planning, procurement, and investments for all or part of an organization.",166570.0,841710.0,0.9560669456066946,0.946930280957336,0.9514986132820152,1.0,2.2,1.17,2.68,6.15,6.44,4.0,6.8,96.0,3.62,3.88,4.12,3.75,4.12,1.25,4.0,3.62,4.12,3.38,2.88,4.12,4.0,2.75,3.12,3.12,1.12,2.62,1.88,3.0,1.62,1.88,1.0,2.75,3.12,3.25,3.62,1.62,3.38,1.0
11-3031.03,11-3031,Investment Fund Managers,"Plan, direct, or coordinate investment strategy or operations for a large pool of liquid assets supplied by institutional investors or individual investors.",166570.0,841710.0,0.9560669456066946,0.946930280957336,0.9514986132820152,1.48,3.77,1.65,2.69,6.95,5.21,5.0,7.407159284071593,100.01,3.75,4.0,4.0,3.38,4.0,1.0,3.88,3.62,3.75,3.12,3.0,3.88,2.75,2.25,2.88,3.0,1.0,2.0,1.88,3.12,1.75,1.5,1.0,2.88,3.0,3.38,3.25,1.88,3.25,1.0
11-3051.00,11-3051,Industrial Production Managers,"Plan, direct, or coordinate the work activities and resources necessary for manufacturing products in accordance with cost, quality, and quantity specifications.",126060.0,246250.0,0.9042887029288704,0.7986472424557752,0.8514679726923228,4.0,2.92,1.4,1.85,6.03,5.21,4.0,3.811781178117813,29.49,3.62,3.88,4.0,3.38,3.88,1.62,4.0,3.38,3.62,4.0,3.12,4.0,3.38,3.25,3.88,3.25,2.75,2.88,3.12,3.12,1.62,3.12,2.12,3.0,3.5,3.75,3.38,1.62,3.88,2.25
11-3051.01,11-3051,Quality Control Systems Managers,"Plan, direct, or coordinate quality assurance programs. Formulate quality control policies and control quality of laboratory and production efforts.",126060.0,246250.0,0.9042887029288704,0.7986472424557752,0.8514679726923228,3.58,4.12,1.28,2.07,5.09,5.42,4.0,6.0,100.0,3.62,3.88,3.75,3.12,4.0,2.25,3.88,3.88,3.75,3.75,3.25,4.0,2.75,2.75,3.25,3.0,2.88,2.75,3.25,3.25,1.88,4.0,1.75,3.0,3.25,3.62,3.75,2.12,3.5,2.75
11-3051.02,11-3051,Geothermal Production Managers,Manage operations at geothermal power generation facilities. Maintain and monitor geothermal plant equipment for efficient and safe plant operations.,126060.0,246250.0,0.9042887029288704,0.7986472424557752,0.8514679726923228,5.35,3.35,1.0,2.07,4.58,4.82,3.0,4.057005700570056,19.6,3.5,3.62,4.0,3.25,3.88,2.38,3.88,3.62,3.62,3.75,3.25,3.75,3.25,3.12,3.62,3.0,2.88,2.0,3.25,3.0,1.88,3.12,2.75,2.88,3.5,3.25,3.25,2.0,3.62,2.88
11-3051.03,11-3051,Biofuels Production Managers,"Manage biofuels production and plant operations. Collect and process information on plant production and performance, diagnose problems, and design corrective procedures.",126060.0,246250.0,0.9042887029288704,0.7986472424557752,0.8514679726923228,4.59,3.74,1.0,1.83,5.41,5.06,4.0,4.9751,52.04,3.25,3.75,3.88,3.0,3.88,3.0,3.62,3.5,3.38,3.62,3.25,3.5,3.0,2.75,3.88,3.0,3.12,2.12,3.0,3.12,2.12,2.62,1.12,3.25,3.38,3.25,3.0,1.88,3.5,2.25
11-3051.04,11-3051,Biomass Power Plant Managers,"Manage operations at biomass power generation facilities. Direct work activities at plant, including supervision of operations and maintenance staff.",126060.0,246250.0,0.9042887029288704,0.7986472424557752,0.8514679726923228,5.12,3.19,1.0,1.72,4.86,5.34,4.0,5.1279,61.49,3.12,3.88,4.0,3.0,3.88,2.5,4.0,3.12,3.75,3.75,3.25,3.75,3.12,3.12,3.75,2.88,3.0,2.12,3.38,3.0,1.62,3.12,2.25,2.75,3.25,3.12,3.12,1.62,3.62,3.0
11-3051.06,11-3051,Hydroelectric Production Managers,Manage operations at hydroelectric power generation facilities. Maintain and monitor hydroelectric plant equipment for efficient and safe plant operations.,126060.0,246250.0,0.9042887029288704,0.7986472424557752,0.8514679726923228,5.37,3.64,1.0,1.83,4.57,5.02,3.0,4.165716571657166,22.09,3.62,4.12,3.75,3.25,3.88,3.25,4.12,3.5,3.62,3.5,3.38,3.88,3.0,3.0,3.75,3.25,3.25,2.12,3.38,3.38,2.12,3.25,2.38,3.38,3.25,3.38,3.38,1.88,3.75,2.75
11-3061.00,11-3061,Purchasing Managers,"Plan, direct, or coordinate the activities of buyers, purchasing officers, and related workers involved in purchasing materials, products, and services. Includes wholesale or retail trade merchandising managers and procurement managers.",148080.0,84320.0,0.9461297071129708,0.5983350676378772,0.772232387375424,2.49,1.77,1.2,2.7,7.0,5.98,4.0,5.316,63.16,3.25,4.0,3.75,3.12,3.88,1.0,4.0,3.88,3.5,3.75,3.38,3.75,3.25,3.25,4.0,3.88,1.0,2.62,2.0,3.62,1.88,2.12,1.0,3.5,3.88,3.5,3.12,1.88,3.88,2.0
11-3071.00,11-3071,"Transportation, Storage, and Distribution Managers","Plan, direct, or coordinate transportation, storage, or distribution activities in accordance with organizational policies and applicable government laws or regulations. Includes logistics managers.",107230.0,221180.0,0.8404811715481172,0.7861602497398543,0.8133207106439857,3.6,2.64,1.0,2.39,5.99,5.74,4.0,,,3.62,3.88,3.62,2.75,3.88,1.0,3.62,3.62,3.62,3.75,3.62,3.5,2.88,3.0,3.38,3.62,1.88,2.12,2.62,3.5,1.75,2.5,1.0,3.25,3.25,3.62,3.5,1.75,3.62,1.88
11-3071.04,11-3071,Supply Chain Managers,"Direct or coordinate production, purchasing, warehousing, distribution, or financial forecasting services or activities to limit costs and improve accuracy, customer service, or safety. Examine existing procedures or opportunities for streamlining activities to meet product distribution needs. Direct the movement, storage, or processing of inventory.",107230.0,221180.0,0.8404811715481172,0.7861602497398543,0.8133207106439857,3.39,2.46,1.0,2.04,6.24,5.25,4.0,6.4286,95.24,3.75,4.0,3.88,3.0,4.0,1.12,4.0,3.88,3.88,4.0,3.12,4.0,2.88,3.75,3.25,3.75,1.0,2.5,2.25,3.62,1.62,2.0,1.0,3.12,3.75,3.75,3.88,2.12,4.0,1.62
11-3111.00,11-3111,Compensation and Benefits Managers,"Plan, direct, or coordinate compensation and benefits activities of an organization.",149230.0,22940.0,0.948744769874477,0.3329864724245577,0.6408656211495174,1.0,2.18,1.41,3.81,7.0,5.66,4.0,6.381,100.0,3.75,4.0,3.88,3.0,4.0,1.0,4.0,4.0,3.38,3.12,3.0,3.88,3.25,1.88,3.62,3.12,1.0,2.75,1.5,3.0,1.75,1.5,1.0,3.12,3.5,3.25,3.25,1.5,3.62,1.0
11-3121.00,11-3121,Human Resources Managers,"Plan, direct, or coordinate human resources activities and staff of an organization.",149280.0,220660.0,0.9497907949790796,0.7845993756503642,0.8671950853147219,1.26,2.31,1.5,3.88,7.0,5.54,4.0,6.045395460453954,95.46,4.0,4.38,4.0,3.0,4.25,1.5,4.25,4.12,4.0,4.12,3.88,4.0,3.12,2.38,4.25,3.88,1.25,2.38,1.5,3.75,2.0,1.62,1.0,3.75,4.0,3.62,3.88,1.5,4.0,1.0
11-3131.00,11-3131,Training and Development Managers,"Plan, direct, or coordinate the training and development activities and staff of an organization.",133000.0,48050.0,0.9184100418410042,0.4838709677419355,0.7011405047914698,1.9,3.04,2.57,5.54,6.35,4.04,4.0,6.5,100.0,3.75,4.0,3.75,2.88,4.0,1.5,4.0,3.88,3.62,3.88,4.0,3.62,3.62,2.88,3.5,3.0,1.0,3.0,1.75,3.62,1.5,2.0,1.0,3.62,3.88,3.12,3.25,1.75,3.5,1.0
11-9013.00,11-9013,"Farmers, Ranchers, and Other Agricultural Managers","Plan, direct, or coordinate the management or operation of farms, ranches, greenhouses, aquacultural operations, nurseries, timber tracts, or other agricultural establishments. May hire, train, and supervise farm workers or contract for services to carry out the day-to-day activities of the managed operation. May engage in or supervise planting, cultivating, harvesting, and financial and marketing activities.",89900.0,6500.0,0.7196652719665272,0.100936524453694,0.4103008982101106,5.16,2.74,1.06,2.63,5.52,4.53,4.0,,,3.38,3.88,3.88,2.88,3.75,2.62,3.62,3.25,3.62,3.5,2.88,3.5,3.0,2.88,3.62,3.12,2.62,2.12,3.12,3.12,1.88,2.88,2.38,2.88,3.38,3.0,3.0,1.88,3.38,2.5
11-9021.00,11-9021,Construction Managers,"Plan, direct, or coordinate, usually through subordinate supervisory personnel, activities concerned with the construction and maintenance of structures, facilities, and systems. Participate in the conceptual development of a construction project and oversee its organization, scheduling, budgeting, and implementation. Includes managers in specialized construction fields, such as carpentry or plumbing.",114990.0,380360.0,0.856694560669456,0.8605619146722164,0.8586282376708363,4.68,3.18,1.7,2.35,5.73,4.8,4.0,4.5,45.0,3.88,4.0,4.0,3.5,3.88,2.12,3.88,3.75,4.0,4.0,3.12,4.12,3.62,3.38,4.12,3.88,2.0,3.0,2.75,3.12,1.5,3.25,1.62,3.12,3.5,3.62,3.5,1.75,4.0,2.25
11-9031.00,11-9031,"Education and Childcare Administrators, Preschool and Daycare","Plan, direct, or coordinate academic or nonacademic activities of preschools or childcare centers and programs, including before- and after-school care.",59300.0,73660.0,0.4163179916317991,0.5723204994797086,0.4943192455557539,1.2,2.9,2.78,6.46,4.85,4.53,4.0,4.1392,16.52,3.5,4.0,4.0,2.88,4.0,1.5,4.0,3.75,3.88,4.0,3.88,3.88,3.12,3.12,3.75,3.62,1.5,1.88,1.75,3.38,1.5,2.0,1.0,3.88,3.88,3.12,3.12,1.62,3.75,1.88
11-9032.00,11-9032,"Education Administrators, Kindergarten through Secondary","Plan, direct, or coordinate the academic, administrative, or auxiliary activities of kindergarten, elementary, or secondary schools.",105870.0,328330.0,0.8315899581589958,0.8366285119667014,0.8341092350628486,1.31,3.06,2.84,5.72,5.34,4.68,5.0,7.6813,100.0,4.0,4.75,4.5,3.0,4.5,1.88,4.88,4.5,4.12,4.0,4.0,4.62,3.62,3.25,4.12,4.0,1.38,2.75,2.0,3.75,1.62,3.0,1.0,3.88,4.25,3.75,4.12,1.75,3.88,1.62
11-9033.00,11-9033,"Education Administrators, Postsecondary","Plan, direct, or coordinate student instruction, administration, and services, as well as other research and educational activities, at postsecondary institutions, including universities, colleges, and junior and community colleges.",104590.0,180470.0,0.8200836820083682,0.7575442247658689,0.7888139533871186,1.0,3.83,2.81,5.64,5.3,4.91,5.0,9.2528,100.0,3.88,4.0,4.12,2.88,4.12,1.5,4.0,4.0,3.88,3.62,4.0,3.88,3.12,2.88,3.75,3.62,1.0,1.62,2.0,3.62,1.38,1.38,1.0,3.5,3.75,3.25,3.25,1.62,4.0,1.0
11-9039.00,11-9039,"Education Administrators, All Other",All education administrators not listed separately.,95200.0,55130.0,0.7468619246861925,0.5078043704474505,0.6273331475668216,,,,,,,,,,,,,,,,,,,,,,,,,,,,,,,,,,,,,,,
11-9041.00,11-9041,Architectural and Engineering Managers,"Plan, direct, or coordinate activities in such fields as architecture and engineering or research and development in these fields.",171270.0,220260.0,0.9639121338912134,0.7830385015608741,0.8734753177260437,2.99,4.56,2.64,2.95,6.4,4.43,5.0,7.43965603439656,98.86,3.88,4.0,3.88,3.88,4.12,2.62,4.0,4.0,4.0,3.75,3.25,3.88,2.88,2.88,3.25,3.12,1.5,2.38,2.5,3.12,1.88,3.0,1.0,3.25,3.5,3.12,3.0,1.88,3.88,2.0
11-9041.01,11-9041,Biofuels/Biodiesel Technology and Product Development Managers,"Define, plan, or execute biofuels/biodiesel research programs that evaluate alternative feedstock and process technologies with near-term commercial potential.",171270.0,220260.0,0.9639121338912134,0.7830385015608741,0.8734753177260437,4.16,5.84,2.11,2.1,4.7,3.51,4.0,6.482696539307861,88.06,3.25,3.5,3.62,3.12,3.62,3.12,3.62,3.62,3.62,3.25,3.0,3.62,2.0,2.0,3.12,2.88,2.25,2.38,3.0,3.0,2.0,3.12,1.75,2.88,2.88,3.62,3.5,2.12,3.25,2.0
11-9051.00,11-9051,Food Service Managers,"Plan, direct, or coordinate activities of an organization or department that serves food and beverages.",69390.0,238430.0,0.5407949790794979,0.7950052029136316,0.6679000909965648,4.16,1.96,1.63,3.53,5.97,5.06,2.0,3.089308930893089,9.73,3.12,3.88,3.62,2.88,3.75,1.62,3.88,3.0,3.0,3.88,3.12,3.12,3.0,3.0,3.88,3.12,2.0,2.5,2.62,3.0,1.5,2.88,1.75,3.75,3.62,3.0,3.0,1.25,3.5,2.0
11-9071.00,11-9071,Gambling Managers,"Plan, direct, or coordinate gambling operations in a casino. May formulate house rules.",93220.0,5030.0,0.7364016736401674,0.0780437044745057,0.4072226890573365,2.8,1.35,1.09,2.86,6.74,5.46,2.0,2.9372000000000003,6.74,3.5,3.75,4.0,3.12,3.5,1.62,3.88,3.62,3.75,3.75,3.5,3.75,2.62,2.75,4.0,3.25,1.38,2.0,2.12,3.5,1.75,2.62,1.0,3.75,3.75,3.12,3.12,1.5,3.75,1.75
11-9072.00,11-9072,"Entertainment and Recreation Managers, Except Gambling","Plan, direct, or coordinate entertainment and recreational activities and operations of a recreational facility, including cruise ships and parks.",79520.0,37980.0,0.6548117154811716,0.4432882414151925,0.549049978448182,3.35,1.96,1.98,3.93,6.25,5.04,4.0,5.490350964903509,59.47,3.38,3.88,3.75,2.38,3.75,1.25,3.88,3.62,3.25,3.75,3.5,3.62,2.88,2.75,3.12,3.12,1.62,1.88,2.12,3.12,1.25,2.0,1.0,3.75,3.75,2.75,3.12,1.38,3.5,1.5
11-9081.00,11-9081,Lodging Managers,"Plan, direct, or coordinate activities of an organization or department that provides lodging and other accommodations.",69250.0,42620.0,0.5387029288702929,0.4630593132154006,0.5008811210428468,2.69,1.1,1.43,4.31,6.21,5.22,4.0,4.889811018898111,71.6,3.75,4.12,3.75,2.62,3.88,1.0,4.0,3.88,3.75,3.88,3.75,3.75,2.88,3.0,4.0,3.88,2.12,1.75,2.38,3.75,1.62,2.62,1.38,4.12,4.0,3.12,3.38,1.88,3.75,1.88
11-9111.00,11-9111,Medical and Health Services Managers,"Plan, direct, or coordinate medical and health services in hospitals, clinics, managed care organizations, public health agencies, or similar organizations.",123860.0,597080.0,0.8943514644351465,0.9157127991675338,0.90503213180134,2.05,3.75,1.45,4.4,5.95,5.17,4.0,6.2501250125012495,75.0,3.88,4.0,4.12,2.75,4.0,2.5,4.12,4.0,4.0,3.88,3.88,4.0,3.25,3.25,4.0,3.88,1.0,3.62,2.0,3.88,2.0,2.12,1.0,3.75,4.0,3.62,3.75,2.0,4.0,1.62
11-9121.00,11-9121,Natural Sciences Managers,"Plan, direct, or coordinate activities in such fields as life sciences, physical sciences, mathematics, statistics, and research and development in these fields.",167220.0,108690.0,0.9602510460251046,0.6472424557752341,0.8037467509001693,2.74,5.87,2.44,3.09,5.6,4.22,5.0,8.534153415341533,92.7,3.5,4.0,4.0,3.12,4.0,4.12,3.88,3.88,3.88,3.38,3.25,3.75,2.62,2.75,3.62,3.12,2.0,3.25,2.12,3.25,1.88,2.12,1.0,3.0,3.38,3.25,3.12,2.62,3.12,1.88
11-9121.01,11-9121,Clinical Research Coordinators,"Plan, direct, or coordinate clinical research projects. Direct the activities of workers engaged in clinical research projects to ensure compliance with protocols and overall clinical objectives. May evaluate and analyze clinical data.",167220.0,108690.0,0.9602510460251046,0.6472424557752341,0.8037467509001693,1.58,5.9,1.76,3.58,4.31,4.81,4.0,5.2875,66.23,3.38,4.0,3.75,2.88,4.0,3.0,3.88,4.0,3.62,3.88,3.12,3.62,2.38,2.75,3.5,2.88,1.12,1.62,1.75,3.0,1.62,1.75,1.0,3.0,3.62,2.88,2.88,1.62,3.5,1.38
11-9121.02,11-9121,Water Resource Specialists,"Design or implement programs and strategies related to water resource issues such as supply, quality, and regulatory compliance issues.",167220.0,108690.0,0.9602510460251046,0.6472424557752341,0.8037467509001693,4.45,5.8,1.78,2.58,3.53,4.17,4.0,7.0,100.0,3.25,4.0,4.0,3.25,4.0,3.0,4.0,4.0,3.75,3.25,3.0,3.88,2.12,2.12,2.75,3.0,2.12,2.88,2.88,3.12,1.88,3.0,1.0,3.0,3.0,3.62,3.62,1.88,3.88,2.0
11-9131.00,11-9131,Postmasters and Mail Superintendents,"Plan, direct, or coordinate operational, administrative, management, and support services of a U.S. post office; or coordinate activities of workers engaged in postal and related work in assigned post office.",96660.0,13810.0,0.7552301255230126,0.2154006243496358,0.4853153749363242,2.14,1.3,1.17,3.35,6.0,5.69,2.0,3.026702670267026,13.44,3.25,4.0,3.75,2.75,4.0,1.5,4.0,3.25,3.12,4.0,3.25,3.25,2.75,2.75,3.88,3.62,1.62,2.5,2.5,3.25,1.75,2.25,1.0,3.38,4.0,3.0,2.88,1.88,4.0,2.0
11-9141.00,11-9141,"Property, Real Estate, and Community Association Managers","Plan, direct, or coordinate the selling, buying, leasing, or governance activities of commercial, industrial, or residential real estate properties. Includes managers of homeowner and condominium associations, rented or leased housing units, buildings, or land (including rights-of-way).",69990.0,311180.0,0.5486401673640168,0.8303850156087409,0.6895125914863789,3.28,2.11,1.69,3.53,6.67,5.26,4.0,5.35,65.0,3.0,3.75,3.5,3.0,3.88,1.38,4.0,3.62,3.12,3.62,2.75,3.12,3.0,2.88,3.12,3.5,1.5,2.12,1.75,3.25,1.5,2.0,1.0,3.0,3.25,2.12,2.12,1.25,3.0,1.62
11-9151.00,11-9151,Social and Community Service Managers,"Plan, direct, or coordinate the activities of a social service program or community outreach organization. Oversee the program or organization's budget and policies regarding participant involvement, program requirements, and benefits. Work may involve directing social workers, counselors, or probation officers.",80390.0,209330.0,0.6673640167364017,0.7793964620187305,0.7233802393775661,1.0,2.17,2.43,5.43,6.97,4.21,4.0,6.307330733073307,82.41,3.88,3.88,3.88,2.62,3.75,2.25,3.75,3.75,3.88,3.88,3.5,3.88,2.62,2.38,3.88,3.25,2.0,2.62,2.12,3.25,1.75,2.0,1.0,4.0,4.0,3.75,3.75,1.88,3.88,1.5
11-9161.00,11-9161,Emergency Management Directors,"Plan and direct disaster response or crisis management activities, provide disaster preparedness training, and prepare emergency plans and procedures for natural (e.g., hurricanes, floods, earthquakes), wartime, or technological (e.g., nuclear power plant emergencies or hazardous materials spills) disasters or hostage situations.",93330.0,13500.0,0.7384937238493724,0.2060353798126951,0.4722645518310338,3.53,4.49,1.82,4.01,5.07,4.69,4.0,5.954404559544045,81.82000000000001,3.75,4.0,4.0,3.0,4.0,1.88,4.12,4.0,4.12,4.0,3.75,4.0,2.62,2.75,3.5,3.38,1.75,3.12,2.12,3.62,1.5,2.25,1.0,4.25,4.0,3.62,3.5,1.5,3.75,1.5
11-9171.00,11-9171,Funeral Home Managers,"Plan, direct, or coordinate the services or resources of funeral homes. Includes activities such as determining prices for services or merchandise and managing the facilities of funeral homes.",78790.0,13910.0,0.6506276150627615,0.2164412070759625,0.4335344110693619,2.81,2.32,1.89,4.35,6.38,4.56,3.0,4.0245,6.49,2.88,3.88,3.5,2.62,3.62,1.5,3.5,3.12,3.25,3.38,3.0,3.5,2.62,2.62,3.5,3.12,2.0,1.38,2.12,3.12,1.5,2.12,1.0,4.0,3.88,2.5,2.5,1.62,3.62,1.75
11-9179.00,11-9179,"Personal Service Managers, All Other",All personal service managers not listed separately.,69770.0,10450.0,0.5449790794979079,0.1581685744016649,0.3515738269497864,,,,,,,,,,,,,,,,,,,,,,,,,,,,,,,,,,,,,,,
11-9179.01,11-9179,Fitness and Wellness Coordinators,"Manage or coordinate fitness and wellness programs and services. Manage and train staff of wellness specialists, health educators, or fitness instructors.",69770.0,10450.0,0.5449790794979079,0.1581685744016649,0.3515738269497864,3.21,2.69,2.14,5.58,5.42,3.65,4.0,6.807419258074192,92.31,3.38,3.75,3.62,2.12,3.62,1.75,3.88,3.5,3.12,3.75,3.38,3.25,2.75,2.88,3.5,3.0,1.62,2.0,1.75,3.0,1.38,2.25,1.12,3.75,3.75,3.12,3.12,2.0,3.12,1.75
11-9179.02,11-9179,Spa Managers,"Plan, direct, or coordinate activities of a spa facility. Coordinate programs, schedule and direct staff, and oversee financial activities.",69770.0,10450.0,0.5449790794979079,0.1581685744016649,0.3515738269497864,2.5,1.31,1.84,4.19,7.0,4.91,3.0,4.2203,20.99,3.5,3.75,3.88,2.75,3.38,1.12,4.0,3.12,3.38,4.0,3.5,3.75,3.12,3.0,3.88,3.25,2.0,1.62,2.62,3.75,1.5,2.5,1.0,3.88,3.88,3.38,3.25,1.88,3.75,2.0
11-9199.00,11-9199,"Managers, All Other",All managers not listed separately.,141900.0,622190.0,0.9372384937238494,0.922996878251821,0.9301176859878352,,,,,,,,,,,,,,,,,,,,,,,,,,,,,,,,,,,,,,,
11-9199.01,11-9199,Regulatory Affairs Managers,"Plan, direct, or coordinate production activities of an organization to ensure compliance with regulations and standard operating procedures.",141900.0,622190.0,0.9372384937238494,0.922996878251821,0.9301176859878352,1.93,2.99,1.34,2.65,6.55,5.67,4.0,6.4348,95.65,3.5,4.0,3.88,2.38,4.12,2.38,4.0,4.25,3.75,3.5,3.25,3.75,2.12,2.0,3.0,3.0,1.0,2.75,1.88,3.0,1.88,1.25,1.0,2.88,3.25,3.75,3.75,1.62,3.62,1.0
11-9199.02,11-9199,Compliance Managers,"Plan, direct, or coordinate activities of an organization to ensure compliance with ethical or regulatory standards.",141900.0,622190.0,0.9372384937238494,0.922996878251821,0.9301176859878352,1.92,2.98,1.0,3.1,5.93,6.3,4.0,5.653534646535347,77.76,3.75,3.88,4.0,2.12,4.0,1.38,3.88,3.88,3.25,3.75,3.38,3.5,1.88,1.88,2.62,3.12,1.5,1.75,2.0,3.62,1.75,2.12,1.0,3.0,3.5,3.25,3.12,1.75,3.12,1.25
11-9199.08,11-9199,Loss Prevention Managers,"Plan and direct policies, procedures, or systems to prevent the loss of assets. Determine risk exposure or potential liability, and develop risk control measures.",141900.0,622190.0,0.9372384937238494,0.922996878251821,0.9301176859878352,3.43,3.62,1.0,2.85,5.62,5.85,4.0,4.954604539546046,59.1,3.75,4.0,3.88,2.75,4.0,1.0,4.0,3.75,3.88,3.62,3.88,3.88,2.25,2.25,3.62,3.5,2.0,2.25,2.62,3.75,1.62,2.5,1.0,3.62,3.62,3.75,3.75,1.75,3.88,2.0
11-9199.09,11-9199,Wind Energy Operations Managers,"Manage wind field operations, including personnel, maintenance activities, financial activities, and planning.",141900.0,622190.0,0.9372384937238494,0.922996878251821,0.9301176859878352,4.16,3.04,1.0,2.34,6.47,5.24,3.0,4.7231,34.76,3.0,4.0,3.88,3.0,3.88,2.0,3.88,3.75,3.25,3.62,3.12,3.38,2.88,2.88,3.75,3.12,2.5,2.25,3.25,3.62,1.88,3.0,2.0,2.88,3.75,3.0,3.0,2.0,3.25,2.75
11-9199.10,11-9199,Wind Energy Development Managers,"Lead or manage the development and evaluation of potential wind energy business opportunities, including environmental studies, permitting, and proposals. May also manage construction of projects.",141900.0,622190.0,0.9372384937238494,0.922996878251821,0.9301176859878352,3.44,3.86,1.66,2.38,6.71,4.82,4.0,6.088991100889912,81.74,3.38,3.75,4.0,3.0,3.88,1.75,3.88,3.88,3.38,3.62,2.88,3.62,3.12,3.0,3.38,3.38,1.88,2.0,2.12,3.25,1.75,2.38,1.12,2.88,3.5,3.0,3.0,1.75,3.38,2.0
11-9199.11,11-9199,Brownfield Redevelopment Specialists and Site Managers,Plan and direct cleanup and redevelopment of contaminated properties for reuse. Does not include properties sufficiently contaminated to qualify as Superfund sites.,141900.0,622190.0,0.9372384937238494,0.922996878251821,0.9301176859878352,4.49,4.31,1.46,2.03,4.54,4.69,4.0,6.409199999999999,100.0,3.25,3.88,4.0,3.62,4.0,3.0,4.0,3.88,4.12,4.0,3.0,4.0,3.12,2.88,2.88,3.5,2.0,3.0,2.62,3.12,1.62,2.75,1.0,2.88,3.25,3.38,3.62,1.75,3.38,1.5
13-1011.00,13-1011,"Agents and Business Managers of Artists, Performers, and Athletes","Represent and promote artists, performers, and athletes in dealings with current or prospective employers. May handle contract negotiation and other business matters for clients.",82890.0,12620.0,0.6961297071129707,0.1914672216441207,0.4437984643785457,1.0,1.76,3.55,4.14,6.48,3.73,4.0,4.699,58.13,3.5,4.0,3.75,2.12,4.0,1.62,4.0,3.62,3.38,3.75,2.88,3.12,1.88,1.5,2.88,4.0,1.25,1.75,1.25,4.0,1.5,1.0,1.0,3.0,3.88,2.5,2.5,1.38,3.75,1.0
13-1021.00,13-1021,"Buyers and Purchasing Agents, Farm Products","Purchase farm products either for further processing or resale. Includes tree farm contractors, grain brokers and market operators, grain buyers, and tobacco buyers. May negotiate contracts.",,,,,,4.56,1.85,1.08,1.74,4.91,4.8,4.0,5.4675,76.83,3.12,3.75,3.88,3.0,3.38,1.62,3.88,3.12,3.25,3.12,2.5,3.38,2.75,2.88,3.0,3.38,1.88,1.88,2.25,3.38,1.5,2.25,1.12,3.0,3.12,3.0,2.62,1.75,3.12,1.62
13-1022.00,13-1022,"Wholesale and Retail Buyers, Except Farm Products","Buy merchandise or commodities, other than farm products, for resale to consumers at the wholesale or retail level, including both durable and nondurable goods. Analyze past buying trends, sales records, price, and quality of merchandise to determine value and yield. Select, order, and authorize payment for merchandise according to contractual agreements. May conduct meetings with sales personnel and introduce new products. May negotiate contracts. Includes assistant wholesale and retail buyers of nonfarm products.",,,,,,3.37,1.92,1.56,2.45,5.23,5.17,3.0,3.9402,35.84,3.38,3.75,3.75,3.12,3.25,1.75,3.75,3.0,3.25,3.12,3.0,3.38,3.25,2.88,2.75,4.0,1.38,2.12,1.75,3.75,1.75,2.25,1.0,3.12,3.25,2.62,3.0,1.62,3.0,1.0
13-1023.00,13-1023,"Purchasing Agents, Except Wholesale, Retail, and Farm Products","Purchase machinery, equipment, tools, parts, supplies, or services necessary for the operation of an establishment. Purchase raw or semifinished materials for manufacturing. May negotiate contracts.",,,,,,3.5,1.82,1.19,1.93,5.09,5.65,4.0,5.4,75.0,3.88,4.0,3.88,3.0,4.12,1.12,4.0,4.0,4.0,3.0,3.25,3.88,3.75,3.25,3.12,4.25,1.0,2.5,2.0,3.75,1.5,2.38,1.0,3.12,3.25,2.88,3.0,1.75,3.25,1.62
13-1031.00,13-1031,"Claims Adjusters, Examiners, and Investigators",Review settled claims to determine that payments and settlements are made in accordance with company practices and procedures. Confer with legal counsel on claims requiring litigation. May also settle insurance claims.,78000.0,324230.0,0.6323221757322176,0.8355879292403746,0.7339550524862961,1.23,3.53,1.0,2.61,4.77,6.23,4.0,5.248224822482248,60.35,3.25,4.0,4.0,2.88,4.12,1.38,3.88,3.62,3.5,3.25,2.5,3.75,2.12,1.75,2.75,3.12,1.12,1.5,1.88,2.88,2.12,2.62,1.0,3.12,3.38,3.0,2.88,1.75,3.0,1.62
13-1032.00,13-1032,"Insurance Appraisers, Auto Damage",Appraise automobile or other vehicle damage to determine repair costs for insurance claim settlement. Prepare insurance forms to indicate repair cost or cost estimates and recommendations. May seek agreement with automotive repair shop on repair costs.,78240.0,11560.0,0.6370292887029289,0.1753381893860562,0.4061837390444925,5.17,3.04,1.16,1.64,3.54,5.44,3.0,3.4155,1.47,2.88,3.5,3.38,2.62,3.5,1.12,3.75,3.75,2.88,2.88,2.25,3.12,2.0,1.5,2.38,2.88,2.0,1.88,2.38,2.88,1.25,2.38,1.62,3.0,3.0,2.38,2.38,1.38,3.25,2.12
13-1041.00,13-1041,Compliance Officers,"Examine, evaluate, and investigate eligibility for or conformity with laws and regulations governing contract compliance of licenses and permits, and perform other compliance and enforcement inspection and analysis activities not classified elsewhere.",80730.0,417070.0,0.6715481171548117,0.8792924037460979,0.7754202604504548,2.51,3.07,1.0,2.97,4.08,6.33,4.0,,,3.0,3.75,3.5,2.12,4.0,1.0,3.88,3.75,3.25,3.12,2.88,3.62,1.88,1.88,2.75,3.12,1.88,1.25,2.12,3.25,1.62,2.12,1.0,3.12,3.5,2.75,2.62,1.38,3.25,1.62
13-1041.01,13-1041,Environmental Compliance Inspectors,"Inspect and investigate sources of pollution to protect the public and environment and ensure conformance with Federal, State, and local regulations and ordinances.",80730.0,417070.0,0.6715481171548117,0.8792924037460979,0.7754202604504548,4.57,4.77,1.05,2.35,3.21,5.84,4.0,5.45,75.0,3.75,3.88,4.0,3.0,4.0,3.0,3.88,3.88,3.75,3.0,3.0,3.38,1.62,1.62,2.62,2.88,2.62,2.5,3.38,2.75,1.62,3.25,1.0,2.88,3.25,3.25,3.38,1.75,3.0,2.0
13-1041.03,13-1041,Equal Opportunity Representatives and Officers,"Monitor and evaluate compliance with equal opportunity laws, guidelines, and policies to ensure that employment practices and contracting arrangements give equal opportunity without regard to race, religion, color, national origin, sex, age, or disability.",80730.0,417070.0,0.6715481171548117,0.8792924037460979,0.7754202604504548,1.23,3.01,1.73,4.24,5.37,5.21,4.0,6.1439,85.93,3.75,4.25,4.0,2.5,4.12,1.62,4.0,3.88,3.75,3.12,2.88,3.62,1.38,1.38,2.25,3.0,1.12,2.0,1.75,3.25,1.88,1.75,1.0,3.12,4.0,3.25,3.25,1.75,3.0,1.0
13-1041.04,13-1041,Government Property Inspectors and Investigators,Investigate or inspect government property to ensure compliance with contract agreements and government regulations.,80730.0,417070.0,0.6715481171548117,0.8792924037460979,0.7754202604504548,3.09,3.32,1.0,2.41,4.2,6.26,3.0,4.6826,39.34,3.5,4.12,4.0,2.88,4.0,1.88,4.0,4.0,3.5,3.38,3.12,4.0,2.0,2.12,2.75,3.0,2.38,1.75,3.0,3.0,1.75,3.12,1.0,3.12,3.38,3.25,3.38,1.62,3.12,1.75
13-1041.06,13-1041,Coroners,"Direct activities such as autopsies, pathological and toxicological analyses, and inquests relating to the investigation of deaths occurring within a legal jurisdiction to determine cause of death or to fix responsibility for accidental, violent, or unexplained deaths.",80730.0,417070.0,0.6715481171548117,0.8792924037460979,0.7754202604504548,4.04,4.94,1.5,3.1,4.09,4.86,3.0,5.45,60.0,3.38,3.88,4.12,2.62,4.0,3.25,4.12,3.62,3.38,3.75,3.0,3.5,1.62,1.88,2.5,2.62,2.0,1.5,2.0,2.62,1.5,2.12,1.0,3.12,3.62,2.62,2.25,1.5,3.12,1.5
13-1041.07,13-1041,Regulatory Affairs Specialists,"Coordinate and document internal regulatory processes, such as internal audits, inspections, license renewals, or registrations. May compile and prepare materials for submission to regulatory agencies.",80730.0,417070.0,0.6715481171548117,0.8792924037460979,0.7754202604504548,1.4,3.32,1.0,2.5,4.46,6.32,4.0,6.55,100.0,3.25,4.0,3.88,2.5,3.88,1.88,4.0,4.0,3.75,3.12,3.0,3.88,2.12,2.0,2.88,3.12,1.0,2.62,2.0,3.0,1.88,2.12,1.0,3.0,3.38,3.75,3.25,1.88,3.38,1.0
13-1041.08,13-1041,Customs Brokers,Prepare customs documentation and ensure that shipments meet all applicable laws to facilitate the import and export of goods. Determine and track duties and taxes payable and process payments on behalf of client. Sign documents under a power of attorney. Represent clients in meetings with customs officials and apply for duty refunds and tariff reclassifications. Coordinate transportation and storage of imported goods.,80730.0,417070.0,0.6715481171548117,0.8792924037460979,0.7754202604504548,2.37,1.53,1.0,2.17,5.02,6.13,3.0,3.25,20.0,3.25,4.0,3.75,3.0,3.88,1.0,3.75,3.75,3.75,3.0,3.0,3.25,2.25,2.5,3.0,3.0,1.0,1.62,1.88,2.88,1.88,1.25,1.0,3.25,3.0,3.0,2.88,1.75,3.25,1.0
13-1051.00,13-1051,Cost Estimators,"Prepare cost estimates for product manufacturing, construction projects, or services to aid management in bidding on or determining price of product or service. May specialize according to particular service performed or type of product manufactured.",78740.0,224220.0,0.6464435146443515,0.7898022892819979,0.7181229019631747,3.01,3.18,1.12,1.66,4.65,6.44,4.0,5.818118188181183,86.36999999999999,3.25,3.75,3.75,4.0,4.0,1.38,3.88,3.5,3.38,3.12,2.75,3.62,3.12,2.75,2.5,3.0,1.0,2.5,1.5,3.0,1.5,1.38,1.0,2.75,3.12,3.0,3.0,1.5,3.0,1.0
13-1071.00,13-1071,Human Resources Specialists,"Recruit, screen, interview, or place individuals within an organization. May perform other activities in multiple human resources areas.",75940.0,912430.0,0.600418410041841,0.95525494276795,0.7778366764048956,1.03,2.52,1.35,3.78,5.67,5.52,4.0,5.767,73.19,3.25,4.0,3.88,2.0,4.0,1.12,4.12,3.88,3.12,3.0,3.12,3.25,1.88,1.88,2.88,3.0,1.12,1.25,1.5,2.88,1.62,1.75,1.0,3.38,3.38,2.88,2.38,1.75,3.0,1.0
13-1074.00,13-1074,Farm Labor Contractors,"Recruit and hire seasonal or temporary agricultural laborers. May transport, house, and provide meals for workers.",58460.0,310.0,0.401673640167364,0.0041623309053069,0.2029179855363355,4.85,1.54,1.0,3.24,4.99,4.39,2.0,1.710628937106289,0.14,2.38,3.38,3.0,2.12,2.75,1.25,3.5,2.75,2.75,3.0,2.62,3.0,1.88,1.88,3.25,2.75,2.5,1.25,2.38,2.62,1.38,1.75,1.0,2.62,3.0,2.12,1.88,1.0,3.12,1.75
13-1075.00,13-1075,Labor Relations Specialists,"Resolve disputes between workers and managers, negotiate collective bargaining agreements, or coordinate grievance procedures to handle employee complaints.",95420.0,64810.0,0.7489539748953975,0.5442247658688866,0.646589370382142,1.31,3.1,1.71,3.72,5.65,4.61,4.0,6.047614284285285,66.64999999999999,3.5,4.38,4.0,2.38,4.0,1.0,4.25,4.0,3.62,3.38,3.0,3.62,2.0,1.75,2.88,4.12,1.12,1.75,1.5,3.88,1.25,1.12,1.0,3.38,3.75,3.12,3.12,1.38,3.38,1.0
13-1081.00,13-1081,Logisticians,"Analyze and coordinate the ongoing logistical functions of a firm or organization. Responsible for the entire life cycle of a product, including acquisition, distribution, internal allocation, delivery, and final disposal of resources.",82320.0,251040.0,0.6935146443514645,0.8054110301768991,0.7494628372641818,2.35,3.81,1.1,2.33,5.02,5.44,4.0,5.25022502250225,75.0,3.5,3.88,4.0,3.0,3.88,1.75,3.88,3.38,3.75,3.88,3.12,3.62,2.62,2.88,3.25,3.25,1.12,3.12,2.0,3.25,1.88,2.25,1.0,3.25,3.62,3.5,3.25,1.75,3.38,1.0
13-1081.01,13-1081,Logistics Engineers,"Design or analyze operational solutions for projects such as transportation optimization, network modeling, process and methods analysis, cost containment, capacity enhancement, routing and shipment optimization, or information management.",82320.0,251040.0,0.6935146443514645,0.8054110301768991,0.7494628372641818,4.02,5.22,1.07,1.31,3.76,5.67,4.0,6.260973902609739,86.96,4.0,4.0,3.88,4.0,4.0,2.62,3.88,4.12,4.12,3.25,3.0,4.0,3.0,2.75,3.0,2.88,1.75,3.75,2.5,3.0,2.75,2.75,1.12,3.0,3.0,4.62,4.12,2.62,3.88,2.12
13-1081.02,13-1081,Logistics Analysts,"Analyze product delivery or supply chain processes to identify or recommend changes. May manage route activity including invoicing, electronic bills, and shipment tracing.",82320.0,251040.0,0.6935146443514645,0.8054110301768991,0.7494628372641818,2.88,4.04,1.0,1.52,4.47,6.79,4.0,5.909218156368727,72.74,3.12,3.88,4.0,3.0,4.0,1.75,3.75,3.38,3.88,3.0,2.88,3.62,2.5,2.62,3.0,2.88,1.0,2.12,2.12,2.88,2.0,2.25,1.0,3.0,3.0,3.75,3.75,1.88,3.25,1.5
13-1082.00,13-1082,Project Management Specialists,"Analyze and coordinate the schedule, timeline, procurement, staffing, and budget of a product or service on a per project basis. Lead and guide the work of technical staff. May serve as a point of contact for the client or customer.",102320.0,1066670.0,0.803347280334728,0.9604578563995838,0.881902568367156,1.48,2.75,1.57,3.32,6.3,5.55,4.0,,,,,,,,,,,,,,,,,,,,,,,,,,,,,,,,
13-1111.00,13-1111,Management Analysts,"Conduct organizational studies and evaluations, design systems and procedures, conduct work simplification and measurement studies, and prepare operations and procedures manuals to assist management in operating more efficiently and effectively. Includes program analysts and management consultants.",101860.0,898280.0,0.7960251046025104,0.951092611862643,0.8735588582325767,1.37,5.44,1.63,2.82,4.81,6.05,4.0,6.381038103810381,90.47,3.25,4.12,4.12,3.0,4.12,1.88,4.0,4.0,4.0,3.88,3.25,4.0,2.25,2.25,3.0,3.12,1.38,3.0,1.75,3.5,1.88,1.75,1.0,3.25,3.88,3.75,3.88,2.12,3.25,1.25
13-1121.00,13-1121,"Meeting, Convention, and Event Planners","Coordinate activities of staff, convention personnel, or clients to make arrangements for group meetings, events, or conventions.",61160.0,142860.0,0.4393305439330544,0.696149843912591,0.5677401939228227,1.0,1.56,2.49,4.56,7.0,4.96,4.0,4.6675,40.8,3.38,4.0,3.88,2.5,4.0,1.25,4.0,3.5,3.62,3.88,3.0,3.62,3.0,2.88,3.25,3.38,2.0,2.75,2.0,3.5,1.38,2.25,1.75,3.88,3.88,3.25,3.12,1.75,3.75,1.75
13-1131.00,13-1131,Fundraisers,"Organize activities to raise funds or otherwise solicit and gather monetary donations or other gifts for an organization. May design and produce promotional materials. May also raise awareness of the organization's work, goals, and financial needs.",72550.0,111040.0,0.5638075313807531,0.6534859521331946,0.6086467417569739,1.0,2.02,3.22,4.23,6.03,4.07,4.0,6.142799999999999,100.0,3.25,4.0,3.88,3.0,4.0,1.38,4.12,4.0,3.25,3.75,3.0,3.38,3.0,2.12,2.75,3.88,1.62,2.0,1.62,4.0,1.5,1.5,1.0,3.5,3.62,3.12,3.12,1.75,3.0,1.0
13-1141.00,13-1141,"Compensation, Benefits, and Job Analysis Specialists","Conduct programs of compensation and benefits and job analysis for employer. May specialize in specific areas, such as position classification and pension programs.",78210.0,112380.0,0.6359832635983264,0.6555671175858481,0.6457751905920872,1.29,3.42,1.41,3.64,5.38,5.8,4.0,5.904790479047905,95.23,3.38,3.88,3.75,3.12,3.88,1.88,3.88,3.38,3.12,3.0,2.88,3.12,2.0,1.75,2.88,3.0,1.0,2.5,1.5,3.0,1.62,1.38,1.0,3.0,3.0,3.12,3.12,1.5,3.0,1.0
13-1151.00,13-1151,Training and Development Specialists,Design or conduct work-related training and development programs to improve individual skills or organizational performance. May analyze organizational training needs or evaluate training effectiveness.,69280.0,458300.0,0.5397489539748954,0.8980228928199792,0.7188859233974373,2.03,4.03,3.19,5.64,3.68,3.76,4.0,5.478052194780523,78.26,3.88,4.0,3.88,2.38,3.88,1.62,4.38,3.88,3.25,3.75,4.38,3.88,2.25,2.25,3.12,3.12,1.12,3.12,2.0,3.12,1.5,1.88,1.0,3.62,4.0,3.12,3.38,1.88,3.62,1.0
13-1161.00,13-1161,Market Research Analysts and Marketing Specialists,"Research conditions in local, regional, national, or online markets. Gather information to determine potential sales of a product or service, or plan a marketing or advertising campaign. May gather information on competitors, prices, sales, and methods of marketing and distribution. May employ search marketing tactics, analyze web metrics, and develop recommendations to increase search engine ranking and visibility to target markets.",78760.0,899580.0,0.6485355648535565,0.9526534859521332,0.8005945254028448,1.08,4.6,2.56,2.47,5.52,4.62,4.0,6.8261,100.0,3.5,3.88,4.0,3.25,4.0,2.25,3.88,4.0,3.88,3.0,2.75,3.62,1.75,1.75,2.75,2.62,1.0,2.88,1.88,3.12,2.12,1.62,1.0,2.88,3.12,3.12,3.12,1.62,3.0,1.0
13-1161.01,13-1161,Search Marketing Strategists,"Employ search marketing tactics to increase visibility and engagement with content, products, or services in Internet-enabled devices or interfaces. Examine search query behaviors on general or specialty search engines or other Internet-based content. Analyze research, data, or technology to understand user intent and measure outcomes for ongoing optimization.",78760.0,899580.0,0.6485355648535565,0.9526534859521332,0.8005945254028448,1.0,3.78,3.23,2.76,5.54,4.68,4.0,4.999900009999001,47.83,3.75,3.75,3.75,2.75,3.88,1.25,3.62,3.5,3.88,3.25,3.12,3.75,2.12,2.0,2.62,3.0,1.0,2.12,2.12,3.25,2.75,1.88,1.0,3.0,3.0,3.38,3.38,2.38,3.12,1.12
13-1199.00,13-1199,"Business Operations Specialists, All Other",All business operations specialists not listed separately.,83050.0,1087090.0,0.6997907949790795,0.963579604578564,0.8316851997788217,,,,,,,,,,,,,,,,,,,,,,,,,,,,,,,,,,,,,,,
13-1199.04,13-1199,Business Continuity Planners,"Develop, maintain, or implement business continuity and disaster recovery strategies and solutions, including risk assessments, business impact analyses, strategy selection, and documentation of business continuity and disaster recovery procedures. Plan, conduct, and debrief regular mock-disaster exercises to test the adequacy of existing plans and strategies, updating procedures and plans regularly. Act as a coordinator for continuity efforts after a disruption event.",83050.0,1087090.0,0.6997907949790795,0.963579604578564,0.8316851997788217,2.0,4.39,1.66,3.06,5.23,5.06,4.0,5.912708729127088,78.25999999999999,4.0,4.12,4.12,2.88,4.0,1.0,4.0,4.0,4.12,3.75,3.25,4.12,2.5,2.38,3.12,3.12,1.12,2.88,2.0,3.12,2.0,2.25,1.0,3.12,3.38,4.0,4.0,1.62,3.25,1.25
13-1199.05,13-1199,Sustainability Specialists,"Address organizational sustainability issues, such as waste stream management, green building practices, and green procurement plans.",83050.0,1087090.0,0.6997907949790795,0.963579604578564,0.8316851997788217,2.06,5.2,2.5,2.95,5.09,4.41,4.0,6.7391,95.65,3.25,3.88,3.88,2.88,4.0,2.25,4.0,4.0,3.62,3.25,3.0,3.62,2.0,1.88,2.88,3.0,1.25,2.25,2.12,3.12,1.5,2.12,1.0,2.88,3.12,3.12,3.25,1.75,3.0,1.75
13-1199.06,13-1199,Online Merchants,"Conduct retail activities of businesses operating exclusively online. May perform duties such as preparing business strategies, buying merchandise, managing inventory, implementing marketing activities, fulfilling and shipping online orders, and balancing financial records.",83050.0,1087090.0,0.6997907949790795,0.963579604578564,0.8316851997788217,2.42,1.61,1.88,2.32,5.78,5.97,4.0,4.103389661033897,41.29,2.88,3.5,3.5,3.0,3.62,1.25,3.5,3.38,3.0,3.0,2.25,3.25,2.88,2.75,2.62,3.12,1.25,2.0,1.88,3.38,2.38,1.62,1.25,3.38,3.12,2.62,2.62,1.75,2.88,1.12
13-1199.07,13-1199,Security Management Specialists,"Conduct security assessments for organizations, and design security systems and processes. May specialize in areas such as physical security or the safety of employees and facilities.",83050.0,1087090.0,0.6997907949790795,0.963579604578564,0.8316851997788217,3.86,5.09,1.68,1.96,3.73,5.68,4.0,5.75,80.0,3.25,4.12,4.0,2.5,3.88,1.5,4.0,3.62,3.75,3.75,3.38,3.88,2.62,2.62,3.0,3.12,2.0,3.12,2.62,3.38,2.25,3.0,1.38,3.38,3.5,3.62,3.62,2.38,3.38,2.12
13-2011.00,13-2011,Accountants and Auditors,"Examine, analyze, and interpret accounting records to prepare financial statements, give advice, or audit and evaluate statements prepared by others. Install or advise on systems of recording costs or other financial and budgetary data.",83680.0,1449500.0,0.7039748953974896,0.9781477627471384,0.841061329072314,1.14,3.57,1.08,2.13,3.87,7.0,4.0,,,3.12,3.75,3.75,3.25,3.88,1.25,3.75,3.5,3.38,3.25,2.75,3.5,2.25,1.88,2.75,2.88,1.38,1.62,1.75,3.0,2.0,1.88,1.0,3.12,3.12,2.88,2.88,1.75,3.12,1.0
13-2022.00,13-2022,Appraisers of Personal and Business Property,"Appraise and estimate the fair value of tangible personal or business property, such as jewelry, art, antiques, collectibles, and equipment. May also appraise land.",,,,,,3.59,2.57,2.09,1.68,4.65,6.0,4.0,6.087291270872912,65.23,3.12,3.38,3.62,2.88,3.88,1.38,3.38,3.5,3.0,2.75,2.25,3.0,1.88,2.0,2.12,2.88,1.25,1.5,1.88,2.88,1.62,2.12,1.12,2.88,2.88,2.5,2.5,1.25,3.0,1.62
13-2023.00,13-2023,Appraisers and Assessors of Real Estate,"Appraise real estate, exclusively, and estimate its fair value. May assess taxes in accordance with prescribed schedules.",,,,,,2.7,2.85,1.61,2.63,4.87,5.81,4.0,5.227077292270773,54.55,2.75,3.5,3.5,2.62,3.62,1.12,3.38,3.38,3.12,2.88,2.5,3.0,1.62,1.62,2.0,2.62,1.88,1.75,1.88,2.75,1.62,2.12,1.12,2.75,2.75,2.5,2.5,1.38,2.75,1.62
13-2031.00,13-2031,Budget Analysts,"Examine budget estimates for completeness, accuracy, and conformance with procedures and regulations. Analyze budgeting and accounting reports.",91640.0,47160.0,0.7290794979079498,0.4786680541103018,0.6038737760091257,1.0,3.72,1.58,2.25,4.91,7.0,4.0,5.601639836016398,85.07000000000001,3.25,3.75,3.88,3.88,3.75,1.25,3.75,3.12,3.75,2.88,2.62,3.75,3.38,2.0,2.38,2.62,1.0,2.25,1.88,2.62,1.75,1.12,1.0,2.5,3.0,3.12,3.0,1.75,3.0,1.0
13-2041.00,13-2041,Credit Analysts,Analyze credit data and financial statements of individuals or firms to determine the degree of risk involved in extending credit or lending money. Prepare reports with credit information for use in decisionmaking.,83510.0,64390.0,0.702928870292887,0.5421436004162331,0.62253623535456,1.0,3.79,1.0,2.41,4.55,6.85,4.0,6.1,100.0,3.62,3.5,3.88,3.38,3.62,1.38,3.62,3.12,3.0,2.62,2.12,3.12,2.0,1.75,2.0,2.38,1.25,2.5,1.75,2.38,1.62,1.62,1.0,3.0,3.0,2.75,2.75,1.0,3.0,1.0
13-2051.00,13-2051,Financial and Investment Analysts,"Conduct quantitative analyses of information involving investment programs or financial data of public or private institutions, including valuation of businesses.",102740.0,361980.0,0.8085774058577406,0.8511966701352758,0.8298870379965082,1.0,5.06,1.78,2.25,5.09,5.54,4.0,,,,,,,,,,,,,,,,,,,,,,,,,,,,,,,,
13-2052.00,13-2052,Personal Financial Advisors,"Advise clients on financial plans using knowledge of tax and investment strategies, securities, insurance, pension plans, and real estate. Duties include assessing clients' assets, liabilities, cash flow, insurance coverage, tax status, and financial objectives. May also buy and sell financial assets for clients.",105070.0,266800.0,0.8242677824267782,0.8147762747138397,0.819522028570309,1.0,3.27,1.69,4.07,5.85,5.61,4.0,6.230899999999999,92.31,3.25,4.12,3.75,3.62,4.12,1.38,4.0,3.88,3.62,3.0,3.0,3.62,2.88,1.88,2.12,3.0,1.0,2.5,1.62,3.38,1.62,1.75,1.0,3.62,3.62,3.38,3.38,1.5,3.0,1.0
13-2053.00,13-2053,Insurance Underwriters,Review individual applications for insurance to evaluate degree of risk involved and determine acceptance of applications.,81370.0,105420.0,0.6809623430962343,0.6399583766909469,0.6604603598935905,1.72,3.64,1.0,2.84,4.5,6.16,4.0,5.3999,73.33,3.12,3.75,3.75,2.88,3.75,1.38,3.62,3.75,3.12,3.0,2.75,3.5,2.0,2.0,2.38,2.75,1.0,1.88,1.88,2.88,1.5,1.12,1.0,3.0,3.0,2.75,2.75,1.62,2.88,1.0
13-2054.00,13-2054,Financial Risk Specialists,"Analyze and measure exposure to credit and market risk threatening the assets, earning capacity, or economic state of an organization. May make recommendations to limit risk.",117330.0,63850.0,0.8734309623430963,0.5400624349635796,0.706746698653338,1.67,4.96,1.31,2.48,4.92,5.36,4.0,,,,,,,,,,,,,,,,,,,,,,,,,,,,,,,,
13-2061.00,13-2061,Financial Examiners,"Enforce or ensure compliance with laws and regulations governing financial and securities institutions and financial and real estate transactions. May examine, verify, or authenticate records.",94160.0,67830.0,0.7447698744769874,0.5567117585848075,0.6507408165308974,1.34,3.6,1.0,2.5,4.63,6.4,4.0,6.173982601739827,100.01,3.62,4.0,4.12,3.62,4.12,1.25,4.0,4.0,3.88,3.62,3.38,3.88,1.75,1.62,3.5,2.88,1.25,2.88,1.75,2.88,1.62,2.0,1.0,3.0,3.62,3.62,3.62,1.38,3.5,1.0
13-2071.00,13-2071,Credit Counselors,"Advise and educate individuals or organizations on acquiring and managing debt. May provide guidance in determining the best type of loan and explain loan requirements or restrictions. May help develop debt management plans or student financial aid packages. May advise on credit issues, or provide budget, mortgage, bankruptcy, or student financial aid counseling.",52230.0,27770.0,0.3368200836820084,0.3673257023933403,0.3520728930376743,1.0,2.65,1.8,4.89,4.73,5.35,4.0,4.0,40.0,3.62,3.88,3.75,3.12,3.88,1.0,4.0,3.75,3.5,3.12,2.88,3.5,1.62,1.12,2.12,3.25,1.0,1.88,1.0,3.38,1.5,1.25,1.0,3.62,3.12,2.88,3.0,1.75,3.12,1.0
13-2072.00,13-2072,Loan Officers,"Evaluate, authorize, or recommend approval of commercial, real estate, or credit loans. Advise borrowers on financial status and payment methods. Includes mortgage loan officers and agents, collection analysts, loan servicing officers, loan underwriters, and payday loan officers.",76690.0,274330.0,0.6150627615062761,0.8189386056191468,0.7170006835627114,1.43,2.32,1.0,3.65,4.98,6.08,4.0,5.3976,69.86,3.12,4.0,3.75,3.25,3.88,1.0,4.0,3.38,3.25,2.88,2.88,3.88,2.12,2.0,2.62,2.88,1.25,1.75,1.88,2.88,1.62,1.5,1.0,3.0,3.25,2.62,2.25,1.88,3.12,1.0
13-2081.00,13-2081,"Tax Examiners and Collectors, and Revenue Agents",Determine tax liability or collect taxes from individuals or business firms according to prescribed laws and regulations.,62370.0,56610.0,0.4602510460251046,0.5171696149843913,0.4887103305047479,1.21,2.47,1.0,3.15,4.38,6.85,3.0,4.627037296270372,37.55,3.25,4.0,3.88,3.25,4.0,1.0,4.0,3.25,3.0,3.0,2.88,3.12,1.88,1.62,2.25,3.0,1.38,1.75,1.75,2.88,1.62,2.0,1.0,2.88,3.0,2.5,2.5,1.5,3.0,1.0
13-2082.00,13-2082,Tax Preparers,Prepare tax returns for individuals or small businesses.,54920.0,76480.0,0.3598326359832636,0.5827263267429761,0.4712794813631198,2.17,2.38,1.0,2.26,3.38,6.79,3.0,3.6190380961903807,23.81,3.12,3.88,3.5,3.0,4.0,1.0,3.12,3.0,2.88,2.75,2.75,3.0,1.75,1.5,2.0,2.5,1.0,1.75,1.12,2.62,1.5,1.62,1.0,3.0,2.88,2.38,2.0,1.38,3.12,1.0
13-2099.00,13-2099,"Financial Specialists, All Other",All financial specialists not listed separately.,81100.0,132130.0,0.6778242677824268,0.6815816857440167,0.6797029767632217,,,,,,,,,,,,,,,,,,,,,,,,,,,,,,,,,,,,,,,
13-2099.01,13-2099,Financial Quantitative Analysts,"Develop quantitative techniques to inform securities investing, equities investing, pricing, or valuation of financial instruments. Develop mathematical or statistical models for risk management, asset optimization, pricing, or relative value analysis.",81100.0,132130.0,0.6778242677824268,0.6815816857440167,0.6797029767632217,1.63,6.67,1.85,1.58,3.45,5.79,5.0,7.45,100.0,3.75,3.75,4.12,4.38,4.0,1.88,3.75,3.5,3.88,3.0,3.0,3.75,2.88,2.0,2.62,2.88,1.12,2.0,2.0,3.12,2.62,1.75,1.0,2.88,3.0,3.25,3.25,1.88,3.0,1.12
13-2099.04,13-2099,"Fraud Examiners, Investigators and Analysts","Obtain evidence, take statements, produce reports, and testify to findings regarding resolution of fraud allegations. May coordinate fraud detection and prevention activities.",81100.0,132130.0,0.6778242677824268,0.6815816857440167,0.6797029767632217,2.01,4.67,1.22,1.95,4.57,5.62,4.0,6.083100000000001,91.66,3.75,4.12,4.0,3.0,4.0,1.0,4.0,4.12,4.0,3.62,3.0,3.88,2.0,2.0,3.0,3.12,1.5,1.25,1.88,3.25,1.75,1.0,1.0,3.0,3.38,2.75,2.62,1.38,3.12,1.0
15-1211.00,15-1211,Computer Systems Analysts,"Analyze science, engineering, business, and other data processing problems to develop and implement solutions to complex applications problems, system administration issues, or network concerns. Perform systems management and integration functions, improve existing computer systems, and review computer system capabilities, workflow, and schedule limitations. May analyze or recommend commercially available software.",105850.0,519530.0,0.8300209205020921,0.9110301768990636,0.8705255487005779,3.27,6.39,1.98,1.91,2.23,5.93,4.0,5.381838183818382,43.35,3.62,3.75,3.75,3.0,3.88,2.25,4.0,3.38,3.38,3.12,2.88,3.62,2.12,2.0,2.88,2.5,2.5,3.0,3.0,2.75,3.25,3.0,1.88,3.0,3.12,3.75,3.75,2.88,3.12,3.12
15-1211.01,15-1211,Health Informatics Specialists,"Apply knowledge of nursing and informatics to assist in the design, development, and ongoing modification of computerized health care systems. May educate staff and assist in problem solving to promote the implementation of the health care system.",105850.0,519530.0,0.8300209205020921,0.9110301768990636,0.8705255487005779,2.84,6.29,1.99,4.52,2.08,4.71,5.0,7.333333333333334,90.47,3.75,4.0,4.0,3.0,4.38,2.12,4.0,4.0,4.12,3.5,3.38,3.88,2.12,2.0,3.12,3.0,1.62,2.75,2.5,3.0,2.88,2.75,1.0,3.12,3.12,3.75,3.75,2.75,3.38,2.12
15-1212.00,15-1212,Information Security Analysts,"Plan, implement, upgrade, or monitor security measures for the protection of computer networks and information. Assess system vulnerabilities for security risks and propose and implement risk mitigation strategies. May ensure appropriate security controls are in place that will safeguard digital files and vital electronic infrastructure. May respond to computer security breaches and viruses.",129180.0,190650.0,0.9121338912133892,0.7669094693028096,0.8395216802580994,3.56,5.4,1.34,2.11,2.85,6.08,4.0,5.8975,77.96,3.25,3.75,3.88,2.25,4.0,1.88,3.62,3.5,3.75,3.0,2.88,3.38,1.75,1.75,2.88,2.62,1.75,2.5,3.0,2.62,2.62,3.0,1.62,2.88,2.75,3.38,3.0,2.12,3.12,2.12
15-1221.00,15-1221,Computer and Information Research Scientists,"Conduct research into fundamental computer and information science as theorists, designers, or inventors. Develop solutions to problems in the field of computer hardware and software.",140300.0,37200.0,0.9320083682008368,0.4401664932362122,0.6860874307185245,3.74,7.0,2.95,2.0,2.49,4.8,5.0,8.025799999999998,91.65,3.5,3.75,4.0,3.38,3.75,3.12,3.5,3.38,4.0,3.0,3.0,4.0,2.5,2.25,2.88,2.5,2.0,3.12,2.62,2.75,3.62,2.38,1.12,2.75,3.0,3.75,3.62,3.12,3.38,2.38
15-1231.00,15-1231,Computer Network Support Specialists,"Analyze, test, troubleshoot, and evaluate existing network systems, such as local area networks (LAN), wide area networks (WAN), cloud networks, servers, and other data communications networks. Perform network maintenance to ensure networks operate correctly with minimal interruption.",76220.0,146190.0,0.6056485355648535,0.704474505723205,0.6550615206440293,4.38,4.61,1.0,2.28,2.64,5.45,4.0,5.100899999999999,50.3,3.25,3.5,3.75,2.12,3.38,1.88,3.25,3.0,3.25,2.75,2.62,3.38,1.5,2.0,2.25,2.25,2.0,1.88,3.0,2.25,2.25,2.88,2.88,2.5,2.88,3.12,3.0,2.12,3.0,3.12
15-1232.00,15-1232,Computer User Support Specialists,"Provide technical assistance to computer users. Answer questions or resolve computer problems for clients in person, via telephone, or electronically. May provide assistance concerning the use of computer hardware and software, including printing, installation, word processing, electronic mail, and operating systems.",61860.0,717190.0,0.4497907949790795,0.9365244536940688,0.693157624336574,4.13,3.77,1.0,3.31,2.36,6.02,3.0,5.0099,51.69,3.12,4.0,3.75,2.25,4.0,1.75,4.0,3.5,3.62,2.88,3.0,3.25,1.62,1.88,2.38,2.38,2.88,2.38,3.0,2.62,2.25,2.88,2.12,3.12,3.12,3.0,2.88,2.0,3.0,3.0
15-1241.00,15-1241,Computer Network Architects,"Design and implement computer and information networks, such as local area networks (LAN), wide area networks (WAN), intranets, extranets, and other data communications networks. Perform network modeling, analysis, and planning, including analysis of capacity needs for network infrastructures. May also design network and computer security measures. May research and recommend network and data communications hardware and software.",134050.0,179740.0,0.9231171548117156,0.754942767950052,0.8390299613808838,4.04,5.28,2.25,2.17,3.2,5.06,4.0,5.3,65.0,3.25,3.75,4.12,3.0,4.0,2.12,3.5,3.62,3.88,3.5,3.0,3.75,2.5,2.38,2.75,3.0,2.62,2.88,3.0,3.0,3.88,3.25,2.12,3.0,3.0,3.75,3.88,3.12,3.12,2.88
15-1241.01,15-1241,Telecommunications Engineering Specialists,"Design or configure wired, wireless, and satellite communications systems for voice, video, and data services. Supervise installation, service, and maintenance.",134050.0,179740.0,0.9231171548117156,0.754942767950052,0.8390299613808838,4.54,4.29,1.9,2.31,3.07,4.95,3.0,5.0951904809519055,42.86,3.38,3.62,3.62,3.0,3.62,1.88,3.25,3.25,3.12,3.0,2.75,3.12,2.25,2.38,2.62,2.75,2.12,2.25,3.12,3.0,2.38,3.0,2.5,3.0,3.12,3.12,3.12,2.62,3.0,2.88
15-1242.00,15-1242,Database Administrators,"Administer, test, and implement computer databases, applying knowledge of database management systems. Coordinate changes to computer databases. Identify, investigate, and resolve database performance issues, database capacity, and database scalability. May plan, coordinate, and implement security measures to safeguard computer databases.",104620.0,69990.0,0.8211297071129707,0.5639958376690947,0.6925627723910327,2.83,4.83,1.2,2.29,2.94,6.61,4.0,5.981600000000001,94.18,3.5,3.75,3.88,3.0,3.75,2.0,3.38,3.25,3.88,3.0,3.0,3.75,1.75,1.88,2.75,2.0,1.5,3.12,2.75,2.62,3.38,2.5,1.12,2.88,2.88,3.12,3.12,2.38,2.88,2.5
15-1243.00,15-1243,Database Architects,"Design strategies for enterprise databases, data warehouse systems, and multidimensional networks. Set standards for database operations, programming, query processes, and security. Model, design, and construct large relational databases or data warehouses. Create and optimize data models for warehouse infrastructure and workflow. Integrate new systems with existing warehouse structure and refine system performance and functionality.",139500.0,67140.0,0.930439330543933,0.5530697190426639,0.7417545247932984,2.63,5.63,2.16,1.91,2.68,6.12,4.0,6.1906,95.24,3.25,3.5,3.88,3.0,3.88,1.88,3.5,3.12,3.88,3.0,2.88,3.88,2.0,2.0,2.5,2.62,1.75,3.12,2.12,2.88,3.38,2.0,1.12,3.0,3.0,3.75,3.25,3.0,3.0,1.88
15-1243.01,15-1243,Data Warehousing Specialists,"Design, model, or implement corporate data warehousing activities. Program and configure warehouses of database information and provide support to warehouse users.",139500.0,67140.0,0.930439330543933,0.5530697190426639,0.7417545247932984,2.93,4.79,1.62,2.03,3.05,6.38,4.0,5.652034796520348,82.61,3.0,3.5,3.88,3.0,3.88,1.88,3.38,3.25,3.62,3.12,2.62,3.38,1.75,1.88,2.12,2.62,1.88,2.75,2.5,2.75,3.75,2.38,1.12,2.62,3.0,3.5,3.25,2.62,2.88,1.62
15-1244.00,15-1244,Network and Computer Systems Administrators,"Install, configure, and maintain an organization's local area network (LAN), wide area network (WAN), data communications network, operating systems, and physical and virtual servers. Perform system monitoring and verify the integrity and availability of hardware, network, and server resources and systems. Review system and application logs and verify completion of scheduled jobs, including system backups. Analyze network and server resource consumption and control user access. Install and upgrade software and maintain software licenses. May assist in network modeling, analysis, planning, and coordination between network and data communications hardware and software.",99130.0,314340.0,0.7792887029288703,0.8314255983350677,0.805357150631969,4.19,4.04,1.0,2.22,3.46,6.18,4.0,5.58054194580542,62.5,3.12,3.75,3.88,3.0,3.88,2.25,3.38,3.12,3.75,3.0,2.88,3.88,2.0,2.75,3.0,2.5,3.0,3.12,3.38,2.75,3.62,3.25,3.0,3.0,3.0,3.88,3.75,2.75,3.12,3.75
15-1251.00,15-1251,Computer Programmers,"Create, modify, and test the code and scripts that allow computer applications to run. Work from specifications drawn up by software and web developers or other individuals. May develop and write computer programs to store, locate, and retrieve specific documents, data, and information.",100390.0,92230.0,0.7866108786610879,0.6129032258064516,0.6997570522337697,3.37,5.1,2.51,1.98,2.09,5.92,4.0,5.8687,88.49000000000001,3.12,3.75,3.75,3.12,3.38,2.75,3.12,3.25,3.75,3.0,2.5,3.25,2.0,2.0,2.62,2.12,1.12,3.12,2.25,2.62,4.75,3.5,1.0,2.25,3.12,3.38,3.12,2.75,3.12,2.25
15-1252.00,15-1252,Software Developers,"Research, design, and develop computer and network software or specialized utility programs. Analyze user needs and develop software solutions, applying principles and techniques of computer science, engineering, and mathematical analysis. Update software or enhance existing software capabilities. May work with computer hardware engineers to integrate hardware and software systems, and develop specifications and performance requirements. May maintain databases within an application area, working individually or coordinating database development as part of a team.",135980.0,1687890.0,0.9278242677824268,0.980228928199792,0.9540265979911092,3.61,6.05,2.37,1.81,1.87,5.62,4.0,5.8725,90.13,3.5,3.38,3.88,2.75,3.5,2.12,3.12,3.25,3.38,3.0,2.88,3.62,1.75,1.62,2.25,2.62,2.0,3.25,2.75,2.75,4.0,2.75,1.12,2.88,2.88,3.5,3.38,3.38,3.12,2.62
15-1253.00,15-1253,Software Quality Assurance Analysts and Testers,"Develop and execute software tests to identify software problems and their causes. Test system modifications to prepare for implementation. Document software and application defects using a bug tracking system and report defects to software or web developers. Create and maintain databases of known defects. May participate in software design reviews to provide input on functional requirements, operational characteristics, product designs, and schedules.",104300.0,186740.0,0.8190376569037657,0.7648283038501561,0.7919329803769609,3.8,5.76,1.69,1.53,1.57,5.67,4.0,5.235423542354236,52.94,3.12,3.88,3.88,2.75,4.0,2.75,3.88,3.75,3.38,3.0,2.62,3.12,1.5,1.5,2.12,2.12,1.88,3.12,3.0,2.5,3.62,3.38,1.12,2.5,2.88,3.12,3.25,2.62,3.0,2.88
15-1254.00,15-1254,Web Developers,"Develop and implement websites, web applications, application databases, and interactive web interfaces. Evaluate code to ensure that it is properly structured, meets industry standards, and is compatible with browsers and devices. Optimize website performance, scalability, and server-side code and processes. May develop website infrastructure and integrate websites with other computer applications.",92650.0,70190.0,0.7353556485355649,0.5650364203954215,0.6501960344654931,2.98,5.01,3.13,2.22,2.96,5.03,3.0,4.74992500749925,50.0,3.5,3.5,3.75,2.75,3.62,2.0,3.25,3.12,3.62,3.0,2.75,3.38,1.75,1.75,2.38,2.75,1.62,3.62,2.25,2.88,4.12,2.75,1.0,2.88,2.88,3.12,3.0,2.5,3.0,2.12
15-1255.00,15-1255,Web and Digital Interface Designers,"Design digital user interfaces or websites. Develop and test layouts, interfaces, functionality, and navigation menus to ensure compatibility and usability across browsers or devices. May use web framework applications as well as client-side code and processes. May evaluate web design following web and accessibility standards, and may analyze web use metrics and optimize websites for marketability and search engine ranking. May design and test interfaces that facilitate the human-computer interaction and maximize the usability of digital devices, websites, and software with a focus on aesthetics and design. May create graphics used in websites and manage website content and links.",104000.0,113330.0,0.8143305439330544,0.658168574401665,0.7362495591673597,2.59,4.88,4.48,2.2,3.13,4.4,4.0,,,,,,,,,,,,,,,,,,,,,,,,,,,,,,,,
15-1255.01,15-1255,Video Game Designers,"Design core features of video games. Specify innovative game and role-play mechanics, story lines, and character biographies. Create and maintain design documentation. Guide and collaborate with production staff to produce games as designed.",104000.0,113330.0,0.8143305439330544,0.658168574401665,0.7362495591673597,2.77,4.15,6.38,2.3,3.92,3.85,4.0,4.6,55.0,3.5,3.88,3.75,2.88,3.75,1.38,3.12,3.25,3.62,3.12,2.88,3.62,1.88,1.88,2.75,3.0,1.0,3.0,2.25,3.0,4.0,2.0,1.0,2.75,3.0,3.38,3.25,3.0,3.38,1.12
15-1299.00,15-1299,"Computer Occupations, All Other",All computer occupations not listed separately.,116580.0,435370.0,0.8676778242677824,0.8891779396462018,0.8784278819569922,,,,,,,,,,,,,,,,,,,,,,,,,,,,,,,,,,,,,,,
15-1299.01,15-1299,Web Administrators,"Manage web environment design, deployment, development and maintenance activities. Perform testing and quality assurance of web sites and web applications.",116580.0,435370.0,0.8676778242677824,0.8891779396462018,0.8784278819569922,2.45,4.41,2.42,2.27,3.77,5.54,4.0,5.35,60.0,3.12,3.75,4.0,2.12,3.88,2.12,3.25,3.25,3.75,3.0,3.0,3.38,2.0,1.88,2.62,2.5,1.75,2.75,2.38,2.5,3.12,3.12,1.12,2.88,2.88,3.25,3.38,2.38,3.0,2.5
15-1299.02,15-1299,Geographic Information Systems Technologists and Technicians,"Assist scientists or related professionals in building, maintaining, modifying, or using geographic information systems (GIS) databases. May also perform some custom application development or provide user support.",116580.0,435370.0,0.8676778242677824,0.8891779396462018,0.8784278819569922,4.26,5.19,2.31,1.93,1.93,5.88,3.0,,,3.0,3.5,3.62,3.0,3.88,2.12,3.5,3.12,3.25,3.0,2.38,3.25,1.62,1.62,2.62,2.12,1.5,1.88,2.12,2.62,2.88,1.38,1.0,2.75,3.0,2.75,2.38,1.88,2.88,1.12
15-1299.03,15-1299,Document Management Specialists,"Implement and administer enterprise-wide document management systems and related procedures that allow organizations to capture, store, retrieve, share, and destroy electronic records and documents.",116580.0,435370.0,0.8676778242677824,0.8891779396462018,0.8784278819569922,1.75,3.89,1.81,2.29,2.93,6.74,4.0,6.1,85.0,3.25,3.75,3.75,2.25,3.88,1.25,3.12,3.75,3.62,3.0,3.0,3.12,2.0,2.0,2.75,2.75,1.0,2.25,2.0,2.88,2.5,1.75,1.0,3.0,3.0,3.62,3.25,2.12,3.12,1.0
15-1299.04,15-1299,Penetration Testers,Evaluate network system security by conducting simulated internal and external cyberattacks using adversary tools and techniques. Attempt to breach and exploit critical systems and gain access to sensitive information to assess system security.,116580.0,435370.0,0.8676778242677824,0.8891779396462018,0.8784278819569922,3.91,5.19,1.31,1.99,2.1,5.18,4.0,,,,,,,,,,,,,,,,,,,,,,,,,,,,,,,,
15-1299.05,15-1299,Information Security Engineers,"Develop and oversee the implementation of information security procedures and policies. Build, maintain and upgrade security technology, such as firewalls, for the safe use of computer networks and the transmission and retrieval of information. Design and implement appropriate security controls to identify vulnerabilities and protect digital files and electronic infrastructures. Monitor and respond to computer security breaches, viruses, and intrusions, and perform forensic investigation. May oversee the assessment of information security systems.",116580.0,435370.0,0.8676778242677824,0.8891779396462018,0.8784278819569922,4.3,5.54,1.33,1.83,2.66,6.06,4.0,4.894799999999999,52.63,3.25,3.88,4.0,2.38,4.12,1.75,3.5,3.62,3.25,3.0,3.12,3.25,2.0,2.0,2.62,2.75,2.12,2.0,3.12,2.88,3.12,3.38,1.88,2.62,3.0,3.38,3.38,2.38,2.88,2.5
15-1299.06,15-1299,Digital Forensics Analysts,"Conduct investigations on computer-based crimes establishing documentary or physical evidence, such as digital media and logs associated with cyber intrusion incidents. Analyze digital evidence and investigate computer security incidents to derive information in support of system and network vulnerability mitigation. Preserve and present computer-related evidence in support of criminal, fraud, counterintelligence, or law enforcement investigations.",116580.0,435370.0,0.8676778242677824,0.8891779396462018,0.8784278819569922,3.2,6.11,1.69,1.65,2.71,6.03,4.0,,,,,,,,,,,,,,,,,,,,,,,,,,,,,,,,
15-1299.07,15-1299,Blockchain Engineers,"Maintain and support distributed and decentralized blockchain-based networks or block-chain applications such as cryptocurrency exchange, payment processing, document sharing, and digital voting. Design and deploy secure block-chain design patterns and solutions over geographically distributed networks using advanced technologies. May assist with infrastructure setup and testing for application transparency and security.",116580.0,435370.0,0.8676778242677824,0.8891779396462018,0.8784278819569922,3.4,5.28,2.07,1.57,3.39,5.69,4.0,,,,,,,,,,,,,,,,,,,,,,,,,,,,,,,,
15-1299.08,15-1299,Computer Systems Engineers/Architects,"Design and develop solutions to complex applications problems, system administration issues, or network concerns. Perform systems management and integration functions.",116580.0,435370.0,0.8676778242677824,0.8891779396462018,0.8784278819569922,4.1,5.46,1.88,2.1,3.03,5.76,3.0,4.500149985001499,27.28,3.62,4.0,4.0,3.0,4.0,3.0,3.88,3.88,3.75,3.0,3.0,3.38,2.12,2.0,3.0,2.75,2.0,3.75,3.0,2.88,3.5,3.12,1.75,3.0,3.0,3.88,3.88,2.5,3.0,2.5
15-1299.09,15-1299,Information Technology Project Managers,"Plan, initiate, and manage information technology (IT) projects. Lead and guide the work of technical staff. Serve as liaison between business and technical aspects of projects. Plan project stages and assess business implications for each stage. Monitor progress to assure deadlines, standards, and cost targets are met.",116580.0,435370.0,0.8676778242677824,0.8891779396462018,0.8784278819569922,1.73,3.87,1.77,2.67,5.91,5.31,4.0,5.857200000000001,66.67,3.38,4.0,4.12,2.88,4.0,2.12,3.88,4.0,3.38,4.0,3.12,3.62,3.12,3.12,3.88,3.38,1.12,2.38,2.25,3.12,2.25,2.5,1.0,3.25,3.38,3.75,3.5,2.12,4.0,1.5
15-2011.00,15-2011,Actuaries,"Analyze statistical data, such as mortality, accident, sickness, disability, and retirement rates and construct probability tables to forecast risk and liability for payment of future benefits. May ascertain insurance rates required and cash reserves necessary to ensure payment of future benefits.",130000.0,26670.0,0.9131799163179916,0.3621227887617065,0.6376513525398491,1.78,4.45,1.13,2.49,3.33,6.29,4.0,6.535553555355536,99.99,3.25,4.0,4.25,4.25,4.25,2.0,3.88,3.5,4.0,3.0,2.75,4.25,2.62,2.0,2.88,2.75,1.0,3.0,2.0,2.88,2.12,1.88,1.0,3.0,3.0,3.88,4.0,1.88,3.0,1.0
15-2021.00,15-2021,Mathematicians,"Conduct research in fundamental mathematics or in application of mathematical techniques to science, management, and other fields. Solve problems in various fields using mathematical methods.",126710.0,2030.0,0.9079497907949792,0.0249739854318418,0.4664618881134104,3.22,7.0,3.23,1.95,1.11,5.03,5.0,9.7,100.0,4.0,3.38,4.12,5.0,4.0,3.62,3.25,3.62,4.0,2.88,3.0,3.75,1.62,1.62,2.0,2.0,1.0,2.5,1.38,2.75,2.5,1.5,1.0,2.0,2.88,3.0,3.0,1.62,2.75,1.0
15-2031.00,15-2031,Operations Research Analysts,"Formulate and apply mathematical modeling and other optimizing methods to develop and interpret information that assists management with decisionmaking, policy formulation, or other managerial functions. May collect and analyze data and develop decision support software, services, or products. May develop and supply optimal time, cost, or logistics networks for program evaluation, review, or implementation.",88940.0,108510.0,0.7175732217573222,0.6451612903225806,0.6813672560399514,1.9,6.26,2.18,2.02,3.14,5.76,5.0,7.666900000000001,100.0,3.88,4.0,4.0,4.5,4.0,3.25,4.0,4.0,4.12,3.12,3.0,3.88,1.88,1.88,2.62,2.12,1.12,3.75,1.88,2.88,2.62,1.88,1.0,2.75,2.88,3.88,3.88,1.75,3.12,1.25
15-2041.00,15-2041,Statisticians,"Develop or apply mathematical or statistical theory and methods to collect, organize, interpret, and summarize numerical data to provide usable information. May specialize in fields such as biostatistics, agricultural statistics, business statistics, or economic statistics. Includes mathematical and survey statisticians.",105650.0,29030.0,0.8268828451882845,0.3792924037460978,0.6030876244671911,2.14,6.58,1.77,1.71,1.82,6.03,5.0,7.856985698569858,90.47,3.75,3.88,4.0,4.88,4.0,3.5,3.88,3.75,3.88,2.88,2.88,3.38,1.88,1.75,2.25,2.0,1.0,2.88,1.88,2.5,3.0,2.0,1.0,2.25,2.75,3.0,3.0,1.62,3.0,1.0
15-2041.01,15-2041,Biostatisticians,Develop and apply biostatistical theory and methods to the study of life sciences.,105650.0,29030.0,0.8268828451882845,0.3792924037460978,0.6030876244671911,2.43,7.0,2.8,3.11,1.98,4.4,5.0,8.6251,100.0,4.0,3.88,4.0,4.62,4.0,4.0,4.0,3.88,4.0,3.0,3.12,4.0,1.75,1.75,2.75,2.0,1.12,3.0,1.62,2.75,3.38,1.75,1.0,2.75,2.88,3.12,3.12,1.62,3.0,1.0
15-2051.00,15-2051,Data Scientists,"Develop and implement a set of techniques or analytics applications to transform raw data into meaningful information using data-oriented programming languages and visualization software. Apply data mining, data modeling, natural language processing, and machine learning to extract and analyze information from large structured and unstructured datasets. Visualize, interpret, and report data findings. May create dynamic data reports.",120230.0,262440.0,0.8776150627615062,0.8106139438085328,0.8441145032850195,2.17,6.98,2.61,1.66,1.71,5.39,4.0,,,,,,,,,,,,,,,,,,,,,,,,,,,,,,,,
15-2051.01,15-2051,Business Intelligence Analysts,Produce financial and market intelligence by querying data repositories and generating periodic reports. Devise methods for identifying data patterns and trends in available information sources.,120230.0,262440.0,0.8776150627615062,0.8106139438085328,0.8441145032850195,1.24,5.41,1.93,1.85,4.42,5.79,4.0,6.454554544545545,95.46,3.88,3.88,3.88,3.5,4.0,1.62,3.88,3.75,3.38,3.0,3.0,3.62,1.88,1.75,2.12,2.5,1.38,1.88,1.75,2.88,2.5,2.0,1.0,2.88,2.88,3.12,3.12,1.62,3.12,1.0
15-2051.02,15-2051,Clinical Data Managers,"Apply knowledge of health care and database management to analyze clinical data, and to identify and report trends.",120230.0,262440.0,0.8776150627615062,0.8106139438085328,0.8441145032850195,1.25,5.66,1.27,2.82,3.3,6.58,4.0,6.1,95.0,3.62,3.88,4.0,3.5,3.88,2.38,3.88,3.75,3.5,3.38,3.0,3.25,1.88,1.88,3.0,2.5,1.75,2.75,2.12,2.75,3.25,2.5,1.0,2.75,3.12,3.25,3.12,1.75,3.38,1.62
15-2099.00,15-2099,"Mathematical Science Occupations, All Other",All mathematical scientists not listed separately.,81490.0,3720.0,0.6846234309623431,0.0613943808532778,0.3730089059078105,,,,,,,,,,,,,,,,,,,,,,,,,,,,,,,,,,,,,,,
15-2099.01,15-2099,Bioinformatics Technicians,"Apply principles and methods of bioinformatics to assist scientists in areas such as pharmaceuticals, medical technology, biotechnology, computational biology, proteomics, computer information science, biology and medical informatics. Apply bioinformatics tools to visualize, analyze, manipulate or interpret molecular data. May build and maintain databases for processing and analyzing genomic or other biological information.",81490.0,3720.0,0.6846234309623431,0.0613943808532778,0.3730089059078105,3.81,6.42,1.58,1.69,1.0,6.04,4.0,7.1566,100.0,3.5,3.5,3.5,3.38,3.75,3.12,3.38,3.5,3.5,2.88,2.88,3.5,1.62,1.62,2.62,2.5,1.12,2.12,2.62,2.75,3.12,2.25,1.12,2.5,2.88,3.25,3.0,2.12,3.0,1.12
17-1011.00,17-1011,"Architects, Except Landscape and Naval","Plan and design structures, such as private residences, office buildings, theaters, factories, and other structural property.",99280.0,106770.0,0.7803347280334728,0.6409989594172737,0.7106668437253733,4.92,3.88,4.13,2.53,3.65,4.44,5.0,7.428599999999999,95.24,3.62,3.88,4.0,3.5,4.0,2.88,4.0,3.88,3.75,3.5,3.0,3.75,2.75,2.75,3.0,3.12,1.88,4.0,2.25,3.12,1.88,3.12,1.0,2.88,3.25,3.5,3.38,2.0,3.0,1.88
17-1012.00,17-1012,Landscape Architects,"Plan and design land areas for projects such as parks and other recreational facilities, airports, highways, hospitals, schools, land subdivisions, and commercial, industrial, and residential sites.",79870.0,19600.0,0.6574267782426778,0.2903225806451613,0.4738746794439196,5.42,4.73,4.68,2.67,3.65,3.7,4.0,6.2,100.0,3.5,4.12,3.88,3.12,4.12,2.75,4.12,3.62,3.88,3.75,3.0,3.75,2.88,2.88,3.0,3.12,2.0,3.75,2.0,3.12,1.5,2.5,1.0,3.25,3.62,3.12,3.12,1.75,3.5,1.75
17-1021.00,17-1021,Cartographers and Photogrammetrists,"Research, study, and prepare maps and other spatial data in digital or graphic form for one or more purposes, such as legal, social, political, educational, and design purposes. May work with Geographic Information Systems (GIS). May design and evaluate algorithms, data structures, and user interfaces for GIS and mapping systems. May collect, analyze, and interpret geographic information provided by geodetic surveys, aerial photographs, and satellite data.",81390.0,14260.0,0.6820083682008368,0.2258064516129032,0.45390740990687,4.62,5.18,3.55,1.78,1.64,5.34,4.0,4.8386000000000005,42.49,3.25,3.38,3.5,2.88,4.0,1.88,3.12,3.5,3.12,3.0,2.75,3.12,1.62,1.62,2.25,2.38,1.38,1.62,1.88,2.38,1.88,2.12,1.25,2.75,3.0,2.88,2.75,1.62,3.0,1.75
17-1022.00,17-1022,Surveyors,"Make exact measurements and determine property boundaries. Provide data relevant to the shape, contour, gravitation, location, elevation, or dimension of land or land features on or near the earth's surface for engineering, mapmaking, mining, land evaluation, construction, and other purposes.",75440.0,50830.0,0.5957112970711297,0.4916753381893861,0.5436933176302579,5.25,4.73,2.12,1.63,1.88,5.29,4.0,4.6843,47.37,3.25,3.5,3.75,4.0,3.88,2.62,3.62,3.75,3.12,3.5,3.0,3.25,1.75,1.88,2.88,2.5,2.75,1.88,2.75,2.5,1.38,2.5,1.88,2.75,3.0,3.0,2.75,1.62,3.12,1.88
17-1022.01,17-1022,Geodetic Surveyors,"Measure large areas of the Earth's surface using satellite observations, global navigation satellite systems (GNSS), light detection and ranging (LIDAR), or related sources.",75440.0,50830.0,0.5957112970711297,0.4916753381893861,0.5436933176302579,5.5,5.4,1.54,1.74,1.61,5.29,4.0,5.851970394078816,88.88000000000001,3.38,3.88,3.88,4.12,4.0,3.12,3.38,3.62,3.75,3.0,3.0,3.62,1.75,1.75,2.75,2.0,2.75,1.88,2.75,2.25,2.38,2.88,1.88,2.75,2.75,3.12,3.12,1.75,2.88,1.88
17-2011.00,17-2011,Aerospace Engineers,"Perform engineering duties in designing, constructing, and testing aircraft, missiles, and spacecraft. May conduct basic and applied research to evaluate adaptability of materials and equipment to aircraft design and manufacture. May recommend improvements in testing equipment and techniques.",134960.0,67710.0,0.9246861924686192,0.5556711758584808,0.74017868416355,5.65,6.05,2.35,1.25,2.52,4.44,4.0,6.590699999999999,92.39,3.62,3.88,4.12,3.88,4.0,4.0,3.88,3.88,3.88,3.25,3.0,3.75,1.88,1.75,2.75,3.0,1.25,3.88,2.88,3.12,2.12,3.25,1.0,2.88,3.0,3.38,3.5,3.25,3.25,2.0
17-2021.00,17-2021,Agricultural Engineers,"Apply knowledge of engineering technology and biological science to agricultural problems concerned with power and machinery, electrification, structures, soil and water conservation, and processing of agricultural products.",98590.0,1480.0,0.7698744769874477,0.0192507804370447,0.3945626287122462,6.65,6.29,2.19,1.73,2.31,3.77,4.0,6.65,95.0,3.25,4.0,3.88,3.75,4.0,3.38,4.0,4.0,3.88,3.12,3.0,3.88,2.25,2.0,3.0,2.75,2.62,3.0,3.12,2.88,2.0,2.5,1.88,2.75,3.12,3.75,3.88,2.75,3.0,2.12
17-2031.00,17-2031,Bioengineers and Biomedical Engineers,"Apply knowledge of engineering, biology, chemistry, computer science, and biomechanical principles to the design, development, and evaluation of biological, agricultural, and health systems and products, such as artificial organs, prostheses, instrumentation, medical information systems, and health management and care delivery systems.",109370.0,23480.0,0.8441422594142259,0.3366285119667013,0.5903853856904636,5.44,6.75,2.11,2.45,1.84,4.48,4.0,7.9127,95.65,3.75,4.0,3.88,3.88,4.0,3.88,4.0,4.0,3.88,3.0,3.12,3.88,2.12,2.25,3.0,2.88,2.0,3.75,2.88,2.75,3.12,3.12,2.5,2.88,3.0,3.62,3.5,3.38,3.12,2.88
17-2041.00,17-2041,Chemical Engineers,"Design chemical plant equipment and devise processes for manufacturing chemicals and products, such as gasoline, synthetic rubber, plastics, detergents, cement, paper, and pulp, by applying principles and technology of chemistry, physics, and engineering.",125040.0,21070.0,0.899581589958159,0.3059313215400624,0.6027564557491107,6.27,5.75,1.8,1.02,1.85,4.54,4.0,6.174,100.0,3.88,3.25,4.12,3.75,4.0,4.12,3.5,3.12,4.0,3.0,3.0,3.88,2.38,2.5,2.75,2.88,2.0,3.62,3.0,2.88,2.25,3.0,1.0,2.75,3.0,3.88,3.88,2.88,3.0,2.88
17-2051.00,17-2051,Civil Engineers,"Perform engineering duties in planning, designing, and overseeing construction and maintenance of building structures and facilities, such as roads, railroads, airports, bridges, harbors, channels, dams, irrigation projects, pipelines, power plants, and water and sewage systems.",100840.0,367840.0,0.7897489539748954,0.8574401664932362,0.8235945602340657,6.43,5.15,2.21,1.69,2.66,4.61,4.0,6.238023802380239,99.99,3.25,4.0,3.88,3.88,3.88,3.75,3.88,3.25,3.88,3.12,3.0,3.38,2.88,2.88,3.0,3.0,1.38,3.62,2.12,3.0,1.88,2.25,1.62,3.0,3.0,3.75,3.12,2.25,3.75,1.5
17-2051.01,17-2051,Transportation Engineers,"Develop plans for surface transportation projects, according to established engineering standards and state or federal construction policy. Prepare designs, specifications, or estimates for transportation facilities. Plan modifications of existing streets, highways, or freeways to improve traffic flow.",100840.0,367840.0,0.7897489539748954,0.8574401664932362,0.8235945602340657,5.37,5.08,2.13,1.97,3.09,4.41,4.0,6.091,90.91,3.25,3.75,4.0,3.88,4.0,3.0,4.0,4.0,3.88,3.62,3.0,3.88,2.75,2.88,3.25,3.12,2.0,3.38,2.0,3.12,1.88,2.62,1.0,3.0,2.88,3.75,3.75,2.75,3.88,2.0
17-2051.02,17-2051,Water/Wastewater Engineers,"Design or oversee projects involving provision of potable water, disposal of wastewater and sewage, or prevention of flood-related damage. Prepare environmental documentation for water resources, regulatory program compliance, data management and analysis, and field work. Perform hydraulic modeling and pipeline design.",100840.0,367840.0,0.7897489539748954,0.8574401664932362,0.8235945602340657,5.62,5.35,1.85,1.76,2.9,4.53,4.0,6.695730426957304,100.01,3.25,3.88,4.0,3.88,4.0,3.5,3.75,4.0,3.88,3.12,3.12,4.0,2.25,2.12,3.25,3.0,2.12,3.25,2.88,3.0,2.12,2.62,1.0,3.0,3.0,3.88,3.88,2.88,3.75,2.12
17-2061.00,17-2061,Computer Hardware Engineers,"Research, design, develop, or test computer or computer-related equipment for commercial, industrial, military, or scientific use. May supervise the manufacturing and installation of computer or computer-related equipment and components.",161740.0,76660.0,0.9539748953974896,0.5837669094693028,0.7688709024333962,5.69,5.56,1.83,1.82,1.98,5.37,4.0,7.034496550344966,93.11,3.75,3.88,4.0,3.25,4.0,2.88,3.88,3.88,3.88,3.12,3.0,3.62,1.75,1.88,2.62,2.25,1.75,3.38,3.0,2.62,2.5,2.88,2.12,2.62,2.75,3.38,3.38,2.62,3.12,2.62
17-2071.00,17-2071,Electrical Engineers,"Research, design, develop, test, or supervise the manufacturing and installation of electrical equipment, components, or systems for commercial, industrial, military, or scientific use.",120630.0,198750.0,0.8797071129707112,0.7731529656607701,0.8264300393157407,6.02,5.45,2.12,1.72,2.44,4.43,4.0,6.0364,88.96000000000001,3.88,3.88,4.0,3.38,4.0,3.0,3.88,4.12,3.88,3.25,3.0,3.25,2.38,2.25,3.0,2.75,1.38,3.12,2.88,2.88,2.12,3.0,2.0,2.75,3.0,3.25,3.25,2.25,3.0,2.75
17-2072.00,17-2072,"Electronics Engineers, Except Computer","Research, design, develop, or test electronic components and systems for commercial, industrial, military, or scientific use employing knowledge of electronic theory and materials properties. Design electronic circuits and components for use in fields such as telecommunications, aerospace guidance and propulsion control, acoustics, or instruments and controls.",130220.0,96900.0,0.915794979079498,0.6238293444328824,0.7698121617561902,6.24,5.81,2.03,1.59,1.62,4.68,4.0,5.919699999999999,86.19,3.12,3.75,4.0,3.5,4.0,3.0,3.88,3.5,4.0,3.0,3.0,3.75,2.0,2.75,2.75,2.75,2.88,3.25,3.0,2.88,2.75,3.12,2.75,2.88,2.88,3.75,3.38,3.0,2.75,3.0
17-2072.01,17-2072,Radio Frequency Identification Device Specialists,Design and implement radio frequency identification device (RFID) systems used to track shipments or goods.,130220.0,96900.0,0.915794979079498,0.6238293444328824,0.7698121617561902,5.08,4.85,1.41,1.54,1.56,5.31,4.0,5.846500000000001,84.28,3.12,3.75,3.88,2.62,3.62,2.0,3.75,3.25,3.38,3.12,3.0,3.38,1.88,1.88,2.75,2.5,2.25,2.62,2.75,2.88,2.5,2.75,2.0,2.75,3.0,3.25,2.88,2.5,3.0,2.38
17-2081.00,17-2081,Environmental Engineers,"Research, design, plan, or perform engineering duties in the prevention, control, and remediation of environmental hazards using various engineering disciplines. Work may include waste treatment, site remediation, or pollution control technology.",107110.0,38340.0,0.8389121338912134,0.445369406867846,0.6421407703795297,5.17,6.1,1.96,2.22,3.17,4.59,4.0,6.571457145714571,95.23,3.75,4.0,4.0,3.38,4.0,3.38,4.0,4.0,3.88,3.75,3.0,3.88,2.25,2.25,2.75,3.0,2.0,2.5,2.62,3.0,1.62,2.62,1.0,2.88,3.0,3.25,3.25,1.62,3.25,1.62
17-2111.00,17-2111,"Health and Safety Engineers, Except Mining Safety Engineers and Inspectors","Promote worksite or product safety by applying knowledge of industrial processes, mechanics, chemistry, psychology, and industrial health and safety laws. Includes industrial product safety engineers.",115160.0,21450.0,0.8582635983263598,0.3121748178980228,0.5852192081121913,5.36,5.63,1.04,2.17,2.27,4.68,4.0,,,3.25,3.75,3.75,2.88,4.0,2.5,3.62,3.75,3.62,3.0,3.38,3.62,1.88,1.88,2.62,3.0,2.25,1.75,2.62,3.0,1.88,2.62,1.0,3.12,3.12,3.62,3.5,1.88,3.12,2.0
17-2111.02,17-2111,Fire-Prevention and Protection Engineers,"Research causes of fires, determine fire protection methods, and design or recommend materials or equipment such as structural components or fire-detection equipment to assist organizations in safeguarding life and property against fire, explosion, and related hazards.",115160.0,21450.0,0.8582635983263598,0.3121748178980228,0.5852192081121913,6.33,5.19,1.47,2.84,2.8,4.47,4.0,6.269446110777845,96.17,3.88,3.88,4.25,3.12,4.0,3.62,4.0,3.88,4.0,3.12,3.12,4.0,2.62,2.75,3.12,3.0,1.75,3.75,2.88,3.12,1.62,3.38,1.0,3.0,3.12,3.88,3.88,3.0,3.38,2.75
17-2112.00,17-2112,Industrial Engineers,"Design, develop, test, and evaluate integrated systems for managing industrial production processes, including human work factors, quality control, inventory control, logistics and material flow, cost analysis, and production coordination.",102440.0,365740.0,0.8059623430962343,0.8537981269510926,0.8298802350236634,4.96,4.99,1.58,1.37,3.29,5.35,4.0,5.6218,74.07,3.25,4.0,4.0,3.25,4.0,2.12,3.88,3.75,3.88,3.12,3.0,3.12,2.12,2.5,2.88,2.38,2.25,2.5,2.38,2.62,1.88,2.25,1.0,2.75,3.0,3.25,3.25,2.12,3.0,2.0
17-2112.01,17-2112,Human Factors Engineers and Ergonomists,"Design objects, facilities, and environments to optimize human well-being and overall system performance, applying theory, principles, and data regarding the relationship between humans and respective technology. Investigate and analyze characteristics of human behavior and performance as it relates to the use of technology.",102440.0,365740.0,0.8059623430962343,0.8537981269510926,0.8298802350236634,4.54,6.21,2.65,2.15,2.59,4.4,5.0,7.1,100.0,3.75,4.0,4.0,3.5,4.0,3.25,4.0,4.0,4.0,3.0,3.12,3.62,2.0,1.88,2.88,2.88,1.62,3.25,2.25,2.88,2.25,2.62,1.0,3.0,3.38,3.25,3.62,3.12,3.12,2.0
17-2112.02,17-2112,Validation Engineers,"Design or plan protocols for equipment or processes to produce products meeting internal and external purity, safety, and quality requirements.",102440.0,365740.0,0.8059623430962343,0.8537981269510926,0.8298802350236634,4.85,5.56,1.48,1.43,2.02,5.07,4.0,6.05,95.0,3.25,3.88,4.0,3.12,4.12,3.75,4.0,4.0,3.75,3.0,2.75,3.12,1.75,2.0,2.75,2.75,2.12,3.0,3.12,2.88,1.88,3.0,1.12,2.75,3.12,3.12,3.12,1.88,3.0,2.25
17-2112.03,17-2112,Manufacturing Engineers,"Design, integrate, or improve manufacturing systems or related processes. May work with commercial or industrial designers to refine product designs to increase producibility and decrease costs.",102440.0,365740.0,0.8059623430962343,0.8537981269510926,0.8298802350236634,5.27,4.53,2.22,1.6,3.09,4.41,4.0,5.92,80.0,3.62,3.88,3.75,4.0,4.0,3.12,3.88,3.75,4.0,3.0,3.12,3.88,2.88,3.0,2.88,3.0,2.62,3.25,3.88,3.12,1.88,3.25,2.62,3.0,3.0,3.75,3.75,3.62,3.5,3.5
17-2121.00,17-2121,Marine Engineers and Naval Architects,"Design, develop, and evaluate the operation of marine vessels, ship machinery, and related equipment, such as power supply and propulsion systems.",112230.0,8250.0,0.852510460251046,0.1259105098855359,0.4892104850682909,5.74,5.71,2.62,1.27,3.26,4.31,4.0,5.4739,63.16,3.5,3.75,4.12,3.62,3.88,3.5,3.75,3.75,4.12,3.38,2.88,3.75,2.5,2.62,3.0,2.62,3.0,3.0,3.5,2.75,2.25,3.38,2.5,2.88,3.0,3.38,3.38,2.5,3.5,2.88
17-2131.00,17-2131,Materials Engineers,"Evaluate materials and develop machinery and processes to manufacture materials for use in products that must meet specialized design and performance specifications. Develop new uses for known materials. Includes those engineers working with composite materials or specializing in one type of material, such as graphite, metal and metal alloys, ceramics and glass, plastics and polymers, and naturally occurring materials. Includes metallurgists and metallurgical engineers, ceramic engineers, and welding engineers.",112860.0,22770.0,0.8535564853556485,0.3309053069719043,0.5922308961637764,5.88,5.82,2.54,1.38,2.06,4.11,4.0,8.19031903190319,99.99,3.25,4.0,3.88,3.75,4.0,4.0,3.75,3.75,4.0,3.0,3.12,3.25,2.12,2.62,3.0,3.0,2.25,3.12,3.0,3.0,1.88,3.12,1.5,3.12,3.0,3.12,3.0,2.62,3.0,2.25
17-2141.00,17-2141,Mechanical Engineers,"Perform engineering duties in planning and designing tools, engines, machines, and other mechanically functioning equipment. Oversee installation, operation, maintenance, and repair of equipment such as centralized heat, gas, water, and steam systems.",104110.0,296810.0,0.8169456066945606,0.8272632674297606,0.8221044370621606,6.39,5.12,2.02,1.22,1.97,4.83,4.0,5.2356,52.78,3.5,3.88,3.88,3.75,3.88,3.75,3.38,3.38,3.75,3.0,2.88,3.75,2.5,2.38,2.88,2.62,2.75,3.5,3.12,2.75,2.38,3.12,1.88,2.88,2.88,3.38,3.38,3.12,3.0,2.88
17-2141.01,17-2141,Fuel Cell Engineers,"Design, evaluate, modify, or construct fuel cell components or systems for transportation, stationary, or portable applications.",104110.0,296810.0,0.8169456066945606,0.8272632674297606,0.8221044370621606,5.53,5.37,1.83,1.44,2.51,4.06,4.0,6.857200000000001,100.0,3.62,3.62,4.0,3.5,4.0,3.75,3.75,3.75,3.25,3.0,3.0,3.62,1.75,2.5,2.5,2.62,2.75,3.0,3.12,2.75,2.5,3.12,2.38,2.62,2.88,3.62,3.62,2.88,3.0,3.0
17-2141.02,17-2141,Automotive Engineers,"Develop new or improved designs for vehicle structural members, engines, transmissions, or other vehicle systems, using computer-assisted design technology. Direct building, modification, or testing of vehicle or components.",104110.0,296810.0,0.8169456066945606,0.8272632674297606,0.8221044370621606,6.17,5.67,2.55,1.37,2.13,4.06,4.0,6.523799999999999,95.24,3.38,3.75,4.12,3.88,4.0,3.25,3.88,3.88,4.12,3.5,3.0,3.88,2.0,2.0,3.0,3.0,2.12,3.75,2.88,3.12,2.75,3.0,1.0,2.88,3.0,3.75,3.75,3.12,3.25,2.0
17-2151.00,17-2151,"Mining and Geological Engineers, Including Mining Safety Engineers","Conduct subsurface surveys to identify the characteristics of potential land or mining development sites. May specify the ground support systems, processes, and equipment for safe, economical, and environmentally sound extraction or underground construction activities. May inspect areas for unsafe geological conditions, equipment, and working conditions. May design, implement, and coordinate mine safety programs.",106220.0,6080.0,0.8347280334728033,0.0967741935483871,0.4657511135105952,6.08,5.58,1.55,1.84,2.75,4.64,4.0,6.207299999999999,98.72,3.5,3.88,4.0,3.75,4.0,3.5,4.0,4.0,4.12,3.5,3.12,4.0,2.88,3.0,3.0,2.88,2.0,3.12,3.0,2.88,2.62,2.88,1.0,2.62,2.88,3.75,3.75,2.5,3.38,1.88
17-2161.00,17-2161,Nuclear Engineers,"Conduct research on nuclear engineering projects or apply principles and theory of nuclear science to problems concerned with release, control, and use of nuclear energy and nuclear waste disposal.",133970.0,15280.0,0.9205020920502092,0.2424557752341311,0.5814789336421702,4.92,6.44,2.05,1.89,2.53,4.48,4.0,6.381,100.0,3.88,4.0,4.12,4.0,4.0,4.12,3.75,4.0,4.0,3.62,3.0,4.0,2.12,2.12,2.75,3.0,2.25,3.75,3.62,3.12,1.88,3.25,1.62,2.88,2.88,3.75,3.75,2.88,3.5,3.12
17-2171.00,17-2171,Petroleum Engineers,Devise methods to improve oil and gas extraction and production and determine the need for new or modified tool designs. Oversee drilling and offer technical advice.,144910.0,18060.0,0.942468619246862,0.2726326742976067,0.6075506467722342,5.37,5.33,1.92,1.78,3.04,4.32,4.0,6.2691,92.45,3.75,3.88,4.0,3.25,4.0,3.38,3.88,3.88,3.88,3.62,3.0,3.88,2.5,2.75,2.88,2.88,2.12,2.25,2.88,3.0,1.88,2.62,1.0,3.0,3.62,3.88,3.88,2.25,3.62,2.25
17-2199.00,17-2199,"Engineers, All Other",All engineers not listed separately.,122930.0,154070.0,0.8880753138075314,0.7190426638917794,0.8035589888496554,,,,,,,,,,,,,,,,,,,,,,,,,,,,,,,,,,,,,,,
17-2199.03,17-2199,"Energy Engineers, Except Wind and Solar","Design, develop, or evaluate energy-related projects or programs to reduce energy costs or improve energy efficiency during the designing, building, or remodeling stages of construction. May specialize in electrical systems; heating, ventilation, and air-conditioning (HVAC) systems; green buildings; lighting; air quality; or energy procurement.",122930.0,154070.0,0.8880753138075314,0.7190426638917794,0.8035589888496554,5.2,4.69,2.03,2.24,3.09,4.4,4.0,6.5003999200159965,86.38,3.75,3.88,4.0,3.75,4.12,3.62,3.75,3.88,3.88,3.0,3.0,3.5,2.25,2.25,2.75,2.88,2.12,3.38,2.62,3.0,2.0,2.5,1.0,3.0,3.25,3.88,3.5,2.12,3.12,2.0
17-2199.05,17-2199,Mechatronics Engineers,"Research, design, develop, or test automation, intelligent systems, smart devices, or industrial systems control.",122930.0,154070.0,0.8880753138075314,0.7190426638917794,0.8035589888496554,5.68,5.55,2.43,1.58,1.72,4.84,4.0,5.458754124587542,67.34,3.12,3.62,3.75,3.38,3.75,3.12,3.5,3.75,3.88,3.0,3.0,3.88,2.0,2.0,2.75,2.62,3.0,3.12,3.12,2.88,2.5,3.0,1.38,2.88,2.75,3.25,3.38,3.12,3.0,2.25
17-2199.06,17-2199,Microsystems Engineers,"Research, design, develop, or test microelectromechanical systems (MEMS) devices.",122930.0,154070.0,0.8880753138075314,0.7190426638917794,0.8035589888496554,5.48,6.19,1.93,1.55,1.4,4.91,5.0,7.902,99.7,3.5,4.0,4.0,3.38,4.0,3.62,3.62,3.75,3.88,3.0,3.12,3.62,2.25,2.38,2.88,3.0,2.62,3.0,3.25,2.88,2.62,3.12,2.0,3.0,3.0,3.75,3.5,2.38,3.5,2.5
17-2199.07,17-2199,Photonics Engineers,"Design technologies specializing in light information or light energy, such as laser or fiber optics technology.",122930.0,154070.0,0.8880753138075314,0.7190426638917794,0.8035589888496554,5.9,5.88,2.8,1.39,1.7,3.96,4.0,6.9524,95.24,3.62,3.75,4.0,3.62,3.88,3.5,3.62,3.88,3.38,3.0,3.0,3.38,1.75,2.0,2.62,2.5,2.88,3.25,2.88,2.62,2.25,3.0,2.62,2.5,2.75,3.12,3.12,3.25,2.88,2.75
17-2199.08,17-2199,Robotics Engineers,"Research, design, develop, or test robotic applications.",122930.0,154070.0,0.8880753138075314,0.7190426638917794,0.8035589888496554,6.18,5.61,1.79,1.49,1.79,4.48,4.0,6.500249975002499,80.01,3.75,3.88,4.0,3.75,3.88,3.12,3.25,3.75,3.88,3.38,3.0,3.88,2.62,2.12,3.12,2.88,2.88,3.25,3.62,3.0,3.12,3.62,2.88,2.38,3.0,3.88,3.38,3.38,3.62,3.62
17-2199.09,17-2199,Nanosystems Engineers,"Design, develop, or supervise the production of materials, devices, or systems of unique molecular or macromolecular composition, applying principles of nanoscale physics and electrical, chemical, or biological engineering.",122930.0,154070.0,0.8880753138075314,0.7190426638917794,0.8035589888496554,5.31,6.1,2.36,1.47,2.57,4.04,5.0,9.714171417141714,99.99,3.88,3.88,4.0,3.88,4.0,4.0,4.0,3.88,3.88,3.0,3.0,3.88,2.25,2.38,2.88,3.0,2.38,3.25,3.0,3.0,2.25,3.12,2.12,2.88,3.12,3.62,3.38,3.12,3.0,2.25
17-2199.10,17-2199,Wind Energy Engineers,Design underground or overhead wind farm collector systems and prepare and develop site specifications.,122930.0,154070.0,0.8880753138075314,0.7190426638917794,0.8035589888496554,5.9,4.54,2.22,1.43,3.12,4.12,4.0,6.442455754424556,94.48,3.0,3.38,4.0,3.5,3.75,3.25,3.38,3.38,3.38,3.0,2.75,3.5,2.0,2.25,2.75,2.75,2.25,3.25,2.62,3.0,2.12,2.62,1.0,2.75,3.12,3.38,3.25,2.38,2.88,1.88
17-2199.11,17-2199,Solar Energy Systems Engineers,"Perform site-specific engineering analysis or evaluation of energy efficiency and solar projects involving residential, commercial, or industrial customers. Design solar domestic hot water and space heating systems for new and existing structures, applying knowledge of structural energy requirements, local climates, solar technology, and thermodynamics.",122930.0,154070.0,0.8880753138075314,0.7190426638917794,0.8035589888496554,5.97,5.02,2.11,1.9,3.05,3.96,4.0,5.074,59.260000000000005,3.25,3.75,4.0,3.38,4.0,3.25,3.88,3.88,3.88,3.0,3.0,3.38,2.0,2.0,2.62,2.75,2.25,2.75,2.75,3.0,2.25,2.75,2.0,2.75,3.0,2.75,3.0,2.25,3.0,2.38
17-3011.00,17-3011,Architectural and Civil Drafters,"Prepare detailed drawings of architectural and structural features of buildings or drawings and topographical relief maps used in civil engineering projects, such as highways, bridges, and public works. Use knowledge of building materials, engineering practices, and mathematics to complete drawings.",66150.0,103700.0,0.5135983263598326,0.6368366285119667,0.5752174774358996,5.54,4.23,4.48,1.55,1.53,4.89,3.0,,,3.38,3.25,3.38,3.25,3.62,2.5,3.12,3.38,3.5,3.12,3.12,3.12,1.88,1.88,2.62,2.75,1.5,2.25,2.38,2.75,2.38,2.5,1.25,2.88,3.0,3.5,2.75,2.25,3.25,2.0
17-3012.00,17-3012,Electrical and Electronics Drafters,"Prepare wiring diagrams, circuit board assembly diagrams, and layout drawings used for the manufacture, installation, or repair of electrical equipment.",76870.0,17920.0,0.6182008368200836,0.2695109261186264,0.443855881469355,5.62,3.44,3.06,1.32,1.9,5.53,3.0,4.802819718028197,42.54,3.25,3.62,3.5,2.75,3.38,1.88,3.25,3.5,3.38,3.0,2.75,3.5,1.88,1.88,2.5,2.5,1.5,2.62,2.25,2.62,2.12,2.88,1.12,2.75,2.88,2.88,2.88,2.25,3.12,2.38
17-3013.00,17-3013,Mechanical Drafters,"Prepare detailed working diagrams of machinery and mechanical devices, including dimensions, fastening methods, and other engineering information.",71550.0,39960.0,0.555439330543933,0.4526534859521331,0.5040464082480332,5.96,3.79,3.62,1.21,1.36,4.85,3.0,5.067986402719456,23.31,3.25,3.25,3.25,3.25,3.25,1.88,3.12,3.0,3.12,3.0,3.0,3.0,2.0,2.0,2.25,2.25,1.5,3.0,2.12,2.38,2.25,2.75,1.0,2.38,3.0,2.88,2.88,2.38,2.88,2.0
17-3019.00,17-3019,"Drafters, All Other",All drafters not listed separately.,63520.0,14470.0,0.4764644351464435,0.2310093652445369,0.3537369001954902,,,,,,,,,,,,,,,,,,,,,,,,,,,,,,,,,,,,,,,
17-3021.00,17-3021,Aerospace Engineering and Operations Technologists and Technicians,"Operate, install, adjust, and maintain integrated computer/communications systems, consoles, simulators, and other data acquisition, test, and measurement instruments and equipment, which are used to launch, track, position, and evaluate air and space vehicles. May record and interpret test data.",82890.0,11280.0,0.6961297071129707,0.1701352757544224,0.4331324914336966,6.47,5.11,1.0,1.0,1.44,5.31,3.0,3.7039,7.92,3.0,3.62,3.88,3.0,3.75,3.12,3.62,3.12,3.5,2.88,2.75,3.25,2.12,2.12,2.38,2.5,3.0,2.75,3.75,2.62,2.12,3.75,3.0,2.62,2.88,3.0,3.0,2.12,3.12,3.25
17-3022.00,17-3022,Civil Engineering Technologists and Technicians,"Apply theory and principles of civil engineering in planning, designing, and overseeing construction and maintenance of structures and facilities under the direction of engineering staff or physical scientists.",64950.0,68520.0,0.5005230125523012,0.558792924037461,0.5296579682948811,5.75,5.37,2.88,1.55,2.0,5.27,3.0,4.2276,18.34,2.88,3.75,3.88,3.62,3.75,2.75,3.38,3.25,3.12,3.0,2.38,3.12,2.12,2.12,2.25,2.5,2.12,2.62,2.38,2.5,1.88,2.12,1.0,2.75,2.88,2.88,2.75,1.75,2.88,1.75
17-3023.00,17-3023,Electrical and Electronic Engineering Technologists and Technicians,"Apply electrical and electronic theory and related knowledge, usually under the direction of engineering staff, to design, build, repair, adjust, and modify electrical components, circuitry, controls, and machinery for subsequent evaluation and use by engineering staff in making engineering design decisions.",78190.0,95130.0,0.6349372384937239,0.619146722164412,0.6270419803290679,6.26,5.2,1.76,1.78,1.31,5.0,3.0,,,3.12,3.62,3.75,2.75,3.88,1.75,3.25,3.25,3.38,3.0,2.62,3.12,2.12,2.12,2.62,2.25,2.5,2.0,3.0,2.5,1.88,2.88,3.5,2.88,2.88,3.12,2.88,2.0,2.88,3.5
17-3024.00,17-3024,Electro-Mechanical and Mechatronics Technologists and Technicians,"Operate, test, maintain, or adjust unmanned, automated, servomechanical, or electromechanical equipment. May operate unmanned submarines, aircraft, or other equipment to observe or record visual information at sites such as oil rigs, crop fields, buildings, or for similar infrastructure, deep ocean exploration, or hazardous waste removal. May assist engineers in testing and designing robotics equipment.",73900.0,15520.0,0.575836820083682,0.2440166493236212,0.4099267347036516,7.0,4.38,1.38,1.0,1.0,4.58,3.0,4.458245824582458,20.28,3.12,3.12,3.62,2.88,3.25,2.75,3.12,3.12,3.25,3.0,2.88,3.38,1.75,2.0,2.75,2.0,3.5,2.25,4.0,2.0,2.5,3.62,3.75,2.25,2.88,3.12,3.12,2.12,3.0,3.88
17-3024.01,17-3024,Robotics Technicians,"Build, install, test, or maintain robotic equipment or related automated production systems.",73900.0,15520.0,0.575836820083682,0.2440166493236212,0.4099267347036516,6.94,3.88,1.0,1.13,1.37,4.67,3.0,4.5455000000000005,22.73,3.12,3.75,3.88,3.0,3.88,2.75,3.25,3.25,3.75,3.0,2.88,3.12,1.75,1.75,2.5,2.38,3.38,2.25,3.75,2.5,2.88,3.62,4.0,2.88,2.88,3.12,3.12,2.75,3.12,4.0
17-3025.00,17-3025,Environmental Engineering Technologists and Technicians,"Apply theory and principles of environmental engineering to modify, test, and operate equipment and devices used in the prevention, control, and remediation of environmental problems, including waste treatment and site remediation, under the direction of engineering staff or scientists. May assist in the development of environmental remediation devices.",59920.0,12190.0,0.4236401673640167,0.1831425598335067,0.3033913635987617,6.28,5.9,1.73,1.46,1.32,4.8,4.0,5.24037596240376,72.93,3.75,3.88,3.88,3.0,3.88,3.38,3.38,3.12,3.12,3.0,2.88,3.25,2.12,2.38,3.0,2.88,2.88,2.75,3.0,2.88,2.12,3.12,2.38,2.75,3.0,3.0,2.88,2.0,3.12,2.75
17-3026.00,17-3026,Industrial Engineering Technologists and Technicians,"Apply engineering theory and principles to problems of industrial layout or manufacturing production, usually under the direction of engineering staff. May perform time and motion studies on worker operations in a variety of industries for purposes such as establishing standard production rates or improving efficiency.",66120.0,75570.0,0.5109832635983264,0.5801248699271592,0.5455540667627428,5.34,5.13,1.22,1.44,2.31,5.2,3.0,4.0063,14.65,3.0,3.88,3.88,3.12,4.0,2.88,3.25,3.12,3.75,2.88,3.0,3.12,1.88,2.12,2.5,2.62,1.62,3.12,2.5,2.88,1.88,3.0,2.62,2.62,2.88,3.25,3.25,3.0,3.25,1.75
17-3026.01,17-3026,Nanotechnology Engineering Technologists and Technicians,"Implement production processes and operate commercial-scale production equipment to produce, test, or modify materials, devices, or systems of unique molecular or macromolecular composition. Operate advanced microscopy equipment to manipulate nanoscale objects. Work under the supervision of nanoengineering staff.",66120.0,75570.0,0.5109832635983264,0.5801248699271592,0.5455540667627428,6.16,4.98,1.55,1.05,2.01,4.83,4.0,8.6,90.0,3.38,3.62,4.0,3.38,4.12,3.62,3.38,3.75,3.62,3.25,2.88,3.38,1.75,2.25,2.5,2.25,3.25,2.0,3.5,2.38,2.38,3.25,3.38,2.5,2.75,3.5,3.0,2.25,2.88,3.5
17-3027.00,17-3027,Mechanical Engineering Technologists and Technicians,"Apply theory and principles of mechanical engineering to modify, develop, test, or adjust machinery and equipment under direction of engineering staff or physical scientists.",74510.0,36190.0,0.5862970711297071,0.4334027055150884,0.5098498883223977,6.26,5.37,2.19,1.19,1.08,4.76,3.0,4.386861313868613,36.52,3.12,3.75,3.75,3.25,3.75,3.0,3.62,3.5,3.62,3.0,2.75,3.38,1.88,2.0,2.62,2.75,3.0,2.62,3.5,3.0,2.0,3.25,2.62,2.88,3.0,3.25,3.12,2.38,3.12,2.88
17-3027.01,17-3027,Automotive Engineering Technicians,"Assist engineers in determining the practicality of proposed product design changes and plan and carry out tests on experimental test devices or equipment for performance, durability, or efficiency.",74510.0,36190.0,0.5862970711297071,0.4334027055150884,0.5098498883223977,7.0,5.37,1.41,1.0,1.25,4.45,3.0,5.185418541854186,40.74,3.0,3.25,3.5,3.12,3.62,2.62,3.5,3.25,3.25,3.0,2.38,3.12,1.75,2.12,2.38,2.38,2.88,2.25,3.25,2.38,2.12,3.25,3.12,2.5,3.0,2.62,2.88,2.0,2.88,3.0
17-3028.00,17-3028,Calibration Technologists and Technicians,"Execute or adapt procedures and techniques for calibrating measurement devices, by applying knowledge of measurement science, mathematics, physics, chemistry, and electronics, sometimes under the direction of engineering staff. Determine measurement standard suitability for calibrating measurement devices. May perform preventive maintenance on equipment. May perform corrective actions to address identified calibration problems.",67820.0,16540.0,0.5251046025104602,0.2528616024973985,0.3889831025039293,6.3,4.13,1.12,1.56,1.0,5.59,3.0,,,,,,,,,,,,,,,,,,,,,,,,,,,,,,,,
17-3029.00,17-3029,"Engineering Technologists and Technicians, Except Drafters, All Other","All engineering technologists and technicians, except drafters, not listed separately.",78350.0,59930.0,0.6391213389121339,0.5275754422476587,0.5833483905798963,,,,,,,,,,,,,,,,,,,,,,,,,,,,,,,,,,,,,,,
17-3029.01,17-3029,Non-Destructive Testing Specialists,"Test the safety of structures, vehicles, or vessels using x-ray, ultrasound, fiber optic or related equipment.",78350.0,59930.0,0.6391213389121339,0.5275754422476587,0.5833483905798963,6.41,4.97,1.34,1.4,1.0,4.56,2.0,2.90940905909409,9.1,3.25,3.62,3.5,3.12,3.88,3.0,3.12,3.25,3.12,3.0,3.0,3.12,1.5,1.88,2.75,2.5,3.12,1.75,3.25,2.5,1.5,3.88,2.0,2.62,3.0,3.12,3.12,1.75,3.0,3.0
17-3029.08,17-3029,Photonics Technicians,"Build, install, test, or maintain optical or fiber optic equipment, such as lasers, lenses, or mirrors, using spectrometers, interferometers, or related equipment.",78350.0,59930.0,0.6391213389121339,0.5275754422476587,0.5833483905798963,7.0,4.18,1.0,1.0,1.0,5.46,3.0,4.227577242275772,18.19,3.25,3.38,3.38,2.75,3.5,2.5,3.12,3.12,3.12,3.0,2.62,3.0,2.0,2.12,2.25,2.0,2.88,1.88,3.38,2.12,2.12,3.38,3.0,2.38,2.75,2.88,2.88,2.25,3.0,3.12
17-3031.00,17-3031,Surveying and Mapping Technicians,"Perform surveying and mapping duties, usually under the direction of an engineer, surveyor, cartographer, or photogrammetrist, to obtain data used for construction, mapmaking, boundary location, mining, or other purposes. May calculate mapmaking information and create maps from source data, such as surveying notes, aerial photography, satellite data, or other maps to show topographical features, political boundaries, and other features. May verify accuracy and completeness of maps.",54240.0,58010.0,0.354602510460251,0.522372528616025,0.438487519538138,5.94,4.03,1.91,1.0,1.0,5.63,3.0,,,3.0,3.12,3.38,3.25,3.88,1.62,3.12,3.25,3.12,3.0,2.62,2.88,1.62,1.88,2.62,2.38,2.5,2.0,2.38,2.88,2.25,2.25,1.12,2.88,2.88,2.62,2.62,1.75,2.88,1.75
19-1011.00,19-1011,Animal Scientists,"Conduct research in the genetics, nutrition, reproduction, growth, and development of domestic farm animals.",68940.0,3100.0,0.5366108786610879,0.0457856399583766,0.2911982593097323,5.24,6.93,1.96,1.97,2.4,3.36,5.0,9.217199999999998,91.29999999999998,3.88,3.88,4.0,3.38,4.12,4.0,3.88,4.0,4.0,3.12,3.0,4.0,2.0,2.25,3.0,3.0,1.88,2.75,2.5,3.0,2.0,2.75,1.0,3.0,3.12,3.75,3.25,1.88,3.25,1.88
19-1012.00,19-1012,Food Scientists and Technologists,"Use chemistry, microbiology, engineering, and other sciences to study the principles underlying the processing and deterioration of foods; analyze food content to determine levels of vitamins, fat, sugar, and protein; discover new food sources; research ways to make processed foods safe, palatable, and healthful; and apply food science knowledge to determine best ways to process, package, preserve, store, and distribute food.",88720.0,13060.0,0.7165271966527197,0.2008324661810614,0.4586798314168905,5.05,5.71,2.45,2.16,2.58,3.95,4.0,5.772822717728227,86.36999999999999,4.0,3.88,4.0,3.12,4.0,3.88,3.88,3.88,3.88,3.12,3.0,3.88,1.88,2.0,2.62,3.12,2.25,2.62,2.88,3.12,1.5,3.38,1.0,3.0,3.25,3.62,3.62,1.88,3.12,2.0
19-1013.00,19-1013,Soil and Plant Scientists,"Conduct research in breeding, physiology, production, yield, and management of crops and agricultural plants or trees, shrubs, and nursery stock, their growth in soils, and control of pests; or study the chemical, physical, biological, and mineralogical composition of soils as they relate to plant or crop growth. May classify and map soils and investigate effects of alternative practices on soil and crop productivity.",78850.0,15730.0,0.6516736401673641,0.246618106139438,0.449145873153401,6.43,6.71,2.11,1.67,1.71,3.41,5.0,8.000100010001,90.47,4.0,3.88,4.0,3.25,4.0,4.0,4.0,3.88,3.88,3.0,3.12,3.75,2.0,2.0,2.75,2.75,2.25,3.0,2.75,2.88,2.12,3.0,1.0,2.88,3.0,3.5,3.5,1.75,2.88,1.75
19-1021.00,19-1021,Biochemists and Biophysicists,"Study the chemical composition or physical principles of living cells and organisms, their electrical and mechanical energy, and related phenomena. May conduct research to further understanding of the complex chemical combinations and reactions involved in metabolism, reproduction, growth, and heredity. May determine the effects of foods, drugs, serums, hormones, and other substances on tissues and vital processes of living organisms.",127410.0,33830.0,0.9089958158995816,0.413111342351717,0.6610535791256493,5.11,7.0,2.61,2.15,1.83,3.64,5.0,10.05,100.0,4.12,4.12,4.25,3.88,4.38,4.75,4.12,4.25,4.12,3.0,3.62,4.0,1.88,2.0,3.0,2.5,2.12,3.12,2.75,3.0,2.25,3.0,1.75,2.5,3.0,3.38,3.12,2.12,2.88,1.88
19-1022.00,19-1022,Microbiologists,"Investigate the growth, structure, development, and other characteristics of microscopic organisms, such as bacteria, algae, or fungi. Includes medical microbiologists who study the relationship between organisms and disease or the effects of antibiotics on microorganisms.",87990.0,18940.0,0.7154811715481172,0.2819979188345473,0.4987395451913322,5.29,7.0,1.92,1.98,1.07,3.85,4.0,6.545745425457453,90.92,3.88,3.88,4.0,3.12,4.12,4.62,3.88,4.0,3.62,3.0,3.0,3.75,2.25,2.12,3.0,2.62,2.5,2.88,2.75,2.62,1.88,2.88,1.0,3.0,3.0,3.0,2.88,1.88,3.0,2.0
19-1023.00,19-1023,Zoologists and Wildlife Biologists,"Study the origins, behavior, diseases, genetics, and life processes of animals and wildlife. May specialize in wildlife research and management. May collect and analyze biological data to determine the environmental effects of present and potential use of land and water habitats.",76780.0,18120.0,0.6171548117154811,0.2736732570239334,0.4454140343697073,5.43,6.99,2.31,2.55,2.33,3.7,4.0,6.967696769676968,99.99,3.62,4.0,4.0,3.0,4.0,3.88,4.0,3.88,4.0,3.75,3.0,4.0,2.25,2.25,3.0,3.12,2.0,2.0,2.75,3.12,1.88,2.12,1.0,3.0,3.25,3.25,3.0,2.0,3.38,1.62
19-1029.00,19-1029,"Biological Scientists, All Other",All biological scientists not listed separately.,98920.0,55850.0,0.7740585774058577,0.514047866805411,0.6440532221056343,,,,,,,,,,,,,,,,,,,,,,,,,,,,,,,,,,,,,,,
19-1029.01,19-1029,Bioinformatics Scientists,"Conduct research using bioinformatics theory and methods in areas such as pharmaceuticals, medical technology, biotechnology, computational biology, proteomics, computer information science, biology and medical informatics. May design databases and develop algorithms for processing and analyzing genomic information, or other biological information.",98920.0,55850.0,0.7740585774058577,0.514047866805411,0.6440532221056343,3.81,7.0,2.51,1.64,1.26,5.04,5.0,9.076300000000002,100.0,3.62,4.0,4.12,3.5,4.12,3.75,4.0,3.88,4.0,3.0,3.0,3.62,2.0,2.12,2.88,2.75,1.25,2.25,2.25,2.88,2.12,2.12,1.0,2.88,3.25,3.25,3.25,2.25,3.38,2.0
19-1029.02,19-1029,Molecular and Cellular Biologists,Research and study cellular molecules and organelles to understand cell function and organization.,98920.0,55850.0,0.7740585774058577,0.514047866805411,0.6440532221056343,5.03,6.66,1.95,2.27,2.58,5.1,5.0,9.384661533846616,100.01,3.88,4.0,4.12,3.75,4.38,4.75,4.0,4.25,4.0,3.12,3.75,4.0,2.62,2.88,3.0,3.0,2.62,3.12,2.88,3.12,2.12,2.88,1.0,2.62,3.25,3.0,3.0,2.0,3.12,2.0
19-1029.03,19-1029,Geneticists,"Research and study the inheritance of traits at the molecular, organism or population level. May evaluate or treat patients with genetic disorders.",98920.0,55850.0,0.7740585774058577,0.514047866805411,0.6440532221056343,4.05,7.0,2.95,2.91,1.61,4.78,5.0,9.96,100.0,4.0,4.0,4.0,3.88,4.25,4.12,4.0,4.0,4.0,3.12,3.75,4.0,2.12,2.12,3.12,3.0,1.75,2.12,2.75,3.12,1.88,2.62,1.0,3.0,3.5,3.62,3.0,1.88,3.0,2.0
19-1029.04,19-1029,Biologists,"Research or study basic principles of plant and animal life, such as origin, relationship, development, anatomy, and functions.",98920.0,55850.0,0.7740585774058577,0.514047866805411,0.6440532221056343,4.11,7.0,2.4,2.62,2.76,4.45,5.0,8.3964,100.0,3.88,4.0,4.0,3.88,4.12,4.62,4.0,4.12,3.75,3.0,3.0,3.75,1.88,1.88,3.0,2.5,1.88,1.75,1.88,2.75,3.0,2.5,1.0,2.62,3.0,3.0,3.0,1.62,3.0,1.62
19-1031.00,19-1031,Conservation Scientists,"Manage, improve, and protect natural resources to maximize their use without damaging the environment. May conduct soil surveys and develop plans to eliminate soil erosion or to protect rangelands. May instruct farmers, agricultural production managers, or ranchers in best ways to use crop rotation, contour plowing, or terracing to conserve soil and water; in the number and kind of livestock and forage plants best suited to particular ranges; and in range and farm improvements, such as fencing and reservoirs for stock watering.",73010.0,25950.0,0.5679916317991632,0.3558792924037461,0.4619354621014546,5.15,5.7,1.97,2.87,3.16,3.98,4.0,6.4347565243475655,95.66,3.25,3.88,3.5,3.12,3.88,3.5,3.62,3.5,3.62,3.12,2.88,3.25,2.25,2.38,2.88,3.0,2.25,2.38,2.38,3.12,1.88,2.25,1.12,3.12,3.25,3.12,3.12,1.88,3.25,2.0
19-1031.02,19-1031,Range Managers,"Research or study range land management practices to provide sustained production of forage, livestock, and wildlife.",73010.0,25950.0,0.5679916317991632,0.3558792924037461,0.4619354621014546,5.76,5.02,1.47,2.42,4.39,3.68,4.0,6.093590640935906,90.28,3.25,4.0,3.75,2.88,3.88,2.88,3.75,3.25,3.62,3.5,3.0,3.62,1.88,2.12,2.88,3.25,2.62,2.88,2.75,3.0,1.5,2.12,1.38,3.0,3.12,3.25,3.12,1.5,3.0,1.75
19-1031.03,19-1031,Park Naturalists,"Plan, develop, and conduct programs to inform public of historical, natural, and scientific features of national, state, or local park.",73010.0,25950.0,0.5679916317991632,0.3558792924037461,0.4619354621014546,4.38,4.24,3.74,4.87,3.46,3.43,4.0,5.429557044295571,59.99,3.25,3.88,3.62,1.88,3.88,2.38,4.12,3.75,3.12,3.12,3.25,3.25,2.0,2.25,3.0,2.62,2.0,2.62,2.38,2.88,1.5,2.0,1.12,3.5,3.75,2.75,2.75,1.75,3.0,1.88
19-1032.00,19-1032,Foresters,"Manage public and private forested lands for economic, recreational, and conservation purposes. May inventory the type, amount, and location of standing timber, appraise the timber's worth, negotiate the purchase, and draw up contracts for procurement. May determine how to conserve wildlife habitats, creek beds, water quality, and soil stability, and how best to comply with environmental regulations. May devise plans for planting and growing new trees, monitor trees for healthy growth, and determine optimal harvesting schedules.",76400.0,10430.0,0.6077405857740585,0.1560874089490114,0.381913997361535,5.32,4.48,1.25,2.3,3.78,4.39,4.0,5.833116688331168,84.77,3.12,4.0,3.88,2.88,3.88,2.75,3.88,3.75,3.88,3.5,3.0,3.75,2.88,3.12,3.12,3.25,2.88,2.88,3.0,3.12,1.5,2.5,1.62,3.0,3.25,3.62,3.62,2.12,3.5,2.0
19-1041.00,19-1041,Epidemiologists,"Investigate and describe the determinants and distribution of disease, disability, or health outcomes. May develop the means for prevention and control.",87220.0,12090.0,0.7123430962343096,0.1800208116545265,0.446181953944418,2.82,7.0,2.19,4.11,2.37,3.63,5.0,9.2221,100.0,4.0,4.12,4.25,3.75,4.25,4.12,4.12,4.12,4.25,3.75,3.25,4.25,2.12,2.0,3.12,2.88,1.0,3.0,1.5,3.12,1.62,1.5,1.0,3.25,3.88,4.0,4.0,1.38,3.25,1.0
19-1042.00,19-1042,"Medical Scientists, Except Epidemiologists","Conduct research dealing with the understanding of human diseases and the improvement of human health. Engage in clinical investigation, research and development, or other related activities.",103410.0,172340.0,0.8127615062761506,0.7471383975026015,0.779949951889376,4.27,7.0,2.42,3.29,2.22,3.7,5.0,9.9748,100.0,4.12,4.0,4.0,3.62,4.0,4.12,4.12,4.25,3.88,3.0,3.25,4.0,1.75,1.88,2.88,2.88,1.88,2.88,2.75,2.88,2.0,2.25,1.0,3.12,3.0,3.75,3.25,1.75,3.12,1.75
19-1099.00,19-1099,"Life Scientists, All Other",All life scientists not listed separately.,93750.0,7460.0,0.7405857740585774,0.1113423517169615,0.4259640628877694,,,,,,,,,,,,,,,,,,,,,,,,,,,,,,,,,,,,,,,
19-2011.00,19-2011,Astronomers,"Observe, research, and interpret astronomical phenomena to increase basic knowledge or apply such information to practical problems.",128820.0,2120.0,0.9110878661087866,0.0260145681581685,0.4685512171334776,5.07,7.0,3.28,2.71,1.87,4.04,5.0,10.999900009999,100.01,4.0,4.0,4.12,4.12,4.25,4.25,4.0,4.12,3.5,3.12,3.0,3.62,2.5,2.0,3.0,2.62,1.75,2.62,2.0,3.0,2.25,1.75,1.12,2.88,3.12,3.0,3.0,2.0,2.88,1.38
19-2012.00,19-2012,Physicists,"Conduct research into physical phenomena, develop theories on the basis of observation and experiments, and devise methods to apply physical laws and theories.",172250.0,20430.0,0.9654811715481172,0.2996878251821019,0.6325844983651095,4.94,7.0,2.75,2.12,1.77,4.8,5.0,11.03929607039296,100.01,4.0,4.0,4.12,4.25,4.25,4.62,4.12,4.0,3.88,3.0,3.62,3.75,2.25,2.12,3.0,2.75,1.62,3.12,2.38,3.12,3.38,2.62,1.0,3.0,3.25,3.38,3.38,2.75,3.12,2.0
19-2021.00,19-2021,Atmospheric and Space Scientists,"Investigate atmospheric phenomena and interpret meteorological data, gathered by surface and air stations, satellites, and radar to prepare reports and forecasts for public and other uses. Includes weather analysts and forecasters whose functions require the detailed knowledge of meteorology.",99070.0,10000.0,0.7771966527196653,0.1529656607700312,0.4650811567448483,4.77,6.26,2.72,2.49,2.68,4.45,4.0,7.45,100.0,4.0,4.0,4.0,3.38,4.12,4.0,4.0,3.88,3.88,3.0,3.0,3.75,1.75,1.75,2.88,2.5,1.12,2.62,2.0,2.88,2.0,1.62,1.0,2.88,3.12,3.12,2.88,1.75,3.0,1.0
19-2031.00,19-2031,Chemists,Conduct qualitative and quantitative chemical analyses or experiments in laboratories for quality or process control or to develop new products or knowledge.,91240.0,82770.0,0.7280334728033473,0.5941727367325702,0.6611031047679587,5.67,6.71,1.52,1.14,1.6,4.81,4.0,7.740799999999999,100.0,3.62,3.75,4.0,3.75,4.0,4.12,3.88,3.75,3.62,3.0,3.0,3.25,1.88,2.25,2.75,2.12,2.25,2.5,3.0,2.5,2.12,3.25,2.12,2.5,3.0,3.12,3.12,1.62,3.0,2.88
19-2032.00,19-2032,Materials Scientists,"Research and study the structures and chemical properties of various natural and synthetic or composite materials, including metals, alloys, rubber, ceramics, semiconductors, polymers, and glass. Determine ways to strengthen or combine materials or develop new materials with new or specific properties for use in a variety of products and applications. Includes glass scientists, ceramic scientists, metallurgical scientists, and polymer scientists.",117790.0,8470.0,0.8744769874476988,0.1290322580645161,0.5017546227561074,5.82,6.59,2.17,1.39,1.86,4.15,4.0,7.190619061906191,95.23,3.75,4.0,4.0,3.5,4.0,4.0,3.75,3.88,4.0,3.0,2.88,3.62,2.12,2.12,2.5,2.62,2.0,3.12,2.75,3.12,1.88,2.88,1.38,2.75,3.0,3.0,3.12,1.88,3.0,2.0
19-2041.00,19-2041,"Environmental Scientists and Specialists, Including Health","Conduct research or perform investigation for the purpose of identifying, abating, or eliminating sources of pollutants or hazards that affect either the environment or public health. Using knowledge of various scientific disciplines, may collect, synthesize, study, report, and recommend action based on data derived from measurements or observations of air, food, soil, water, and other sources.",82220.0,89250.0,0.6877615062761506,0.605098855359001,0.6464301808175759,4.76,7.0,1.87,2.75,2.56,4.32,4.0,5.7337,77.92,3.75,4.0,3.88,3.25,4.0,4.0,4.0,4.0,4.0,3.62,3.12,3.25,2.12,2.12,3.12,3.0,2.0,2.62,2.38,3.0,2.0,2.62,1.0,3.0,3.12,3.0,3.0,1.88,3.25,2.0
19-2041.01,19-2041,Climate Change Policy Analysts,"Research and analyze policy developments related to climate change. Make climate-related recommendations for actions such as legislation, awareness campaigns, or fundraising approaches.",82220.0,89250.0,0.6877615062761506,0.605098855359001,0.6464301808175759,1.37,6.73,3.11,3.17,4.69,4.06,5.0,8.3479,100.0,3.75,4.0,4.0,3.0,4.25,2.62,3.88,3.88,3.75,3.0,3.12,3.12,2.0,2.0,2.75,3.0,1.0,2.12,2.0,3.12,1.88,1.12,1.0,3.0,3.12,3.5,3.62,1.88,3.38,1.0
19-2041.02,19-2041,Environmental Restoration Planners,"Collaborate with field and biology staff to oversee the implementation of restoration projects and to develop new products. Process and synthesize complex scientific data into practical strategies for restoration, monitoring or management.",82220.0,89250.0,0.6877615062761506,0.605098855359001,0.6464301808175759,5.31,6.25,2.24,2.12,3.63,4.13,5.0,6.9091,100.0,3.5,3.88,4.0,3.25,3.88,3.5,3.88,3.88,3.88,3.25,2.88,3.88,2.5,2.5,2.88,3.12,2.12,2.88,2.62,3.0,2.25,2.38,1.0,3.12,3.38,3.62,3.5,2.0,3.0,1.62
19-2041.03,19-2041,Industrial Ecologists,Apply principles and processes of natural ecosystems to develop models for efficient industrial systems. Use knowledge from the physical and social sciences to maximize effective use of natural resources in the production and use of goods and services. Examine societal issues and their relationship with both technical systems and the environment.,82220.0,89250.0,0.6877615062761506,0.605098855359001,0.6464301808175759,4.62,7.0,2.14,1.95,3.04,3.98,5.0,7.782721727827216,100.01,3.62,4.0,3.88,3.38,4.12,3.62,4.0,4.0,3.75,3.0,3.0,3.75,2.12,2.12,3.0,2.62,1.0,2.38,1.88,3.0,2.0,2.12,1.0,2.75,3.12,3.75,3.38,1.88,3.0,1.0
19-2042.00,19-2042,"Geoscientists, Except Hydrologists and Geographers","Study the composition, structure, and other physical aspects of the Earth. May use geological, physics, and mathematics knowledge in exploration for oil, gas, minerals, or underground water; or in waste disposal, land reclamation, or other environmental problems. May study the Earth's internal composition, atmospheres, and oceans, and its magnetic, electrical, and gravitational forces. Includes mineralogists, paleontologists, stratigraphers, geodesists, and seismologists.",101920.0,23470.0,0.797071129707113,0.3350676378772112,0.5660693837921621,5.59,7.0,2.72,2.24,1.65,4.16,5.0,7.750199999999999,100.0,3.25,3.88,4.0,3.38,4.12,4.0,4.0,3.88,3.88,3.12,3.0,3.88,1.75,1.62,2.62,2.62,2.0,2.62,2.0,2.88,2.0,2.0,1.0,2.62,3.0,3.25,3.25,1.62,2.88,1.5
19-2043.00,19-2043,Hydrologists,"Research the distribution, circulation, and physical properties of underground and surface waters; and study the form and intensity of precipitation and its rate of infiltration into the soil, movement through the earth, and return to the ocean and atmosphere.",96600.0,5850.0,0.75418410041841,0.0905306971904266,0.4223573988044183,5.84,6.41,1.63,2.14,2.29,4.31,5.0,7.347900000000001,100.0,3.62,3.88,4.0,3.75,3.88,3.88,3.75,3.62,3.75,3.12,3.0,3.5,1.75,2.0,2.75,2.88,1.88,2.38,2.62,3.0,2.12,2.75,1.88,2.88,3.0,3.38,3.0,1.62,2.88,2.0
19-2099.00,19-2099,"Physical Scientists, All Other",All physical scientists not listed separately.,122570.0,22300.0,0.8812761506276151,0.322060353798127,0.601668252212871,,,,,,,,,,,,,,,,,,,,,,,,,,,,,,,,,,,,,,,
19-2099.01,19-2099,Remote Sensing Scientists and Technologists,"Apply remote sensing principles and methods to analyze data and solve problems in areas such as natural resource management, urban planning, or homeland security. May develop new sensor systems, analytical techniques, or new applications for existing systems.",122570.0,22300.0,0.8812761506276151,0.322060353798127,0.601668252212871,4.86,6.09,1.93,1.27,1.44,4.81,4.0,6.52,96.0,3.38,3.88,4.0,3.75,4.0,3.88,3.88,3.88,3.75,3.0,3.0,3.75,1.75,1.88,2.88,2.5,2.0,3.25,2.5,2.62,2.88,2.38,1.0,2.88,2.88,3.62,3.62,2.38,2.88,1.5
19-3011.00,19-3011,Economists,"Conduct research, prepare reports, or formulate plans to address economic problems related to the production and distribution of goods and services or monetary and fiscal policy. May collect and process economic and statistical data using sampling techniques and econometric methods.",124720.0,17790.0,0.8969665271966527,0.2679500520291363,0.5824582896128945,1.35,7.0,2.43,2.4,3.93,4.53,5.0,8.5002,100.0,3.75,4.0,4.12,4.12,4.12,1.88,4.0,4.0,3.75,3.0,3.25,4.0,1.62,1.62,2.5,2.25,1.0,2.62,1.5,3.0,2.12,1.25,1.0,3.0,3.0,3.12,3.25,1.38,3.0,1.0
19-3011.01,19-3011,Environmental Economists,"Conduct economic analysis related to environmental protection and use of the natural environment, such as water, air, land, and renewable energy resources. Evaluate and quantify benefits, costs, incentives, and impacts of alternative options using economic principles and statistical techniques.",124720.0,17790.0,0.8969665271966527,0.2679500520291363,0.5824582896128945,2.74,7.0,2.53,2.28,4.11,4.08,5.0,9.25912591259126,99.99,3.88,4.0,4.0,4.0,4.0,2.38,3.5,4.12,3.62,3.0,3.25,3.62,3.12,2.12,2.62,2.5,1.0,2.0,1.0,3.0,1.88,1.88,1.0,2.75,3.0,3.38,3.12,1.75,3.0,1.0
19-3022.00,19-3022,Survey Researchers,"Plan, develop, or conduct surveys. May analyze and interpret the meaning of survey data, determine survey objectives, or suggest or test question wording. Includes social scientists who primarily design questionnaires or supervise survey teams.",69460.0,8290.0,0.5418410041841004,0.1269510926118626,0.3343960483979815,1.68,6.11,2.31,2.34,3.02,5.25,5.0,7.231076892310769,100.01,3.88,4.25,4.25,4.0,4.25,2.88,4.25,4.25,3.88,3.38,3.0,3.75,1.88,2.0,3.0,2.88,1.0,2.62,1.75,3.0,2.75,2.25,1.0,3.12,3.12,3.25,3.25,1.88,3.12,1.0
19-3032.00,19-3032,Industrial-Organizational Psychologists,"Apply principles of psychology to human resources, administration, management, sales, and marketing problems. Activities may include policy planning; employee testing and selection, training, and development; and organizational development and analysis. May work with management to organize the work setting to improve worker productivity.",193950.0,790.0,0.9675732217573222,0.0052029136316337,0.4863880676944779,1.05,5.34,3.13,3.99,4.71,4.28,5.0,8.576542345765425,92.31,3.88,4.38,4.12,3.5,4.38,3.75,4.12,4.25,4.0,3.75,3.62,4.12,2.12,2.12,3.38,3.25,1.0,3.5,2.0,3.75,2.75,2.0,1.0,3.38,3.88,3.88,4.0,1.88,3.62,1.0
19-3033.00,19-3033,Clinical and Counseling Psychologists,"Assess, diagnose, and treat mental and emotional disorders of individuals through observation, interview, and psychological tests. Help individuals with distress or maladjustment understand their problems through their knowledge of case history, interviews with patients, and theory. Provide individual or group counseling services to assist individuals in achieving more effective personal, social, educational, and vocational development and adjustment. May design behavior modification programs and consult with medical personnel regarding the best treatment for patients.",100580.0,75990.0,0.7876569037656904,0.5816857440166493,0.6846713238911699,1.05,5.58,3.06,6.57,2.65,3.49,5.0,11.24,100.0,3.88,4.25,4.25,2.25,4.75,2.38,4.12,4.25,3.75,3.5,3.25,3.75,1.5,1.5,2.75,3.12,1.0,1.62,1.75,3.5,1.62,1.0,1.0,3.75,4.38,3.0,3.0,1.62,3.25,1.0
19-3034.00,19-3034,School Psychologists,"Diagnose and implement individual or schoolwide interventions or strategies to address educational, behavioral, or developmental issues that adversely impact educational functioning in a school. May address student learning and behavioral problems and counsel students or families. May design and implement performance plans, and evaluate performance. May consult with other school-based personnel.",95990.0,63940.0,0.752092050209205,0.5411030176899063,0.6465975339495557,1.0,5.0,3.31,6.77,2.82,4.01,5.0,8.5386,100.0,3.62,4.38,4.0,2.75,4.25,2.0,4.25,4.0,3.75,3.62,3.25,3.88,1.0,1.0,2.75,3.38,1.0,1.75,1.75,3.5,1.75,1.38,1.0,3.75,4.0,3.12,3.12,1.62,3.38,1.0
19-3039.00,19-3039,"Psychologists, All Other",All psychologists not listed separately.,110840.0,18820.0,0.850418410041841,0.2788761706555671,0.5646472903487041,,,,,,,,,,,,,,,,,,,,,,,,,,,,,,,,,,,,,,,
19-3039.02,19-3039,Neuropsychologists,"Apply theories and principles of neuropsychology to evaluate and diagnose disorders of higher cerebral functioning, often in research and medical settings. Study the human brain and the effect of physiological states on human cognition and behavior. May formulate and administer programs of treatment.",110840.0,18820.0,0.850418410041841,0.2788761706555671,0.5646472903487041,2.63,7.0,3.28,5.29,1.69,3.32,5.0,11.84,100.0,3.88,4.5,4.25,3.0,4.5,3.62,4.25,4.38,4.12,3.25,3.38,4.25,1.75,1.75,2.88,3.0,1.12,1.88,2.0,3.25,1.88,2.25,1.0,3.62,4.12,3.25,3.25,1.62,3.12,1.75
19-3039.03,19-3039,Clinical Neuropsychologists,"Assess and diagnose patients with neurobehavioral problems related to acquired or developmental disorders of the nervous system, such as neurodegenerative disorders, traumatic brain injury, seizure disorders, and learning disabilities. Recommend treatment after diagnosis, such as therapy, medication, or surgery. Assist with evaluation before and after neurosurgical procedures, such as deep brain stimulation.",110840.0,18820.0,0.850418410041841,0.2788761706555671,0.5646472903487041,2.82,7.0,2.4,5.69,2.07,3.49,5.0,11.9167,100.0,3.75,4.38,4.25,2.62,4.12,2.62,4.0,3.88,4.0,3.5,3.38,4.12,2.0,1.88,2.75,3.0,1.0,1.5,1.88,3.38,1.75,1.38,1.0,3.75,4.12,3.12,2.75,1.75,3.38,1.0
19-3041.00,19-3041,Sociologists,"Study human society and social behavior by examining the groups and social institutions that people form, as well as various social, religious, political, and business organizations. May study the behavior and interaction of groups, trace their origin and growth, and analyze the influence of group activities on individual members.",106030.0,2260.0,0.8326359832635983,0.0291363163371488,0.4308861498003735,1.56,6.5,3.99,4.36,3.08,3.6,5.0,9.7,100.0,4.0,4.12,4.0,2.88,4.0,3.12,4.12,4.0,3.62,3.12,3.62,3.62,1.62,1.75,2.88,2.75,1.0,2.38,1.38,2.88,1.75,1.12,1.0,3.0,3.88,3.12,3.12,1.62,3.0,1.0
19-3051.00,19-3051,Urban and Regional Planners,"Develop comprehensive plans and programs for use of land and physical facilities of jurisdictions, such as towns, cities, counties, and metropolitan areas.",89320.0,44230.0,0.7186192468619247,0.4682622268470343,0.5934407368544795,3.22,5.31,3.06,3.03,4.46,3.96,5.0,7.28,100.0,3.25,4.12,4.0,3.0,4.0,2.62,4.12,3.88,3.75,3.25,3.0,4.12,2.5,2.25,3.0,3.38,1.38,3.12,1.75,3.12,1.75,1.62,1.0,3.25,3.62,4.0,3.75,1.62,3.25,1.0
19-3091.00,19-3091,Anthropologists and Archeologists,"Study the origin, development, and behavior of human beings. May study the way of life, language, or physical characteristics of people in various parts of the world. May engage in systematic recovery and examination of material evidence, such as tools or pottery remaining from past human cultures, in order to determine the history, customs, and living habits of earlier civilizations.",70770.0,8990.0,0.553347280334728,0.1394380853277835,0.3463926828312558,3.99,6.84,4.21,3.67,1.63,3.19,5.0,8.45,90.0,3.88,4.12,4.12,2.75,4.12,3.0,4.25,4.25,3.75,3.12,3.25,3.25,1.88,2.0,3.0,2.62,1.5,1.5,1.75,2.88,1.5,1.62,1.0,2.75,3.12,3.0,2.88,1.5,3.0,1.0
19-3092.00,19-3092,Geographers,"Study the nature and use of areas of the Earth's surface, relating and interpreting interactions of physical and cultural phenomena. Conduct research on physical aspects of a region, including land forms, climates, soils, plants, and animals, and conduct research on the spatial implications of human activities within a given area, including social characteristics, economic activities, and political organization, as well as researching interdependence between regions at scales ranging from local to global.",102040.0,1400.0,0.8007322175732218,0.0166493236212278,0.4086907705972248,5.11,6.74,3.69,2.72,2.1,3.69,4.0,7.9,95.0,3.62,3.75,4.0,3.0,4.12,3.38,4.0,4.12,3.5,3.0,3.12,3.62,1.62,1.75,2.5,2.75,1.12,2.5,1.62,2.62,1.88,1.38,1.0,3.0,3.0,3.38,3.12,1.75,3.0,1.0
19-3093.00,19-3093,Historians,"Research, analyze, record, and interpret the past as recorded in sources, such as government and institutional records, newspapers and other periodicals, photographs, interviews, films, electronic media, and unpublished manuscripts, such as personal diaries and letters.",76750.0,3450.0,0.6161087866108786,0.0556711758584807,0.3358899812346797,2.39,5.32,3.7,3.22,2.35,4.87,5.0,6.9373000000000005,81.19,4.0,4.0,4.12,2.0,4.75,2.62,4.0,4.12,3.38,3.0,3.12,3.12,1.62,1.75,2.5,2.5,1.0,2.0,1.38,2.75,1.38,1.62,1.0,2.38,3.12,2.25,2.25,1.5,2.88,1.0
19-3094.00,19-3094,Political Scientists,"Study the origin, development, and operation of political systems. May study topics, such as public opinion, political decisionmaking, and ideology. May analyze the structure and operation of governments, as well as various political entities. May conduct public opinion surveys, analyze election results, or analyze public documents.",142080.0,5540.0,0.9414225941422594,0.086888657648283,0.5141556258952712,1.0,6.71,3.87,3.42,3.61,3.52,5.0,10.807800000000002,100.0,4.12,4.12,4.0,3.0,4.25,2.62,4.12,4.0,3.62,3.0,3.5,3.62,1.62,1.62,2.12,2.75,1.0,2.5,1.38,2.88,1.5,1.38,1.0,3.0,3.75,3.0,3.12,1.5,2.88,1.0
19-3099.00,19-3099,"Social Scientists and Related Workers, All Other",All social scientists and related workers not listed separately.,101110.0,37100.0,0.7923640167364017,0.4386056191467222,0.615484817941562,,,,,,,,,,,,,,,,,,,,,,,,,,,,,,,,,,,,,,,
19-3099.01,19-3099,Transportation Planners,"Prepare studies for proposed transportation projects. Gather, compile, and analyze data. Study the use and operation of transportation systems. Develop transportation models or simulations.",101110.0,37100.0,0.7923640167364017,0.4386056191467222,0.615484817941562,3.59,5.6,2.01,1.76,3.14,4.87,4.0,6.9,100.0,3.75,4.0,4.0,3.38,4.0,2.38,4.0,4.0,4.0,3.62,2.88,3.88,2.12,2.38,2.75,3.0,1.62,3.25,1.88,3.0,2.25,1.5,1.0,3.0,3.0,3.5,3.75,1.62,3.25,1.0
19-4012.00,19-4012,Agricultural Technicians,"Work with agricultural scientists in plant, fiber, and animal research, or assist with animal breeding and nutrition. Set up or maintain laboratory equipment and collect samples from crops or animals. Prepare specimens or record data to assist scientists in biology or related life science experiments. Conduct tests and experiments to improve yield and quality of crops or to increase the resistance of plants and animals to disease or insects.",49630.0,15130.0,0.2834728033472803,0.2398543184183142,0.2616635608827973,6.82,4.57,1.0,1.46,1.99,4.26,3.0,4.474752524747525,36.82,3.12,3.25,3.25,2.88,3.38,2.75,3.0,3.12,2.88,3.0,3.0,3.12,1.88,2.0,2.75,2.5,2.75,1.25,3.0,2.5,1.38,2.0,2.12,2.62,2.88,2.62,2.5,1.5,3.0,2.12
19-4012.01,19-4012,Precision Agriculture Technicians,"Apply geospatial technologies, including geographic information systems (GIS) and Global Positioning System (GPS), to agricultural production or management activities, such as pest scouting, site-specific pesticide application, yield mapping, or variable-rate irrigation. May use computers to develop or analyze maps or remote sensing images to compare physical topography with data on soils, fertilizer, pests, or weather.",49630.0,15130.0,0.2834728033472803,0.2398543184183142,0.2616635608827973,6.46,5.4,1.23,1.39,2.11,4.95,3.0,4.8260000000000005,39.13,3.38,3.75,3.75,3.25,3.88,2.88,3.75,3.5,3.38,3.0,2.75,3.25,1.75,1.88,2.25,2.62,2.88,2.88,2.88,2.75,2.38,2.62,2.38,2.75,2.75,3.12,3.12,1.62,3.0,2.62
19-4013.00,19-4013,Food Science Technicians,"Work with food scientists or technologists to perform standardized qualitative and quantitative tests to determine physical or chemical properties of food or beverage products. Includes technicians who assist in research and development of production technology, quality control, packaging, processing, and use of foods.",52130.0,14600.0,0.3347280334728033,0.2330905306971904,0.2839092820849969,5.57,4.51,1.33,1.73,1.96,5.04,3.0,5.218521852185218,47.49,3.0,3.5,3.25,2.75,3.75,3.25,3.5,3.5,3.12,3.12,3.0,3.0,1.5,2.0,2.62,2.0,2.12,1.38,2.75,2.0,1.38,3.12,1.75,2.25,2.88,2.25,2.38,1.38,3.0,2.12
19-4021.00,19-4021,Biological Technicians,"Assist biological and medical scientists. Set up, operate, and maintain laboratory instruments and equipment, monitor experiments, collect data and samples, make observations, and calculate and record results. May analyze organic substances, such as blood, food, and drugs.",57510.0,69620.0,0.3880753138075314,0.5619146722164412,0.4749949930119863,5.6,5.36,1.2,1.97,1.31,5.62,4.0,6.8126,96.21,3.5,3.75,3.88,3.0,4.0,3.75,3.25,3.38,3.25,2.75,2.38,3.12,1.88,2.25,2.12,1.88,2.62,1.88,3.0,2.0,1.88,2.88,1.75,2.25,2.75,3.0,2.75,1.88,2.88,2.62
19-4031.00,19-4031,Chemical Technicians,"Conduct chemical and physical laboratory tests to assist scientists in making qualitative and quantitative analyses of solids, liquids, and gaseous materials for research and development of new products or processes, quality control, maintenance of environmental standards, and other work involving experimental, theoretical, or practical application of chemistry and related sciences.",60390.0,57540.0,0.4309623430962343,0.5202913631633714,0.4756268531298029,5.45,5.8,1.51,1.64,1.13,5.25,3.0,4.213,43.74,3.38,3.88,4.0,3.0,4.0,4.12,3.38,3.88,3.12,3.0,3.0,3.12,1.75,2.25,2.5,2.62,3.0,2.5,3.25,2.62,1.5,3.12,2.75,2.75,2.88,3.0,3.12,2.0,3.12,2.88
19-4042.00,19-4042,"Environmental Science and Protection Technicians, Including Health","Perform laboratory and field tests to monitor the environment and investigate sources of pollution, including those that affect health, under the direction of an environmental scientist, engineer, or other specialist. May collect samples of gases, soil, water, and other materials for testing.",55090.0,34670.0,0.3619246861924686,0.4214360041623309,0.3916803451773997,5.83,5.6,1.23,1.93,1.35,4.93,4.0,5.454254574542546,68.18,3.12,3.88,3.75,3.12,4.0,3.38,3.88,3.88,3.25,3.0,2.88,3.25,1.88,2.0,2.38,2.75,2.88,2.62,3.0,2.88,1.88,2.75,1.75,3.0,3.0,3.12,3.0,1.5,3.0,2.0
19-4043.00,19-4043,"Geological Technicians, Except Hydrologic Technicians","Assist scientists or engineers in the use of electronic, sonic, or nuclear measuring instruments in laboratory, exploration, and production activities to obtain data indicating resources such as metallic ore, minerals, gas, coal, or petroleum. Analyze mud and drill cuttings. Chart pressure, temperature, and other characteristics of wells or bore holes.",53350.0,6980.0,0.3493723849372385,0.1082206035379812,0.2287964942376099,5.6,5.18,1.28,1.46,1.11,5.34,4.0,,,2.75,3.12,3.5,2.75,3.75,2.62,3.0,3.25,3.12,3.0,2.62,3.12,1.75,2.12,2.5,2.38,2.75,1.5,3.0,2.62,1.62,2.25,2.0,2.5,2.88,2.62,2.5,2.0,3.25,2.12
19-4044.00,19-4044,Hydrologic Technicians,"Collect and organize data concerning the distribution and circulation of ground and surface water, and data on its physical, chemical, and biological properties. Measure and report on flow rates and ground water levels, maintain field equipment, collect water samples, install and collect sampling equipment, and process samples for shipment to testing laboratories. May collect data on behalf of hydrologists, engineers, developers, government agencies, or agriculture.",64790.0,2840.0,0.4958158995815899,0.0385015608740894,0.2671587302278397,5.48,4.92,1.0,1.68,1.47,5.28,3.0,,,,,,,,,,,,,,,,,,,,,,,,,,,,,,,,
19-4051.00,19-4051,Nuclear Technicians,"Assist nuclear physicists, nuclear engineers, or other scientists in laboratory, power generation, or electricity production activities. May operate, maintain, or provide quality control for nuclear testing and research equipment. May monitor radiation.",110240.0,6470.0,0.8478033472803347,0.0993756503642039,0.4735894988222693,5.75,4.57,1.0,1.83,2.26,5.07,3.0,,,3.38,3.62,3.62,2.75,3.62,2.75,3.25,3.25,3.25,3.12,3.0,3.25,1.75,1.88,2.38,2.62,3.25,1.62,3.88,2.88,2.12,3.5,2.88,2.75,3.0,2.75,3.0,1.88,3.0,3.25
19-4051.02,19-4051,Nuclear Monitoring Technicians,"Collect and test samples to monitor results of nuclear experiments and contamination of humans, facilities, and environment.",110240.0,6470.0,0.8478033472803347,0.0993756503642039,0.4735894988222693,6.1,4.43,1.0,1.9,1.53,5.51,3.0,3.9018098190180983,15.86,3.0,3.88,3.88,3.12,3.75,3.12,3.5,3.12,3.12,3.0,3.25,3.38,2.0,2.0,2.75,2.75,2.75,1.25,3.75,2.88,1.5,3.12,1.62,2.88,3.0,3.0,2.5,1.62,3.0,2.75
19-4061.00,19-4061,Social Science Research Assistants,"Assist social scientists in laboratory, survey, and other social science research. May help prepare findings for publication and assist in laboratory analysis, quality control, or data management.",61990.0,30640.0,0.4518828451882845,0.3891779396462019,0.4205303924172432,2.38,6.08,1.89,2.67,2.27,5.93,4.0,6.595759575957595,91.38,3.12,3.75,3.75,3.12,4.0,3.25,3.38,3.75,3.38,2.88,2.62,3.12,1.75,2.0,2.38,2.38,1.62,2.0,2.12,2.5,2.62,2.5,1.0,2.38,2.88,3.0,2.88,1.75,2.88,1.75
19-4071.00,19-4071,Forest and Conservation Technicians,"Provide technical assistance regarding the conservation of soil, water, forests, or related natural resources. May compile data pertaining to size, content, condition, and other characteristics of forest tracts under the direction of foresters, or train and lead forest workers in forest propagation and fire prevention and suppression. May assist conservation scientists in managing, improving, and protecting rangelands and wildlife habitats.",54560.0,30410.0,0.356694560669456,0.3860561914672216,0.3713753760683388,6.53,4.37,1.0,2.81,2.47,4.72,3.0,3.901709829017098,14.82,3.0,3.75,3.75,2.75,3.38,2.75,3.25,3.0,3.0,3.12,3.12,3.25,2.0,2.0,2.88,2.25,2.75,1.88,2.88,2.88,2.0,2.62,2.0,3.0,3.12,3.0,2.75,2.0,3.25,2.0
19-4092.00,19-4092,Forensic Science Technicians,"Collect, identify, classify, and analyze physical evidence related to criminal investigations. Perform tests on weapons or substances, such as fiber, hair, and tissue to determine significance to investigation. May testify as expert witnesses on evidence or crime laboratory techniques. May serve as specialists in area of expertise, such as ballistics, fingerprinting, handwriting, or biochemistry.",72060.0,19120.0,0.5585774058577406,0.283038501560874,0.4208079537093073,5.18,5.94,1.77,1.5,1.59,4.98,3.0,3.950704929507049,34.41,3.38,4.0,4.0,2.75,4.0,3.25,4.0,4.0,3.62,3.12,2.75,3.25,1.38,1.5,2.62,2.38,2.62,1.62,2.75,2.75,1.5,2.5,1.5,3.0,3.25,3.0,3.0,1.38,3.0,2.0
19-4099.00,19-4099,"Life, Physical, and Social Science Technicians, All Other","All life, physical, and social science technicians not listed separately.",62280.0,73910.0,0.4576359832635983,0.5754422476586889,0.5165391154611436,,,,,,,,,,,,,,,,,,,,,,,,,,,,,,,,,,,,,,,
19-4099.01,19-4099,Quality Control Analysts,"Conduct tests to determine quality of raw materials, bulk intermediate and finished products. May conduct stability sample tests.",62280.0,73910.0,0.4576359832635983,0.5754422476586889,0.5165391154611436,4.11,4.88,1.0,1.21,2.6,6.0,3.0,3.6393,27.9,3.12,3.38,3.25,3.0,3.75,2.75,3.12,3.25,3.38,2.75,2.62,3.0,1.5,1.75,1.88,2.38,2.75,2.0,3.25,2.25,1.75,4.0,1.88,2.75,3.0,3.0,3.0,1.62,3.0,3.0
19-4099.03,19-4099,Remote Sensing Technicians,"Apply remote sensing technologies to assist scientists in areas such as natural resources, urban planning, or homeland security. May prepare flight plans or sensor configurations for flight trips.",62280.0,73910.0,0.4576359832635983,0.5754422476586889,0.5165391154611436,5.1,4.6,2.14,1.51,1.71,5.24,4.0,5.363099999999999,70.77,3.0,3.38,3.75,3.5,3.5,2.62,3.5,3.25,3.25,3.12,2.62,3.38,1.88,2.12,2.62,2.5,2.38,2.0,2.75,2.5,2.75,2.88,1.88,2.5,2.88,3.38,2.75,1.88,2.88,2.38
19-5011.00,19-5011,Occupational Health and Safety Specialists,"Review, evaluate, and analyze work environments and design programs and procedures to control, eliminate, and prevent disease or injury caused by chemical, physical, and biological agents or ergonomic factors. May conduct inspections and enforce adherence to laws and regulations governing the health and safety of individuals. May be employed in the public or private sector.",90150.0,140610.0,0.7207112970711297,0.6940686784599376,0.7073899877655336,4.45,4.98,1.28,3.45,3.2,4.7,4.0,6.086991300869913,91.31,3.38,4.0,3.75,3.0,4.0,2.75,4.0,4.0,3.75,3.0,3.25,3.75,2.0,2.0,2.5,2.88,2.0,3.0,3.0,3.12,1.88,3.12,1.38,3.0,3.75,3.75,3.75,1.88,3.0,2.0
19-5012.00,19-5012,Occupational Health and Safety Technicians,"Collect data on work environments for analysis by occupational health and safety specialists. Implement and conduct evaluation of programs designed to limit chemical, physical, biological, and ergonomic risks to workers.",61560.0,30590.0,0.4435146443514644,0.3881373569198751,0.4158260006356697,5.35,4.88,1.0,2.87,2.64,5.56,3.0,5.238223822382238,57.14,3.12,4.0,3.88,2.75,3.88,2.75,3.88,3.75,3.25,3.0,3.0,3.25,2.0,2.0,2.62,3.12,2.62,2.12,2.88,3.12,1.88,2.88,1.12,3.0,3.12,3.12,3.0,1.88,3.0,2.0
21-1011.00,21-1011,Substance Abuse and Behavioral Disorder Counselors,"Counsel and advise individuals with alcohol, tobacco, drug, or other problems, such as gambling and eating disorders. May counsel individuals, families, or groups or engage in prevention programs.",,,,,,1.59,3.81,2.59,6.66,2.71,3.16,5.0,5.891199999999999,52.67999999999999,3.75,4.25,4.12,2.0,4.0,2.0,4.25,4.0,3.5,3.5,3.38,3.88,2.0,2.0,3.0,3.25,1.62,2.0,2.0,3.88,1.75,2.0,1.0,3.88,4.12,3.25,3.25,1.75,3.0,1.5
21-1012.00,21-1012,"Educational, Guidance, and Career Counselors and Advisors",Advise and assist students and provide educational and vocational guidance services.,64330.0,353310.0,0.4895397489539749,0.850156087408949,0.6698479181814619,1.0,3.3,3.13,7.0,3.92,4.09,5.0,6.8036196380361975,97.5,3.75,4.38,3.88,2.25,3.88,1.5,4.12,3.88,3.75,3.62,3.62,3.62,1.5,1.5,2.88,3.38,1.0,1.38,1.5,3.62,1.5,1.5,1.0,4.0,4.12,3.0,3.0,1.38,3.12,1.25
21-1013.00,21-1013,Marriage and Family Therapists,"Diagnose and treat mental and emotional disorders, whether cognitive, affective, or behavioral, within the context of marriage and family systems. Apply psychotherapeutic and family systems theories and techniques in the delivery of services to individuals, couples, and families for the purpose of treating such diagnosed nervous and mental disorders.",66940.0,66740.0,0.5209205020920502,0.5504682622268471,0.5356943821594486,1.49,5.32,3.58,6.22,1.78,2.9,5.0,8.375962403759624,97.96,3.75,4.88,3.88,1.88,4.0,2.5,4.25,4.0,4.0,3.5,3.5,4.0,1.38,1.25,3.0,3.62,1.12,2.75,1.5,3.62,1.25,1.25,1.0,4.0,4.38,3.12,3.25,1.5,3.12,1.0
21-1014.00,21-1014,Mental Health Counselors,"Counsel and advise individuals and groups to promote optimum mental and emotional health, with an emphasis on prevention. May help individuals deal with a broad range of mental health issues, such as those associated with addictions and substance abuse; family, parenting, and marital problems; stress management; self-esteem; or aging.",,,,,,1.31,4.42,3.06,6.79,2.96,3.43,5.0,8.142800000000001,100.0,3.75,5.0,4.0,2.0,4.12,2.75,4.25,4.12,3.75,3.0,3.0,4.0,1.62,1.5,2.75,3.0,1.0,2.5,1.62,3.62,1.62,1.5,1.0,3.88,5.0,3.0,3.0,1.5,3.0,1.0
21-1015.00,21-1015,Rehabilitation Counselors,"Counsel individuals to maximize the independence and employability of persons coping with personal, social, and vocational difficulties that result from birth defects, illness, disease, accidents, aging, or the stress of daily life. Coordinate activities for residents of care and treatment facilities. Assess client needs and design and implement rehabilitation programs that may include personal and vocational counseling, training, and job placement.",46850.0,94740.0,0.2133891213389121,0.6170655567117586,0.4152273390253354,1.23,3.27,2.98,6.8,3.56,3.26,4.0,6.154,87.08,3.12,4.0,3.62,2.0,3.75,2.25,4.0,3.62,3.12,3.62,3.12,3.38,1.5,1.38,2.75,3.0,1.12,2.88,1.62,3.12,1.5,1.25,1.0,4.0,4.0,3.12,3.12,1.5,3.25,1.0
21-1019.00,21-1019,"Counselors, All Other",All counselors not listed separately.,50860.0,28580.0,0.3148535564853556,0.3746097814776274,0.3447316689814915,,,,,,,,,,,,,,,,,,,,,,,,,,,,,,,,,,,,,,,
21-1021.00,21-1021,"Child, Family, and School Social Workers","Provide social services and assistance to improve the social and psychological functioning of children and their families and to maximize the family well-being and the academic functioning of children. May assist parents, arrange adoptions, and find foster homes for abandoned or abused children. In schools, they address such problems as teenage pregnancy, misbehavior, and truancy. May also advise teachers.",59550.0,392550.0,0.4194560669456067,0.8657648283038502,0.6426104476247284,1.7,3.32,2.9,6.85,2.94,3.57,4.0,6.4615,94.49,3.38,4.88,4.12,2.0,4.0,2.25,4.5,3.75,3.88,3.75,3.12,4.0,1.38,1.38,2.88,3.75,2.0,2.62,2.12,3.75,1.38,1.75,1.0,4.0,4.12,3.12,2.88,1.5,3.75,1.5
21-1022.00,21-1022,Healthcare Social Workers,"Provide individuals, families, and groups with the psychosocial support needed to cope with chronic, acute, or terminal illnesses. Services include advising family caregivers. Provide patients with information and counseling, and make referrals for other services. May also provide case and care management or interventions designed to promote health, prevent disease, and address barriers to access to healthcare.",67880.0,187630.0,0.5261506276150628,0.7658688865764828,0.6460097570957728,1.96,4.24,2.34,6.92,2.55,3.07,5.0,7.888888888888888,99.99,3.75,4.0,4.0,2.0,4.0,2.62,4.12,3.88,3.88,4.0,3.0,3.62,1.62,1.75,3.12,3.12,1.62,2.88,1.62,3.25,1.62,1.62,1.0,4.12,4.25,2.75,3.12,1.62,3.12,1.0
21-1023.00,21-1023,Mental Health and Substance Abuse Social Workers,"Assess and treat individuals with mental, emotional, or substance abuse problems, including abuse of alcohol, tobacco, and/or other drugs. Activities may include individual and group therapy, crisis intervention, case management, client advocacy, prevention, and education.",60280.0,132810.0,0.4299163179916318,0.6836628511966701,0.556789584594151,1.71,4.08,2.78,6.97,2.46,3.12,5.0,7.6648,100.0,3.25,4.12,4.0,2.0,4.0,2.62,4.12,3.75,3.88,3.88,3.25,3.5,1.88,1.88,3.0,3.38,1.38,2.5,2.0,3.75,1.88,1.88,1.0,3.88,4.25,3.25,2.88,1.75,3.25,1.0
21-1029.00,21-1029,"Social Workers, All Other",All social workers not listed separately.,71900.0,62930.0,0.5564853556485355,0.5369406867845994,0.5467130212165674,,,,,,,,,,,,,,,,,,,,,,,,,,,,,,,,,,,,,,,
21-1091.00,21-1091,Health Education Specialists,"Provide and manage health education programs that help individuals, families, and their communities maximize and maintain healthy lifestyles. Use data to identify community needs prior to planning, implementing, monitoring, and evaluating programs designed to encourage healthy lifestyles, policies, and environments. May link health systems, health providers, insurers, and patients to address individual and population health needs. May serve as resource to assist individuals, other health professionals, or the community, and may administer fiscal resources for health education programs.",64070.0,65690.0,0.4874476987447699,0.5483870967741935,0.5179173977594818,1.66,5.29,2.54,6.15,3.21,3.95,4.0,5.3861,35.23,3.88,4.12,3.75,2.12,3.75,2.5,4.12,4.12,3.12,3.62,3.38,3.25,2.25,2.12,3.0,3.0,1.5,3.0,1.88,3.12,1.38,1.38,1.0,3.25,3.88,3.12,3.0,1.75,3.38,1.0
21-1092.00,21-1092,Probation Officers and Correctional Treatment Specialists,"Provide social services to assist in rehabilitation of law offenders in custody or on probation or parole. Make recommendations for actions involving formulation of rehabilitation plan and treatment of offender, including conditional release and education and employment stipulations.",66270.0,89390.0,0.5151673640167364,0.6077003121748179,0.5614338380957771,2.35,3.44,2.15,5.56,3.92,4.18,4.0,5.8779,90.47,3.38,4.0,3.88,1.88,3.88,1.75,4.0,3.75,3.75,3.12,3.0,3.62,1.62,1.62,2.25,3.12,2.12,1.75,2.25,3.12,1.62,2.0,1.0,3.0,4.0,2.88,2.75,1.5,3.38,1.62
21-1093.00,21-1093,Social and Human Service Assistants,"Assist other social and human service providers in providing client services in a wide variety of fields, such as psychology, rehabilitation, or social work, including support for families. May assist clients in identifying and obtaining available benefits and social and community services. May assist social workers with developing, organizing, and conducting programs to prevent and resolve problems relevant to substance abuse, human relationships, rehabilitation, or dependent care.",45930.0,437860.0,0.1877615062761506,0.894901144640999,0.5413313254585748,1.28,2.8,1.95,6.09,3.61,4.57,4.0,5.5396,55.39,3.25,4.0,3.62,2.0,3.75,1.75,4.0,3.62,3.25,3.75,2.88,3.25,2.0,2.0,2.25,3.0,2.0,2.0,2.0,3.38,1.62,1.88,1.0,3.88,4.0,2.75,2.88,1.75,3.0,1.12
21-1094.00,21-1094,Community Health Workers,"Promote health within a community by assisting individuals to adopt healthy behaviors. Serve as an advocate for the health needs of individuals by assisting community residents in effectively communicating with healthcare providers or social service agencies. Act as liaison or advocate and implement programs that promote, maintain, and improve individual and overall community health. May deliver health-related preventive services such as blood pressure, glaucoma, and hearing screenings. May collect data to help identify community health needs.",51850.0,61660.0,0.3305439330543933,0.5359001040582726,0.4332220185563329,2.0,3.49,2.22,6.58,3.53,3.38,4.0,5.726727327267273,67.18,3.62,4.12,3.75,2.25,3.88,1.25,4.12,4.0,3.5,3.62,3.5,3.38,1.88,1.88,3.25,3.0,1.88,1.38,2.12,3.5,1.5,1.88,1.0,3.88,4.12,3.38,3.12,1.5,3.38,1.62
21-1099.00,21-1099,"Community and Social Service Specialists, All Other",All community and social service specialists not listed separately.,56730.0,107730.0,0.3786610878661088,0.6430801248699272,0.510870606368018,,,,,,,,,,,,,,,,,,,,,,,,,,,,,,,,,,,,,,,
21-2011.00,21-2011,Clergy,Conduct religious worship and perform other spiritual functions associated with beliefs and practices of religious faith or denomination. Provide spiritual and moral guidance and assistance to members.,60810.0,57200.0,0.4361924686192469,0.5192507804370448,0.4777216245281458,2.1,2.11,3.44,5.91,4.17,2.89,5.0,6.476447644764476,72.62,3.75,4.25,3.75,1.88,3.88,1.38,4.75,3.88,3.75,3.75,4.0,3.88,2.75,2.75,3.38,3.75,1.38,1.75,1.75,3.88,1.5,1.0,1.0,4.0,4.12,2.88,3.0,1.5,3.88,1.0
21-2021.00,21-2021,"Directors, Religious Activities and Education","Coordinate or design programs and conduct outreach to promote the religious education or activities of a denominational group. May provide counseling, guidance, and leadership relative to marital, health, financial, and religious problems.",52100.0,22160.0,0.3331589958158996,0.3194588969823101,0.3263089463991048,1.0,2.71,3.38,7.0,6.16,3.16,4.0,5.37006299370063,63.33,3.88,4.0,3.88,2.12,3.88,1.38,4.12,3.25,3.5,3.75,3.88,3.62,2.75,2.75,3.0,3.0,1.12,2.88,2.0,3.12,1.75,2.0,1.0,3.88,4.0,3.12,2.88,1.88,3.12,1.5
21-2099.00,21-2099,"Religious Workers, All Other",All religious workers not listed separately.,45280.0,15760.0,0.1757322175732217,0.2476586888657648,0.2116954532194933,,,,,,,,,,,,,,,,,,,,,,,,,,,,,,,,,,,,,,,
23-1011.00,23-1011,Lawyers,"Represent clients in criminal and civil litigation and other legal proceedings, draw up legal documents, or manage or advise clients on legal transactions. May specialize in a single area or may practice broadly in many areas of law.",159670.0,754500.0,0.9518828451882844,0.9375650364203956,0.94472394080434,1.12,4.38,2.4,3.48,5.51,4.59,5.0,10.7719,100.0,3.75,4.5,4.5,2.0,4.5,1.5,4.62,4.25,4.12,3.5,3.12,4.12,2.0,2.0,2.88,4.0,1.0,2.38,1.38,4.0,1.5,1.0,1.0,3.12,3.75,3.38,3.0,1.5,3.62,1.0
23-1012.00,23-1012,Judicial Law Clerks,Assist judges in court or by conducting research or preparing legal documents.,64920.0,13290.0,0.4989539748953975,0.2049947970863683,0.3519743859908829,1.6,4.01,2.07,3.38,4.51,5.1,5.0,10.156515651565156,90.65,3.75,4.25,4.25,1.88,4.5,1.0,4.0,4.12,3.5,3.0,2.62,3.25,1.0,1.25,1.75,2.75,1.0,1.25,1.25,2.75,1.5,1.75,1.0,2.62,3.0,2.38,2.38,1.62,3.25,1.0
23-1021.00,23-1021,"Administrative Law Judges, Adjudicators, and Hearing Officers","Conduct hearings to recommend or make decisions on claims concerning government programs or other government-related matters. Determine liability, sanctions, or penalties, or recommend the acceptance or rejection of claims or settlements.",117860.0,16370.0,0.8755230125523012,0.2518210197710718,0.5636720161616865,1.0,4.01,1.73,3.05,5.11,5.49,5.0,8.414200000000001,77.56,3.75,4.25,4.25,2.12,4.25,1.62,4.0,4.12,3.88,3.0,2.75,4.12,1.75,1.62,2.62,3.25,1.0,1.88,1.5,3.0,1.5,1.12,1.0,3.0,3.88,2.75,2.75,1.75,3.25,1.0
23-1022.00,23-1022,"Arbitrators, Mediators, and Conciliators",Facilitate negotiation and conflict resolution through dialogue. Resolve conflicts outside of the court system by mutual consent of parties involved.,75530.0,9210.0,0.5972803347280334,0.1425598335067638,0.3699200841173986,1.12,3.61,2.25,4.24,4.63,4.33,5.0,8.0528,89.48,3.88,4.38,4.0,2.12,4.12,1.25,4.12,4.25,3.75,3.12,2.88,3.62,1.38,1.25,2.0,4.62,1.12,1.5,1.38,3.75,1.62,1.0,1.0,3.0,3.75,2.62,2.5,1.25,2.88,1.0
23-1023.00,23-1023,"Judges, Magistrate Judges, and Magistrates","Arbitrate, advise, adjudicate, or administer justice in a court of law. May sentence defendant in criminal cases according to government statutes or sentencing guidelines. May determine liability of defendant in civil cases. May perform wedding ceremonies.",153990.0,24030.0,0.950836820083682,0.3413111342351717,0.6460739771594268,2.33,3.81,2.19,3.96,5.27,4.11,5.0,10.831216878312167,99.53,4.0,5.0,4.88,2.12,4.25,1.75,4.12,4.12,4.12,3.0,3.0,4.25,1.62,1.62,2.88,3.25,1.0,2.38,1.25,3.0,1.25,1.0,1.0,3.0,4.0,3.0,2.88,1.75,3.38,1.0
23-2011.00,23-2011,Paralegals and Legal Assistants,"Assist lawyers by investigating facts, preparing legal documents, or researching legal precedent. Conduct research to support a legal proceeding, to formulate a defense, or to initiate legal action.",62890.0,392880.0,0.4707112970711297,0.8668054110301769,0.6687583540506533,1.74,5.04,2.24,3.12,3.92,5.28,3.0,5.5318,56.53,3.0,3.88,3.25,2.0,3.88,1.38,3.62,4.0,3.0,2.88,2.25,3.0,1.0,1.0,2.0,2.75,1.0,1.5,1.75,2.75,1.75,1.0,1.0,3.0,3.0,2.12,2.0,1.62,3.0,1.0
23-2093.00,23-2093,"Title Examiners, Abstractors, and Searchers","Search real estate records, examine titles, or summarize pertinent legal or insurance documents or details for a variety of purposes. May compile lists of mortgages, contracts, and other instruments pertaining to titles by searching public and private records for law firms, real estate agencies, or title insurance companies.",58650.0,48580.0,0.405857740585774,0.4869927159209157,0.4464252282533448,2.44,2.63,1.11,2.34,3.44,6.74,2.0,3.0504,13.4,3.0,3.75,3.62,2.25,4.12,1.25,3.62,3.38,3.12,3.0,2.12,2.75,1.62,1.62,2.38,2.12,1.0,1.62,1.62,2.5,1.25,1.25,1.0,2.88,2.88,2.25,2.12,1.0,3.12,1.0
23-2099.00,23-2099,"Legal Support Workers, All Other",All legal support workers not listed separately.,72110.0,46760.0,0.5606694560669456,0.4765868886576482,0.518628172362297,,,,,,,,,,,,,,,,,,,,,,,,,,,,,,,,,,,,,,,
25-1011.00,25-1011,"Business Teachers, Postsecondary","Teach courses in business administration and management, such as accounting, finance, human resources, labor and industrial relations, marketing, and operations research. Includes both teachers primarily engaged in teaching and those who do a combination of teaching and research.",99080.0,82150.0,0.7782426778242678,0.5931321540062435,0.6856874159152557,2.0,4.85,3.2,6.43,3.83,3.77,5.0,10.082891710828918,100.01,3.88,4.0,3.88,3.0,4.0,1.88,4.25,4.0,3.5,3.0,4.12,3.38,1.62,1.62,2.62,2.75,1.12,2.25,1.5,2.88,1.88,1.5,1.0,2.75,3.25,3.12,3.12,1.62,3.25,1.0
25-1021.00,25-1021,"Computer Science Teachers, Postsecondary","Teach courses in computer science. May specialize in a field of computer science, such as the design and function of computers or operations and research analysis. Includes both teachers primarily engaged in teaching and those who do a combination of teaching and research.",96980.0,35480.0,0.7583682008368201,0.4255983350676379,0.591983267952229,3.09,5.69,3.32,5.88,2.26,3.97,5.0,9.0295,100.0,3.88,3.88,3.88,3.12,4.0,2.75,4.0,4.0,3.75,3.0,4.12,3.88,2.0,2.0,2.75,3.0,1.62,2.25,2.12,3.0,3.0,2.0,1.0,3.12,3.62,3.38,3.25,2.0,3.12,1.38
25-1022.00,25-1022,"Mathematical Science Teachers, Postsecondary","Teach courses pertaining to mathematical concepts, statistics, and actuarial science and to the application of original and standardized mathematical techniques in solving specific problems and situations. Includes both teachers primarily engaged in teaching and those who do a combination of teaching and research.",79940.0,47670.0,0.6610878661087866,0.4807492195629552,0.570918542835871,2.81,5.86,3.2,6.19,1.94,4.38,5.0,9.3253,100.0,3.75,4.0,3.88,4.25,4.0,2.38,4.12,3.88,3.62,3.0,4.0,3.25,1.62,1.62,2.0,2.5,1.0,2.12,1.25,2.62,1.75,1.5,1.0,3.0,3.0,2.88,3.12,1.62,3.12,1.0
25-1031.00,25-1031,"Architecture Teachers, Postsecondary","Teach courses in architecture and architectural design, such as architectural environmental design, interior architecture/design, and landscape architecture. Includes both teachers primarily engaged in teaching and those who do a combination of teaching and research.",96870.0,7700.0,0.7573221757322176,0.1134235171696149,0.4353728464509163,3.43,5.13,4.48,6.77,2.46,3.2,5.0,9.165916591659164,90.67,3.88,4.0,3.88,2.88,4.12,2.38,4.12,4.0,3.62,3.25,4.12,3.88,1.75,2.0,2.75,3.0,1.25,3.12,1.88,3.0,1.88,2.0,1.0,3.12,3.62,3.25,3.25,1.75,3.25,1.25
25-1032.00,25-1032,"Engineering Teachers, Postsecondary","Teach courses pertaining to the application of physical laws and principles of engineering for the development of machines, materials, instruments, processes, and services. Includes teachers of subjects such as chemical, civil, electrical, industrial, mechanical, mineral, and petroleum engineering. Includes both teachers primarily engaged in teaching and those who do a combination of teaching and research.",109270.0,40270.0,0.8430962343096234,0.4536940686784599,0.6483951514940417,4.84,5.39,3.16,5.77,2.01,3.44,5.0,10.600179964007198,100.02,3.62,4.0,3.88,3.88,4.0,3.5,4.12,3.88,3.25,3.12,4.12,3.75,1.75,1.75,2.75,2.88,1.5,2.75,1.88,2.88,2.0,2.0,1.0,2.75,3.0,3.12,3.12,1.88,3.12,1.38
25-1041.00,25-1041,"Agricultural Sciences Teachers, Postsecondary","Teach courses in the agricultural sciences. Includes teachers of agronomy, dairy sciences, fisheries management, horticultural sciences, poultry sciences, range management, and agricultural soil conservation. Includes both teachers primarily engaged in teaching and those who do a combination of teaching and research.",98700.0,8920.0,0.7709205020920502,0.1352757544224765,0.4530981282572633,3.97,5.36,2.92,6.24,2.61,3.51,5.0,10.6775,98.6,4.0,4.0,4.0,3.0,4.12,3.5,4.12,4.0,3.62,3.5,4.38,3.75,1.75,1.88,2.75,2.5,1.88,1.75,2.0,2.75,1.75,2.0,1.0,2.88,3.12,2.88,3.12,1.75,3.38,1.75
25-1042.00,25-1042,"Biological Science Teachers, Postsecondary",Teach courses in biological sciences. Includes both teachers primarily engaged in teaching and those who do a combination of teaching and research.,84620.0,50190.0,0.7081589958158996,0.4890738813735692,0.5986164385947343,3.96,5.88,3.3,6.25,2.04,3.65,5.0,10.945605439456054,98.74,4.0,4.0,3.88,3.12,4.0,4.0,4.25,4.0,3.62,3.0,4.12,3.75,1.75,1.88,2.5,2.88,1.12,2.38,1.75,2.88,1.5,1.88,1.62,3.12,3.25,3.12,3.12,1.38,3.62,1.5
25-1043.00,25-1043,"Forestry and Conservation Science Teachers, Postsecondary",Teach courses in forestry and conservation science. Includes both teachers primarily engaged in teaching and those who do a combination of teaching and research.,101420.0,1520.0,0.7949790794979079,0.0208116545265348,0.4078953670122214,3.97,5.91,3.15,6.47,2.42,3.34,5.0,10.767599999999998,100.0,4.0,4.0,3.88,3.0,4.12,3.25,4.0,4.12,3.88,3.12,4.25,3.25,2.0,2.0,2.88,3.0,2.0,2.38,2.12,3.0,1.88,2.0,1.0,3.0,3.25,3.0,3.12,1.88,3.25,1.62
25-1051.00,25-1051,"Atmospheric, Earth, Marine, and Space Sciences Teachers, Postsecondary","Teach courses in the physical sciences, except chemistry and physics. Includes both teachers primarily engaged in teaching, and those who do a combination of teaching and research.",103170.0,9900.0,0.8117154811715481,0.1508844953173777,0.4812999882444629,4.0,5.61,3.14,6.51,2.37,3.6,5.0,9.4993,100.0,3.88,4.0,4.0,3.38,4.0,4.0,4.75,4.0,3.75,3.0,4.0,3.5,1.75,2.12,2.88,2.88,1.0,2.38,1.75,2.88,1.88,1.62,1.0,3.0,3.12,3.12,3.0,1.75,3.0,1.12
25-1052.00,25-1052,"Chemistry Teachers, Postsecondary","Teach courses pertaining to the chemical and physical properties and compositional changes of substances. Work may include providing instruction in the methods of qualitative and quantitative chemical analysis. Includes both teachers primarily engaged in teaching, and those who do a combination of teaching and research.",93250.0,19980.0,0.7374476987447699,0.2944849115504682,0.5159663051476191,4.05,5.82,2.95,5.71,2.09,3.78,5.0,9.8988,99.7,4.0,4.0,4.0,3.25,4.12,4.0,4.12,4.12,3.88,3.0,3.88,3.62,2.12,2.0,2.75,2.38,1.12,2.62,2.0,3.0,1.88,2.38,1.0,3.0,3.25,3.12,2.88,1.88,3.0,2.0
25-1053.00,25-1053,"Environmental Science Teachers, Postsecondary",Teach courses in environmental science. Includes both teachers primarily engaged in teaching and those who do a combination of teaching and research.,94980.0,6690.0,0.74581589958159,0.1030176899063475,0.4244167947439687,3.71,6.34,3.37,6.25,2.49,3.42,5.0,10.7649,100.0,3.88,4.0,4.0,3.0,4.12,4.0,4.12,4.0,3.75,3.0,4.0,3.25,1.75,2.0,2.75,2.75,1.0,2.5,1.75,2.88,1.38,1.88,1.0,3.0,3.0,3.12,3.12,1.38,3.0,1.38
25-1054.00,25-1054,"Physics Teachers, Postsecondary",Teach courses pertaining to the laws of matter and energy. Includes both teachers primarily engaged in teaching and those who do a combination of teaching and research.,100310.0,13090.0,0.7834728033472803,0.2029136316337148,0.4931932174904976,3.77,5.98,3.28,6.06,2.35,3.64,5.0,10.4483,100.0,4.0,4.0,4.0,3.62,4.12,4.12,4.12,4.0,3.62,3.12,4.25,3.75,2.0,2.0,3.0,2.5,1.62,2.62,2.0,3.0,1.88,2.12,2.25,3.0,3.12,2.88,2.88,1.62,3.25,2.12
25-1061.00,25-1061,"Anthropology and Archeology Teachers, Postsecondary",Teach courses in anthropology or archeology. Includes both teachers primarily engaged in teaching and those who do a combination of teaching and research.,99650.0,5240.0,0.7813807531380753,0.0822060353798126,0.431793394258944,3.46,5.96,3.57,6.75,2.47,3.29,5.0,10.09069093090691,100.01,4.25,4.38,4.0,2.62,4.75,3.75,4.88,4.62,3.62,3.25,4.5,3.75,1.62,1.88,2.88,2.88,1.0,2.12,1.25,3.0,1.5,1.25,1.0,3.0,3.5,3.12,3.12,1.62,3.75,1.0
25-1062.00,25-1062,"Area, Ethnic, and Cultural Studies Teachers, Postsecondary","Teach courses pertaining to the culture and development of an area, an ethnic group, or any other group, such as Latin American studies, women's studies, or urban affairs. Includes both teachers primarily engaged in teaching and those who do a combination of teaching and research.",85020.0,11300.0,0.7102510460251046,0.1716961498439126,0.4409735979345086,3.05,5.31,3.84,6.92,3.0,3.03,5.0,10.018999999999998,99.83,4.0,4.0,3.88,2.0,4.25,2.5,4.12,4.0,3.88,3.0,4.12,3.25,2.12,2.0,2.88,2.62,1.0,2.75,1.38,3.12,1.75,1.5,1.0,3.12,3.38,3.12,3.12,1.88,3.25,1.0
25-1063.00,25-1063,"Economics Teachers, Postsecondary",Teach courses in economics. Includes both teachers primarily engaged in teaching and those who do a combination of teaching and research.,123920.0,11560.0,0.895397489539749,0.1753381893860562,0.5353678394629026,2.73,5.56,3.02,6.21,3.36,3.9,5.0,10.4778,100.0,3.75,4.0,3.88,3.25,4.0,2.38,4.12,4.0,3.25,2.88,4.0,3.38,1.75,1.75,2.75,2.38,1.0,2.62,1.75,2.62,1.88,1.25,1.0,2.75,3.0,3.0,3.12,1.75,2.88,1.0
25-1064.00,25-1064,"Geography Teachers, Postsecondary",Teach courses in geography. Includes both teachers primarily engaged in teaching and those who do a combination of teaching and research.,97590.0,3330.0,0.7656903765690377,0.0509885535900104,0.408339465079524,3.24,5.65,3.69,6.76,2.61,3.67,5.0,10.5242,100.0,3.88,4.0,3.88,2.75,4.0,3.12,4.12,4.12,3.88,3.0,4.12,3.25,2.0,2.0,2.88,2.88,1.0,2.5,1.38,3.0,2.0,1.25,1.0,2.88,3.12,3.0,2.88,1.88,3.25,1.0
25-1065.00,25-1065,"Political Science Teachers, Postsecondary","Teach courses in political science, international affairs, and international relations. Includes both teachers primarily engaged in teaching and those who do a combination of teaching and research.",98070.0,16970.0,0.7677824267782427,0.2601456815816857,0.5139640541799642,1.95,5.47,3.72,6.87,3.25,3.02,5.0,10.8962,100.0,4.0,4.0,3.88,2.0,4.12,2.38,4.62,4.0,3.75,3.12,4.0,3.25,1.88,1.88,2.75,2.88,1.0,2.75,1.25,3.12,1.25,1.38,1.0,3.0,3.12,2.88,2.75,1.25,3.0,1.0
25-1066.00,25-1066,"Psychology Teachers, Postsecondary","Teach courses in psychology, such as child, clinical, and developmental psychology, and psychological counseling. Includes both teachers primarily engaged in teaching and those who do a combination of teaching and research.",80340.0,41530.0,0.6657949790794979,0.4588969823100936,0.5623459806947958,2.13,5.59,3.86,7.0,2.32,3.3,5.0,10.863913608639136,100.01,3.88,4.0,3.88,3.0,4.12,3.38,4.12,4.0,3.75,3.12,4.12,3.75,1.75,1.88,2.88,2.5,1.0,2.5,1.38,2.62,1.88,1.5,1.0,3.0,3.75,3.12,3.12,1.62,3.0,1.0
25-1067.00,25-1067,"Sociology Teachers, Postsecondary",Teach courses in sociology. Includes both teachers primarily engaged in teaching and those who do a combination of teaching and research.,84290.0,11850.0,0.7071129707112971,0.1768990634755463,0.4420060170934217,2.57,5.71,3.58,6.7,2.53,3.27,5.0,10.3052,100.0,3.62,4.0,3.75,2.12,4.0,2.75,4.62,4.0,3.12,2.88,4.0,3.25,1.62,1.75,2.88,2.62,1.0,2.62,1.38,2.75,1.5,1.5,1.0,3.0,3.62,2.88,2.88,1.38,3.38,1.0
25-1069.00,25-1069,"Social Sciences Teachers, Postsecondary, All Other",All postsecondary social sciences teachers not listed separately.,72990.0,16580.0,0.5653765690376569,0.254942767950052,0.4101596684938544,,,,,,,,,,,,,,,,,,,,,,,,,,,,,,,,,,,,,,,
25-1071.00,25-1071,"Health Specialties Teachers, Postsecondary","Teach courses in health specialties, in fields such as dentistry, laboratory technology, medicine, pharmacy, public health, therapy, and veterinary medicine.",107310.0,221270.0,0.8420502092050209,0.7877211238293444,0.8148856665171826,3.27,5.43,3.0,7.0,1.99,3.52,5.0,8.97910208979102,92.48,4.0,4.0,4.0,3.0,4.12,3.25,4.12,4.0,3.75,3.12,4.12,3.88,1.88,1.88,2.88,3.0,1.62,2.38,1.88,3.0,1.38,2.0,1.62,3.0,3.25,2.88,2.88,1.38,3.75,1.62
25-1072.00,25-1072,"Nursing Instructors and Teachers, Postsecondary",Demonstrate and teach patient care in classroom and clinical units to nursing students. Includes both teachers primarily engaged in teaching and those who do a combination of teaching and research.,80250.0,77960.0,0.6631799163179917,0.5879292403746098,0.6255545783463008,2.94,4.91,3.29,7.0,2.13,3.15,5.0,9.2718,100.0,3.88,4.0,3.88,2.88,4.0,2.88,4.12,4.0,3.62,3.75,4.25,3.88,2.0,2.0,3.0,3.0,1.5,2.38,2.0,3.12,1.88,2.12,1.0,3.25,3.75,3.12,3.12,1.88,3.25,2.0
25-1081.00,25-1081,"Education Teachers, Postsecondary","Teach courses pertaining to education, such as counseling, curriculum, guidance, instruction, teacher education, and teaching English as a second language. Includes both teachers primarily engaged in teaching and those who do a combination of teaching and research.",75350.0,60830.0,0.5930962343096234,0.5327783558792925,0.562937295094458,2.67,4.77,3.47,7.0,2.68,3.61,5.0,10.6852,100.0,4.0,4.12,3.75,2.12,4.25,2.0,4.62,4.0,3.75,3.0,4.12,3.12,1.88,2.12,2.75,2.88,1.0,2.62,1.25,2.88,1.5,1.25,1.0,3.0,3.25,3.12,3.12,1.62,3.5,1.0
25-1082.00,25-1082,"Library Science Teachers, Postsecondary",Teach courses in library science. Includes both teachers primarily engaged in teaching and those who do a combination of teaching and research.,80340.0,3630.0,0.6657949790794979,0.0593132154006243,0.3625540972400611,2.93,5.44,3.27,6.27,2.16,4.16,5.0,10.243724372437242,99.06,4.0,4.0,4.0,2.25,4.12,2.12,4.12,4.0,3.62,3.12,4.25,3.25,1.75,1.75,2.88,2.62,1.0,2.0,1.5,2.75,1.75,1.62,1.0,3.0,3.25,3.12,3.12,1.75,3.0,1.0
25-1111.00,25-1111,"Criminal Justice and Law Enforcement Teachers, Postsecondary","Teach courses in criminal justice, corrections, and law enforcement administration. Includes both teachers primarily engaged in teaching and those who do a combination of teaching and research.",76590.0,13150.0,0.6134937238493724,0.2039542143600416,0.408723969104707,2.4,4.88,3.33,6.85,3.37,3.56,5.0,7.905190519051905,79.06,4.0,4.12,4.12,2.0,4.0,1.75,4.75,4.0,3.12,2.88,4.0,3.62,1.5,1.62,2.75,2.75,1.0,2.62,1.5,2.88,1.38,1.12,1.0,3.0,3.12,3.12,2.88,1.25,3.12,1.0
25-1112.00,25-1112,"Law Teachers, Postsecondary",Teach courses in law. Includes both teachers primarily engaged in teaching and those who do a combination of teaching and research.,128500.0,20060.0,0.910041841004184,0.295525494276795,0.6027836676404895,2.41,5.35,3.39,6.46,3.49,3.72,5.0,9.96970302969703,98.94,4.0,4.25,4.0,2.0,4.25,1.62,4.62,4.0,3.5,3.0,4.12,3.88,1.25,1.5,2.75,2.88,1.0,1.88,1.5,3.0,1.75,1.5,1.0,2.75,3.12,3.12,3.12,1.75,2.88,1.0
25-1113.00,25-1113,"Social Work Teachers, Postsecondary",Teach courses in social work. Includes both teachers primarily engaged in teaching and those who do a combination of teaching and research.,77570.0,12610.0,0.6244769874476988,0.1904266389177939,0.4074518131827463,2.2,5.03,3.86,7.0,2.85,3.02,5.0,10.123012301230125,99.99,4.0,4.0,4.0,2.62,4.0,2.62,4.62,4.0,3.75,3.5,4.75,3.62,1.62,1.88,2.88,2.88,1.0,2.75,1.5,2.88,1.75,1.38,1.0,3.25,3.75,3.12,3.12,1.75,3.12,1.0
25-1121.00,25-1121,"Art, Drama, and Music Teachers, Postsecondary","Teach courses in drama, music, and the arts including fine and applied art, such as painting and sculpture, or design and crafts. Includes both teachers primarily engaged in teaching and those who do a combination of teaching and research.",78620.0,93560.0,0.6438284518828452,0.6149843912591051,0.6294064215709751,3.03,4.14,5.73,6.99,2.12,2.61,5.0,8.638263826382637,98.55,4.0,4.0,3.62,2.0,4.0,1.75,4.62,3.88,3.38,3.12,4.38,3.25,1.75,2.0,2.75,2.5,1.25,2.62,1.5,2.75,1.38,1.62,1.38,2.88,3.62,3.0,2.88,1.62,3.62,1.0
25-1122.00,25-1122,"Communications Teachers, Postsecondary","Teach courses in communications, such as organizational communications, public relations, radio/television broadcasting, and journalism. Includes both teachers primarily engaged in teaching and those who do a combination of teaching and research.",78580.0,29420.0,0.6422594142259415,0.3839750260145682,0.5131172201202548,2.18,4.62,3.82,6.95,3.13,3.58,5.0,8.962796279627963,99.99,4.0,4.12,3.88,2.12,4.12,2.0,4.12,4.0,3.62,3.0,4.12,3.5,2.0,2.12,2.88,3.0,1.0,2.12,1.75,3.0,1.62,1.38,1.0,3.0,3.25,3.0,3.0,1.62,3.12,1.0
25-1123.00,25-1123,"English Language and Literature Teachers, Postsecondary","Teach courses in English language and literature, including linguistics and comparative literature. Includes both teachers primarily engaged in teaching and those who do a combination of teaching and research.",78760.0,57720.0,0.6485355648535565,0.5213319458896982,0.5849337553716274,2.28,4.78,4.19,7.0,2.43,3.49,5.0,9.104210421042104,90.38,3.88,4.0,3.75,2.0,4.75,1.75,4.12,4.25,3.25,3.0,4.62,3.38,1.0,1.5,3.0,3.0,1.0,2.12,1.25,3.0,1.38,1.25,1.0,3.12,3.12,2.88,2.88,1.5,3.12,1.0
25-1124.00,25-1124,"Foreign Language and Literature Teachers, Postsecondary",Teach languages and literature courses in languages other than English. Includes teachers of American Sign Language (ASL). Includes both teachers primarily engaged in teaching and those who do a combination of teaching and research.,79350.0,19830.0,0.6537656903765691,0.2924037460978148,0.4730847182371919,2.11,4.52,4.06,7.0,2.52,3.53,5.0,10.0278,100.0,3.88,4.0,3.75,2.0,4.0,1.75,4.12,4.0,3.5,3.0,4.0,3.5,1.12,1.62,2.62,2.75,1.0,2.38,1.5,2.75,1.75,1.62,1.0,2.88,3.25,2.75,2.75,1.75,3.0,1.0
25-1125.00,25-1125,"History Teachers, Postsecondary",Teach courses in human history and historiography. Includes both teachers primarily engaged in teaching and those who do a combination of teaching and research.,83820.0,18790.0,0.7050209205020921,0.2767950052029136,0.4909079628525028,2.81,5.41,3.95,6.95,2.6,3.45,5.0,10.0892,100.0,3.88,4.0,3.88,2.0,4.25,1.88,4.5,4.12,3.38,3.12,4.0,3.62,1.75,1.75,2.75,3.0,1.0,2.5,1.38,3.0,1.25,1.25,1.0,3.12,3.25,3.0,2.88,1.12,3.75,1.0
25-1126.00,25-1126,"Philosophy and Religion Teachers, Postsecondary","Teach courses in philosophy, religion, and theology. Includes both teachers primarily engaged in teaching and those who do a combination of teaching and research.",80260.0,20460.0,0.6642259414225942,0.3007284079084287,0.4824771746655114,2.46,5.14,3.76,7.0,2.77,3.48,5.0,10.72077207720772,99.99,3.75,4.12,4.0,2.0,4.25,1.75,4.12,4.0,3.5,3.0,4.12,3.38,1.25,1.75,2.75,2.38,1.0,2.38,1.5,2.88,1.75,1.38,1.0,3.0,3.38,3.0,3.12,1.62,3.0,1.0
25-1192.00,25-1192,"Family and Consumer Sciences Teachers, Postsecondary","Teach courses in childcare, family relations, finance, nutrition, and related subjects pertaining to home management. Includes both teachers primarily engaged in teaching and those who do a combination of teaching and research.",75870.0,2770.0,0.5983263598326359,0.036420395421436,0.317373377627036,2.93,4.85,3.48,7.0,2.79,3.37,5.0,9.1935,97.14,3.62,4.0,3.75,2.62,4.0,2.25,4.12,3.62,3.12,3.0,4.0,3.12,1.62,2.0,2.62,2.38,1.0,2.38,1.62,2.75,1.75,1.88,1.0,2.88,3.12,3.12,3.12,1.75,3.0,1.38
25-1193.00,25-1193,"Recreation and Fitness Studies Teachers, Postsecondary","Teach courses pertaining to recreation, leisure, and fitness studies, including exercise physiology and facilities management. Includes both teachers primarily engaged in teaching and those who do a combination of teaching and research.",77270.0,12630.0,0.6213389121338913,0.1930280957336108,0.407183503933751,3.19,4.69,3.36,7.0,2.55,3.67,5.0,10.124,100.0,3.38,4.0,3.88,2.12,4.0,2.38,4.12,4.0,3.62,3.12,4.12,3.75,2.12,2.0,2.88,3.0,1.0,2.62,1.88,3.12,1.25,2.0,1.0,3.0,3.12,3.12,3.0,1.88,3.75,1.75
25-1194.00,25-1194,"Career/Technical Education Teachers, Postsecondary","Teach vocational courses intended to provide occupational training below the baccalaureate level in subjects such as construction, mechanics/repair, manufacturing, transportation, or cosmetology, primarily to students who have graduated from or left high school. Teaching takes place in public or private schools whose primary business is academic or vocational education.",63820.0,114110.0,0.481694560669456,0.6612903225806451,0.5714924416250506,3.75,4.15,3.15,6.61,2.11,3.29,3.0,5.2514748525147485,32.46,3.88,4.0,3.75,2.25,3.88,1.88,3.88,3.62,3.25,3.12,4.0,3.25,2.0,2.0,2.88,3.0,2.25,2.5,2.38,3.0,1.5,2.25,1.75,3.0,3.25,2.75,2.75,1.88,3.0,2.25
25-1199.00,25-1199,"Postsecondary Teachers, All Other",All postsecondary teachers not listed separately.,77640.0,149840.0,0.6255230125523012,0.7107180020811654,0.6681205073167333,,,,,,,,,,,,,,,,,,,,,,,,,,,,,,,,,,,,,,,
25-2011.00,25-2011,"Preschool Teachers, Except Special Education","Instruct preschool-aged students, following curricula or lesson plans, in activities designed to promote social, physical, and intellectual growth.",38140.0,478780.0,0.0753138075313807,0.9053069719042665,0.4903103897178235,2.94,2.76,3.98,7.0,2.49,3.61,3.0,4.500650065006501,37.18,3.12,3.88,3.75,2.0,3.75,1.62,4.0,3.0,3.0,3.75,4.0,3.12,1.5,2.0,2.88,2.88,1.0,1.75,1.75,3.0,1.0,2.0,1.0,3.62,3.75,2.5,2.75,1.5,3.0,1.75
25-2012.00,25-2012,"Kindergarten Teachers, Except Special Education",Teach academic and social skills to kindergarten students.,62680.0,108870.0,0.4675732217573222,0.6493236212278877,0.5584484214926049,2.68,3.11,3.99,7.0,2.48,3.8,4.0,6.3814,100.0,3.25,4.0,3.25,2.25,3.88,1.38,4.0,3.25,3.38,3.88,4.12,3.5,1.12,1.75,3.0,3.12,1.0,1.62,1.88,3.25,1.25,1.88,1.0,3.62,4.12,2.88,3.0,1.62,3.75,1.5
25-2021.00,25-2021,"Elementary School Teachers, Except Special Education",Teach academic and social skills to students at the elementary school level.,63970.0,1388390.0,0.4853556485355648,0.9739854318418314,0.7296705401886981,2.64,3.35,3.87,7.0,2.57,3.78,4.0,6.436599999999999,100.0,3.75,4.0,4.0,2.75,3.88,2.0,4.12,3.88,3.12,3.88,4.25,3.75,1.12,1.75,2.62,3.0,1.12,2.12,1.88,3.12,1.75,1.75,1.0,3.88,4.0,3.0,3.0,1.88,3.75,1.0
25-2022.00,25-2022,"Middle School Teachers, Except Special and Career/Technical Education","Teach one or more subjects to students at the middle, intermediate, or junior high school level.",64370.0,620090.0,0.4905857740585774,0.918834547346514,0.7047101607025457,2.59,3.31,4.1,7.0,2.66,3.56,4.0,5.7776,90.42,3.88,4.0,3.75,2.88,3.88,2.0,4.12,3.88,3.62,3.75,4.25,3.62,1.88,2.0,2.88,3.0,1.0,1.25,1.88,3.12,1.25,1.75,1.0,3.25,3.88,3.0,3.0,1.75,3.75,1.0
25-2023.00,25-2023,"Career/Technical Education Teachers, Middle School","Teach occupational, vocational, career, or technical subjects to students at the middle, intermediate, or junior high school level.",65030.0,16870.0,0.502092050209205,0.259105098855359,0.3805985745322819,3.28,3.31,3.38,7.0,2.27,3.82,4.0,6.5166,99.44,3.5,4.0,3.88,2.5,4.0,1.88,4.12,3.62,3.25,3.38,4.0,3.38,1.75,2.25,2.62,2.75,1.88,2.62,2.0,2.88,1.75,2.0,1.38,3.25,3.88,3.0,3.0,1.75,3.0,1.88
25-2031.00,25-2031,"Secondary School Teachers, Except Special and Career/Technical Education",Teach one or more subjects to students at the secondary school level.,72040.0,1065210.0,0.5575313807531381,0.959417273673257,0.7584743272131975,2.73,3.19,3.77,7.0,2.9,3.61,4.0,6.341065893410659,96.02,3.75,4.0,3.88,2.75,4.0,2.0,4.0,3.62,3.38,3.75,4.12,3.75,1.75,2.12,2.75,3.0,1.0,1.88,1.62,3.0,1.62,2.0,1.0,3.0,3.88,3.0,3.0,1.62,3.25,1.12
25-2032.00,25-2032,"Career/Technical Education Teachers, Secondary School","Teach occupational, vocational, career, or technical subjects to students at the secondary school level.",66270.0,111420.0,0.5151673640167364,0.6545265348595213,0.5848469494381288,2.86,3.38,3.46,7.0,2.52,3.92,4.0,5.754224577542246,67.3,3.88,4.12,4.0,3.0,4.12,1.75,4.12,4.0,3.75,3.88,4.5,3.75,1.88,2.12,2.75,3.12,2.0,1.75,2.38,3.12,1.62,2.25,1.88,3.75,4.0,2.88,3.0,1.88,3.62,2.12
25-2051.00,25-2051,"Special Education Teachers, Preschool","Teach academic, social, and life skills to preschool-aged students with learning, emotional, or physical disabilities. Includes teachers who specialize and work with students who are blind or have visual impairments; students who are deaf or have hearing impairments; and students with intellectual disabilities.",64830.0,29510.0,0.497907949790795,0.3850156087408949,0.4414617792658449,2.7,3.49,3.98,7.0,1.7,3.18,5.0,7.0575,95.56,3.62,4.0,3.88,2.25,3.88,2.0,4.12,3.75,3.25,3.25,3.62,3.38,1.25,1.62,2.62,2.88,1.0,1.75,1.75,3.0,1.75,1.88,1.0,3.62,3.88,3.12,3.12,1.5,3.12,1.38
25-2055.00,25-2055,"Special Education Teachers, Kindergarten","Teach academic, social, and life skills to kindergarten students with learning, emotional, or physical disabilities. Includes teachers who specialize and work with students who are blind or have visual impairments; students who are deaf or have hearing impairments; and students with intellectual disabilities.",,,,,,2.55,3.8,3.65,7.0,1.73,3.67,4.0,,,,,,,,,,,,,,,,,,,,,,,,,,,,,,,,
25-2056.00,25-2056,"Special Education Teachers, Elementary School","Teach academic, social, and life skills to elementary school students with learning, emotional, or physical disabilities. Includes teachers who specialize and work with students who are blind or have visual impairments; students who are deaf or have hearing impairments; and students with intellectual disabilities.",,,,,,2.27,3.94,3.65,7.0,1.77,3.48,4.0,6.343965603439656,89.39,3.5,4.25,4.0,2.62,4.12,1.88,4.25,3.75,3.5,3.38,4.25,3.62,1.62,2.12,2.75,2.75,1.5,1.75,1.75,3.12,1.62,2.38,1.0,3.62,4.12,2.75,2.88,2.0,3.12,1.62
25-2057.00,25-2057,"Special Education Teachers, Middle School","Teach academic, social, and life skills to middle school students with learning, emotional, or physical disabilities. Includes teachers who specialize and work with students who are blind or have visual impairments; students who are deaf or have hearing impairments; and students with intellectual disabilities.",66810.0,95200.0,0.5198744769874477,0.6201873048907388,0.5700308909390932,2.32,3.92,3.96,7.0,1.8,3.3,4.0,6.353599999999999,100.0,4.0,4.0,3.75,2.62,3.88,1.88,4.0,3.88,3.62,3.88,4.0,3.62,1.12,1.12,2.88,3.0,1.12,1.38,1.38,3.12,1.38,1.25,1.0,3.88,4.0,2.88,2.88,1.62,3.75,1.0
25-2058.00,25-2058,"Special Education Teachers, Secondary School","Teach academic, social, and life skills to secondary school students with learning, emotional, or physical disabilities. Includes teachers who specialize and work with students who are blind or have visual impairments; students who are deaf or have hearing impairments; and students with intellectual disabilities.",74260.0,163930.0,0.5794979079497908,0.7398543184183143,0.6596761131840525,2.39,3.81,3.76,7.0,1.93,3.52,4.0,6.998200000000001,99.76,3.38,3.88,3.75,2.62,4.0,1.88,4.0,3.88,3.75,3.88,4.12,3.62,1.75,1.88,2.88,3.0,1.0,1.88,1.88,3.0,1.5,1.62,1.0,3.88,3.88,3.0,3.0,1.75,3.75,1.0
25-2059.00,25-2059,"Special Education Teachers, All Other",All special education teachers not listed separately.,76580.0,33930.0,0.6114016736401674,0.414672216441207,0.5130369450406872,,,,,,,,,,,,,,,,,,,,,,,,,,,,,,,,,,,,,,,
25-2059.01,25-2059,Adapted Physical Education Specialists,"Provide individualized physical education instruction or services to children, youth, or adults with exceptional physical needs due to gross motor developmental delays or other impairments.",76580.0,33930.0,0.6114016736401674,0.414672216441207,0.5130369450406872,4.12,3.65,2.46,7.0,1.88,4.17,5.0,6.9047,100.0,4.0,4.0,3.88,2.0,3.88,1.5,4.0,3.88,3.25,3.5,4.12,3.88,1.5,1.75,3.0,2.88,1.5,2.0,2.12,3.12,1.25,2.0,1.0,3.88,4.0,3.0,3.12,1.88,3.12,1.88
25-3011.00,25-3011,"Adult Basic Education, Adult Secondary Education, and English as a Second Language Instructors","Teach or instruct out-of-school youths and adults in basic education, literacy, or English as a Second Language classes, or in classes for earning a high school equivalency credential.",61540.0,37310.0,0.4424686192468619,0.441207075962539,0.4418378476047004,2.32,3.14,3.91,7.0,2.85,3.38,4.0,5.934106589341066,73.97,3.5,3.75,3.5,2.62,3.75,1.75,3.75,3.62,3.12,3.0,4.25,3.38,1.12,1.12,2.62,3.0,1.0,1.38,1.88,2.88,1.38,1.12,1.0,3.38,3.5,2.88,2.75,1.88,3.25,1.0
25-3021.00,25-3021,Self-Enrichment Teachers,"Teach or instruct individuals or groups for the primary purpose of self-enrichment or recreation, rather than for an occupational objective, educational attainment, competition, or fitness.",46800.0,332110.0,0.2118200836820083,0.8407908428720083,0.5263054632770083,2.51,2.97,4.18,7.0,3.2,3.08,3.0,5.511151115111511,54.23,3.12,3.38,3.12,2.0,3.12,1.38,3.62,3.0,2.88,3.0,3.38,3.0,1.25,1.5,2.5,2.12,1.62,1.88,1.88,2.62,1.75,2.0,1.0,3.0,3.12,2.25,2.25,1.75,2.88,1.62
25-3031.00,25-3031,"Substitute Teachers, Short-Term","Teach students on a short-term basis as a temporary replacement for a regular classroom teacher, typically using the regular teacher's lesson plan.",41670.0,524770.0,0.1234309623430962,0.9125910509885536,0.5180110066658249,2.19,2.52,3.43,6.73,2.45,3.65,4.0,5.136813681368137,44.78,3.0,3.62,3.38,2.0,3.62,1.38,3.62,3.12,2.88,2.88,3.38,2.75,1.0,1.25,2.5,2.62,1.12,1.62,1.5,2.88,1.25,1.25,1.0,3.0,3.5,2.25,2.0,1.5,3.12,1.0
25-3041.00,25-3041,Tutors,Instruct individual students or small groups of students in academic subjects to support formal class instruction or to prepare students for standardized or admissions tests.,43350.0,175070.0,0.1464435146443514,0.7492195629552549,0.4478315387998032,2.28,2.85,3.07,6.75,1.74,3.35,3.0,4.909299999999999,45.46,3.62,4.0,3.75,2.88,4.12,1.62,4.0,3.62,3.62,3.0,4.12,3.25,1.0,1.25,2.75,3.0,1.0,1.75,1.38,3.0,1.38,1.12,1.0,3.38,3.75,2.5,2.25,1.38,3.12,1.0
25-3099.00,25-3099,"Teachers and Instructors, All Other",All teachers and instructors not listed separately.,66140.0,113790.0,0.5125523012552301,0.659729448491155,0.5861408748731926,,,,,,,,,,,,,,,,,,,,,,,,,,,,,,,,,,,,,,,
25-4011.00,25-4011,Archivists,"Appraise, edit, and direct safekeeping of permanent records and historically valuable documents. Participate in research activities based on archival materials.",64550.0,7970.0,0.4937238493723849,0.1217481789802289,0.3077360141763069,2.88,4.72,2.89,2.96,1.83,5.97,5.0,7.903199999999998,100.0,3.38,3.88,3.38,2.0,4.12,1.88,3.5,3.88,3.25,2.88,2.88,3.12,1.88,2.0,2.5,2.5,1.0,2.12,1.75,2.62,1.5,2.12,1.0,3.12,2.75,2.88,2.88,1.62,2.88,1.62
25-4012.00,25-4012,Curators,"Administer collections, such as artwork, collectibles, historic items, or scientific specimens of museums or other institutions. May conduct instructional, research, or public service activities of institution.",63420.0,12150.0,0.4748953974895397,0.1810613943808532,0.3279783959351965,2.47,3.43,2.98,3.82,3.84,5.36,5.0,8.744674467446744,95.14,3.5,3.88,3.75,2.88,4.0,2.0,4.0,3.88,3.62,3.12,3.0,3.5,2.88,3.0,3.0,3.0,1.38,2.38,1.75,3.0,1.75,2.38,1.0,2.88,3.25,3.38,3.25,1.75,3.12,1.5
25-4013.00,25-4013,Museum Technicians and Conservators,"Restore, maintain, or prepare objects in museum collections for storage, research, or exhibit. May work with specimens such as fossils, skeletal parts, or botanicals; or artifacts, textiles, or art. May identify and record objects or install and arrange them in exhibits. Includes book or document conservators.",51440.0,12310.0,0.3263598326359833,0.1841831425598335,0.2552714875979084,5.67,3.21,3.14,2.64,1.51,4.58,4.0,6.266726672667267,71.2,3.0,3.88,3.25,2.25,3.62,2.38,3.62,3.25,3.12,3.0,3.0,3.12,1.75,2.12,2.25,2.5,1.75,1.38,2.5,2.5,1.5,2.38,1.75,2.75,2.88,2.75,2.75,1.88,2.75,1.75
25-4022.00,25-4022,Librarians and Media Collections Specialists,"Administer and maintain libraries or collections of information, for public or private access through reference or borrowing. Work in a variety of settings, such as educational institutions, museums, and corporations, and with various types of informational materials, such as books, periodicals, recordings, films, and databases. Tasks may include acquiring, cataloging, and circulating library materials, and user services such as locating and organizing information, providing instruction on how to access information, and setting up and operating a library's media equipment.",68270.0,133790.0,0.5329497907949791,0.6847034339229969,0.608826612358988,2.32,3.63,2.65,4.04,2.75,5.83,5.0,7.157984201579842,81.69000000000001,3.25,3.88,3.62,2.0,3.88,1.12,3.88,3.62,3.0,2.88,3.12,3.12,2.25,2.75,2.62,2.5,1.12,1.88,1.75,2.62,2.0,1.38,1.0,3.38,3.25,2.25,2.38,1.62,3.12,1.25
25-4031.00,25-4031,Library Technicians,"Assist librarians by helping readers in the use of library catalogs, databases, and indexes to locate books and other materials; and by answering questions that require only brief consultation of standard reference. Compile records; sort and shelve books or other media; remove or repair damaged books or other media; register patrons; and check materials in and out of the circulation process. Replace materials in shelving area (stacks) or files. Includes bookmobile drivers who assist with providing services in mobile libraries.",44580.0,68690.0,0.1642259414225941,0.5608740894901144,0.3625500154563543,3.08,2.7,1.59,4.07,1.88,6.52,3.0,4.4704529547045295,31.43,2.88,3.25,3.0,2.0,3.38,1.25,3.25,2.88,2.5,3.0,2.62,2.88,1.88,2.0,2.75,1.75,1.75,1.62,1.88,2.12,1.62,1.5,1.12,3.12,3.0,2.0,2.0,1.38,2.75,1.62
25-9021.00,25-9021,Farm and Home Management Educators,"Instruct and advise individuals and families engaged in agriculture, agricultural-related processes, or home management activities. Demonstrate procedures and apply research findings to advance agricultural and home management activities. May develop educational outreach programs. May instruct on either agricultural issues such as agricultural processes and techniques, pest management, and food safety, or on home management issues such as budgeting, nutrition, and child development.",60220.0,8220.0,0.4288702928870292,0.1248699271592091,0.2768701100231192,3.96,4.28,2.31,4.83,3.49,3.18,5.0,7.33366673334667,92.58,3.75,4.38,3.75,3.0,4.0,2.75,4.12,3.88,3.75,3.75,3.88,3.88,2.62,2.5,2.88,3.12,2.25,2.5,2.25,3.5,1.62,1.88,1.0,3.62,3.88,3.62,3.62,1.88,3.38,1.38
25-9031.00,25-9031,Instructional Coordinators,"Develop instructional material, coordinate educational content, and incorporate current technology into instruction in order to provide guidelines to educators and instructors for developing curricula and conducting courses. May train and coach teachers. Includes educational consultants and specialists, and instructional material directors.",77440.0,227760.0,0.6234309623430963,0.7918834547346514,0.7076572085388738,1.62,4.04,3.56,6.16,4.26,3.98,5.0,7.698930106989301,100.01,3.88,4.0,3.88,2.75,4.0,1.5,4.12,4.12,3.88,3.88,4.12,3.75,2.25,2.5,3.12,3.12,1.0,2.0,1.62,3.25,1.62,1.88,1.0,3.62,3.88,3.25,3.25,1.75,3.62,1.5
25-9042.00,25-9042,"Teaching Assistants, Preschool, Elementary, Middle, and Secondary School, Except Special Education","Assist a preschool, elementary, middle, or secondary school teacher with instructional duties. Serve in a position for which a teacher has primary responsibility for the design and implementation of educational programs and services.",,,,,,2.55,2.3,2.78,6.52,2.98,4.25,3.0,4.185481451854814,31.42,3.12,3.75,3.38,2.5,3.62,1.38,3.62,3.38,3.12,3.5,3.38,2.75,1.75,2.38,2.38,2.88,1.12,1.25,2.0,3.0,1.5,1.62,1.0,3.5,3.75,2.12,2.25,1.62,3.25,1.75
25-9043.00,25-9043,"Teaching Assistants, Special Education","Assist a preschool, elementary, middle, or secondary school teacher to provide academic, social, or life skills to students who have learning, emotional, or physical disabilities. Serve in a position for which a teacher has primary responsibility for the design and implementation of educational programs and services.",,,,,,1.98,3.29,3.34,7.0,2.14,3.57,3.0,4.5778,42.71,3.0,3.88,3.38,1.88,3.62,1.38,3.75,3.12,3.0,3.12,3.5,2.88,1.12,1.38,2.38,2.88,1.38,1.38,1.62,3.12,1.62,1.38,1.0,3.62,3.75,2.25,2.25,1.5,2.75,1.0
25-9044.00,25-9044,"Teaching Assistants, Postsecondary","Assist faculty or other instructional staff in postsecondary institutions by performing instructional support activities, such as developing teaching materials, leading discussion groups, preparing and giving examinations, and grading examinations or papers.",42910.0,164090.0,0.1422594142259414,0.740894901144641,0.4415771576852912,2.15,3.13,2.01,6.53,2.79,4.99,5.0,6.908190819081908,98.51,3.0,3.62,3.12,2.25,3.88,2.0,3.5,3.25,3.12,3.12,3.5,3.0,1.38,1.75,2.25,2.38,1.0,2.0,2.0,2.38,1.75,2.12,1.0,3.12,3.12,2.25,2.25,1.88,3.0,1.75
25-9049.00,25-9049,"Teaching Assistants, All Other",All teaching assistants not listed separately.,,,,,,,,,,,,,,,,,,,,,,,,,,,,,,,,,,,,,,,,,,,,
25-9099.00,25-9099,"Educational Instruction and Library Workers, All Other",All educational instruction and library workers not listed separately.,50890.0,118590.0,0.3158995815899582,0.6670135275754423,0.4914565545827002,,,,,,,,,,,,,,,,,,,,,,,,,,,,,,,,,,,,,,,
27-1011.00,27-1011,Art Directors,"Formulate design concepts and presentation approaches for visual productions and media, such as print, broadcasting, video, and film. Direct workers engaged in artwork or layout design.",114850.0,53070.0,0.8556485355648535,0.5026014568158168,0.6791249961903352,2.95,2.69,7.0,2.88,5.24,3.6,4.0,5.633663366336634,79.22999999999999,3.25,4.0,3.75,2.25,3.75,1.25,4.0,3.38,3.62,3.62,3.12,3.75,2.5,2.38,3.0,3.0,1.0,3.38,1.75,3.38,1.5,2.12,1.12,3.0,3.25,3.0,3.0,1.5,3.62,1.12
27-1012.00,27-1012,Craft Artists,"Create or reproduce handmade objects for sale and exhibition using a variety of techniques, such as welding, weaving, pottery, and needlecraft.",46080.0,4580.0,0.1914225941422594,0.0723204994797086,0.131871546810984,5.89,1.85,5.93,1.68,2.86,2.66,3.0,3.000199980002,13.05,2.75,3.0,3.12,2.12,3.0,1.0,3.0,2.75,2.75,2.5,1.62,2.88,2.12,2.38,2.0,2.0,2.0,2.62,2.0,2.75,1.38,2.5,1.88,2.75,2.88,2.0,2.0,1.5,2.5,1.88
27-1013.00,27-1013,"Fine Artists, Including Painters, Sculptors, and Illustrators",Create original artwork using any of a wide variety of media and techniques.,55490.0,11220.0,0.3661087866108786,0.1675338189386056,0.2668213027747421,4.05,2.68,7.0,2.28,2.37,2.34,3.0,4.1688,35.379999999999995,3.25,3.12,3.25,2.12,3.0,1.0,3.0,2.88,2.88,2.5,1.75,3.0,2.0,1.88,1.75,2.0,2.12,2.62,2.38,2.38,1.62,2.38,1.0,2.5,2.88,2.25,2.12,1.62,2.88,1.88
27-1014.00,27-1014,Special Effects Artists and Animators,"Create special effects or animations using film, video, computers, or other electronic tools and media for use in products, such as computer games, movies, music videos, and commercials.",102030.0,19970.0,0.7981171548117155,0.2934443288241415,0.5457807418179286,3.71,2.77,7.0,2.18,2.62,3.13,4.0,4.9737,53.09,3.12,3.88,3.75,2.12,3.75,1.12,3.25,3.12,3.0,2.88,2.75,3.12,1.88,1.88,2.38,2.62,2.25,2.12,2.0,2.88,2.12,1.75,1.0,2.75,2.88,2.88,2.75,1.88,3.0,1.12
27-1019.00,27-1019,"Artists and Related Workers, All Other",All artists and related workers not listed separately.,71240.0,6930.0,0.5543933054393305,0.1061394380853277,0.3302663717623291,,,,,,,,,,,,,,,,,,,,,,,,,,,,,,,,,,,,,,,
27-1021.00,27-1021,Commercial and Industrial Designers,"Design and develop manufactured products, such as cars, home appliances, and children's toys. Combine artistic talent with research on product use, marketing, and materials to create the most functional and appealing product design.",83910.0,33490.0,0.7060669456066946,0.4120707596253902,0.5590688526160423,4.62,4.06,5.54,1.84,3.7,3.47,4.0,5.3921,67.92,3.0,4.0,3.75,2.75,3.88,2.62,3.5,3.12,3.75,3.12,2.75,3.25,2.0,2.0,2.75,2.88,2.0,3.25,2.38,3.12,1.88,2.75,1.0,2.88,3.12,3.0,3.0,3.12,3.25,1.75
27-1022.00,27-1022,Fashion Designers,Design clothing and accessories. Create original designs or adapt fashion trends.,80960.0,21450.0,0.6757322175732218,0.3121748178980228,0.4939535177356223,4.34,2.17,7.0,2.35,3.96,2.94,3.0,5.362163783621638,50.67,3.75,3.88,3.88,2.12,3.62,1.12,3.88,3.38,3.62,3.75,3.5,3.75,2.62,2.75,3.5,3.62,1.0,3.25,2.12,3.62,1.38,2.38,1.0,3.5,3.75,3.0,2.88,1.75,3.75,1.75
27-1023.00,27-1023,Floral Designers,"Design, cut, and arrange live, dried, or artificial flowers and foliage.",37360.0,40590.0,0.0606694560669456,0.4557752341311134,0.2582223450990295,5.07,1.64,4.45,2.45,3.74,3.88,2.0,2.64,7.91,3.0,4.0,3.25,2.25,2.88,1.25,3.88,2.5,2.75,2.88,2.25,3.12,2.0,2.75,2.12,2.38,1.38,3.0,1.25,2.88,1.38,2.0,1.0,3.38,3.38,2.0,2.0,1.5,3.25,1.0
27-1024.00,27-1024,Graphic Designers,"Design or create graphics to meet specific commercial or promotional needs, such as packaging, displays, or logos. May use a variety of mediums to achieve artistic or decorative effects.",62960.0,197830.0,0.4717573221757322,0.7710718002081165,0.6214145611919244,3.38,2.86,7.0,2.16,3.43,3.92,4.0,5.45,75.0,3.25,3.75,3.25,2.0,3.12,1.12,3.38,3.25,3.12,3.12,2.75,3.12,1.88,2.0,2.25,3.0,1.12,2.75,2.0,3.0,2.12,1.88,1.0,3.0,3.12,2.88,2.62,2.25,3.12,1.0
27-1025.00,27-1025,Interior Designers,"Plan, design, and furnish the internal space of rooms or buildings. Design interior environments or create physical layouts that are practical, aesthetic, and conducive to the intended purposes. May specialize in a particular field, style, or phase of interior design.",67190.0,71500.0,0.5219665271966527,0.5681581685744017,0.5450623478855272,4.12,3.07,5.56,2.68,3.7,3.82,4.0,6.12,92.0,3.12,4.0,4.0,3.0,4.0,1.12,4.0,3.62,3.62,3.75,3.0,3.5,2.75,2.75,2.88,3.12,1.75,3.12,2.0,3.5,1.88,2.0,1.0,3.75,3.75,3.0,2.62,1.88,3.38,1.88
27-1026.00,27-1026,Merchandise Displayers and Window Trimmers,"Plan and erect commercial displays, such as those in windows and interiors of retail stores and at trade exhibitions.",39390.0,165220.0,0.0951882845188284,0.7429760665972945,0.4190821755580615,4.45,1.51,4.7,2.19,4.28,3.09,3.0,3.6234,17.64,2.88,3.5,3.25,2.0,3.0,1.25,3.25,2.88,2.88,3.0,2.25,3.12,1.62,2.0,2.25,2.38,1.75,2.38,1.75,2.88,1.5,2.12,1.0,2.88,3.0,2.38,2.25,1.75,3.0,1.62
27-1027.00,27-1027,Set and Exhibit Designers,"Design special exhibits and sets for film, video, television, and theater productions. May study scripts, confer with directors, and conduct research to determine appropriate architectural styles.",75240.0,10630.0,0.5920502092050209,0.1633714880332986,0.3777108486191598,3.7,2.75,6.69,3.04,3.93,3.27,5.0,7.142828565713144,85.69999999999999,3.12,3.88,3.75,3.0,3.88,1.75,3.75,3.25,3.38,3.5,3.0,3.38,2.75,2.75,2.88,3.0,1.75,3.75,2.0,3.0,1.75,2.25,1.38,3.0,3.0,3.0,2.88,1.88,3.75,1.5
27-1029.00,27-1029,"Designers, All Other",All designers not listed separately.,64950.0,9480.0,0.5005230125523012,0.145681581685744,0.3231022971190226,,,,,,,,,,,,,,,,,,,,,,,,,,,,,,,,,,,,,,,
27-2011.00,27-2011,Actors,"Play parts in stage, television, radio, video, or film productions, or other settings for entertainment, information, or instruction. Interpret serious or comic role by speech, gesture, and body movement to entertain or inform audience. May dance and sing.",,55000.0,,0.5057232049947971,0.5057232049947971,2.29,2.16,7.0,4.08,4.0,1.81,2.0,3.5197480251974804,34.54,2.62,3.75,3.0,1.0,3.88,1.5,3.88,2.88,2.88,2.88,2.75,2.88,1.0,1.0,2.38,2.5,1.0,1.75,1.25,2.5,1.0,1.0,1.0,2.12,3.75,2.0,2.0,1.25,3.0,1.0
27-2012.00,27-2012,Producers and Directors,"Produce or direct stage, television, radio, video, or film productions for entertainment, information, or instruction. Responsible for creative decisions, such as interpretation of script, choice of actors or guests, set design, sound, special effects, and choreography.",90360.0,143120.0,0.7243723849372385,0.6987513007284079,0.7115618428328232,2.13,2.24,6.14,3.12,5.78,3.56,4.0,4.853614638536146,56.71,3.25,4.38,4.0,2.5,4.0,1.12,4.0,3.75,3.38,3.88,2.88,3.5,3.0,2.75,3.62,3.25,1.88,2.12,2.25,3.0,1.75,2.5,1.0,3.0,3.88,3.5,3.25,2.0,3.62,1.75
27-2012.03,27-2012,Media Programming Directors,"Direct and coordinate activities of personnel engaged in preparation of radio or television station program schedules and programs, such as sports or news.",90360.0,143120.0,0.7243723849372385,0.6987513007284079,0.7115618428328232,1.43,2.25,4.09,3.68,6.55,4.63,4.0,4.4344,52.0,3.88,3.88,4.12,2.0,4.12,1.38,4.25,3.75,3.75,4.0,3.0,4.12,2.75,3.0,3.88,3.62,2.25,3.0,2.38,3.25,1.5,2.25,1.0,3.0,3.75,3.25,3.25,1.75,4.0,1.38
27-2012.04,27-2012,Talent Directors,"Audition and interview performers to select most appropriate talent for parts in stage, television, radio, or motion picture productions.",90360.0,143120.0,0.7243723849372385,0.6987513007284079,0.7115618428328232,1.22,1.42,5.69,4.27,5.93,3.57,4.0,6.144814481448145,69.24000000000001,3.0,4.0,3.88,2.0,3.88,1.5,4.0,3.25,3.25,3.25,3.0,3.88,2.0,1.88,3.0,3.38,1.0,2.12,1.38,3.12,1.62,1.5,1.0,2.75,3.88,2.62,2.38,1.5,3.25,1.25
27-2012.05,27-2012,Media Technical Directors/Managers,"Coordinate activities of technical departments, such as taping, editing, engineering, and maintenance, to produce radio or television programs.",90360.0,143120.0,0.7243723849372385,0.6987513007284079,0.7115618428328232,3.96,2.78,3.44,2.61,5.18,4.47,4.0,5.7742,92.49,3.38,4.0,3.88,2.12,3.62,1.12,4.0,3.38,3.5,4.0,3.0,3.62,1.75,2.38,2.88,2.88,3.0,2.0,3.25,3.38,1.75,3.12,1.88,2.75,3.38,3.12,3.12,1.88,3.5,2.0
27-2021.00,27-2021,Athletes and Sports Competitors,Compete in athletic events.,66710.0,15070.0,0.5167364016736402,0.2382934443288241,0.3775149230012322,5.18,1.4,2.14,4.3,4.53,3.01,2.0,3.011,24.46,3.0,3.75,3.75,2.12,3.12,1.75,3.88,2.75,3.0,3.62,3.0,3.25,1.62,1.75,2.88,2.88,1.75,2.0,2.38,3.0,1.0,2.0,1.0,2.88,3.12,2.12,2.38,1.88,3.0,1.88
27-2022.00,27-2022,Coaches and Scouts,Instruct or coach groups or individuals in the fundamentals of sports for the primary purpose of competition. Demonstrate techniques and methods of participation. May evaluate athletes' strengths and weaknesses as possible recruits or to improve the athletes' technique to prepare them for competition. Those required to hold teaching certifications should be reported in the appropriate teaching category.,47320.0,248950.0,0.2228033472803347,0.8033298647242456,0.5130666060022901,4.25,2.15,2.43,5.31,5.15,3.45,4.0,5.766876687668766,70.07000000000001,3.88,4.0,4.0,2.12,4.0,1.62,4.38,3.62,3.88,3.88,4.75,4.0,2.0,2.5,3.88,3.62,1.62,2.75,2.0,3.88,1.25,2.62,1.0,3.75,4.0,3.88,3.62,1.88,3.88,1.88
27-2023.00,27-2023,"Umpires, Referees, and Other Sports Officials","Officiate at competitive athletic or sporting events. Detect infractions of rules and decide penalties according to established regulations. Includes all sporting officials, referees, and competition judges.",40710.0,15780.0,0.1119246861924686,0.2486992715920915,0.1803119788922801,4.3,1.6,1.15,3.44,5.77,4.53,2.0,2.9999,19.05,3.0,3.25,3.38,2.5,3.0,1.38,3.62,2.75,3.0,3.0,2.88,3.25,1.0,1.0,2.12,2.75,1.12,1.75,1.75,2.75,1.0,2.0,1.0,2.75,3.0,2.0,2.38,1.5,2.88,1.38
27-2031.00,27-2031,Dancers,"Perform dances. May perform on stage, for broadcasting, or for video recording.",,8130.0,,0.1238293444328824,0.1238293444328824,4.83,1.43,6.39,3.65,3.18,1.61,3.0,1.9385061493850613,0.0,2.75,3.25,3.0,1.38,2.75,1.0,2.88,2.5,2.5,3.0,2.5,2.62,1.0,1.0,2.38,2.0,1.0,1.5,1.38,2.5,1.0,1.0,1.0,2.75,2.88,2.0,1.75,1.12,2.88,1.0
27-2032.00,27-2032,Choreographers,Create new dance routines. Rehearse performance of routines. May direct and stage presentations.,55310.0,2860.0,0.3640167364016736,0.0395421436004162,0.2017794400010449,3.63,2.22,7.0,3.96,3.77,2.13,3.0,3.5238523852385244,23.81,3.25,3.88,3.38,1.62,3.5,1.12,3.88,3.0,3.0,3.88,4.0,3.25,1.62,1.75,3.12,3.0,1.0,2.75,1.5,3.0,1.12,1.25,1.0,3.25,3.62,2.62,2.75,1.62,3.38,1.0
27-2041.00,27-2041,Music Directors and Composers,"Conduct, direct, plan, and lead instrumental or vocal performances by musical artists or groups, such as orchestras, bands, choirs, and glee clubs; or create original works of music.",73710.0,12540.0,0.5742677824267782,0.1883454734651404,0.3813066279459594,2.07,2.28,7.0,3.04,4.82,2.63,4.0,7.064906490649065,76.99000000000001,3.38,3.88,3.5,2.12,3.5,1.25,3.62,3.38,3.12,3.38,2.88,3.5,2.25,2.12,3.12,3.0,1.38,2.25,1.25,3.25,1.88,1.62,1.0,2.75,3.12,2.88,3.0,1.62,3.12,1.25
27-2042.00,27-2042,Musicians and Singers,"Play one or more musical instruments or sing. May perform on stage, for broadcasting, or for sound or video recording.",,36180.0,,0.4318418314255983,0.4318418314255983,2.87,1.53,6.66,3.41,3.42,2.17,4.0,5.38933893389339,59.73,2.75,3.25,3.0,1.88,3.12,1.12,3.38,2.75,2.38,3.0,2.5,2.62,1.25,1.38,2.12,2.62,1.38,1.88,2.12,2.75,1.25,1.62,1.12,2.88,3.12,2.75,2.5,1.75,2.88,1.38
27-2091.00,27-2091,"Disc Jockeys, Except Radio","Play prerecorded music for live audiences at venues or events such as clubs, parties, or wedding receptions. May use techniques such as mixing, cutting, or sampling to manipulate recordings. May also perform as emcee (master of ceremonies).",,7920.0,,0.119146722164412,0.119146722164412,3.0,1.55,4.82,2.93,3.55,3.5,2.0,,,,,,,,,,,,,,,,,,,,,,,,,,,,,,,,
27-2099.00,27-2099,"Entertainers and Performers, Sports and Related Workers, All Other","All entertainers and performers, sports and related workers not listed separately.",,16550.0,,0.2539021852237252,0.2539021852237252,,,,,,,,,,,,,,,,,,,,,,,,,,,,,,,,,,,,,,,
27-3011.00,27-3011,Broadcast Announcers and Radio Disc Jockeys,"Speak or read from scripted materials, such as news reports or commercial messages, on radio, television, or other communications media. May play and queue music, announce artist or title of performance, identify station, or interview guests.",47340.0,21240.0,0.2238493723849372,0.3080124869927159,0.2659309296888266,1.66,2.01,5.68,3.54,4.38,3.11,4.0,4.3996,40.37,3.12,4.0,3.75,1.75,3.88,1.0,4.75,3.12,3.0,3.0,2.12,3.0,1.5,1.5,2.0,2.5,2.12,1.88,2.12,2.88,1.12,1.88,1.25,3.0,3.75,2.0,2.12,1.12,3.25,1.5
27-3023.00,27-3023,"News Analysts, Reporters, and Journalists","Narrate or write news stories, reviews, or commentary for print, broadcast, or other communications media such as newspapers, magazines, radio, or television. May collect and analyze information through interview, investigation, or observation.",62200.0,39250.0,0.455020920502092,0.4484911550468262,0.4517560377744591,1.47,4.16,5.09,2.8,3.95,3.64,4.0,,,3.25,3.88,3.38,2.0,4.0,1.0,4.12,4.0,3.25,3.38,2.5,3.25,1.75,1.62,2.5,2.75,1.75,1.5,1.75,3.12,1.5,1.75,1.0,3.0,3.5,2.5,2.25,1.75,3.5,1.0
27-3031.00,27-3031,Public Relations Specialists,"Promote or create an intended public image for individuals, groups, or organizations. May write or select material for release to various communications media. May specialize in using social media.",74750.0,283380.0,0.5899581589958159,0.8199791883454735,0.7049686736706446,1.0,2.72,4.68,3.94,5.82,3.45,4.0,6.181800000000001,100.0,3.38,4.12,3.88,2.0,4.0,1.5,4.12,4.0,3.38,3.88,3.0,3.5,1.88,1.75,2.62,3.25,1.0,2.75,1.62,3.75,1.38,1.38,1.0,3.12,4.0,3.12,3.25,1.75,3.88,1.0
27-3041.00,27-3041,Editors,"Plan, coordinate, revise, or edit written material. May review proposals and drafts for possible publication.",77920.0,91690.0,0.6265690376569037,0.6108220603537982,0.618695549005351,1.03,2.9,5.39,2.56,4.13,4.68,4.0,6.391399999999999,100.0,3.12,3.88,3.88,2.12,4.88,1.0,3.75,4.25,3.12,3.0,3.0,3.12,1.5,1.38,3.0,3.0,1.25,2.0,1.88,3.0,1.62,3.25,1.0,2.62,3.12,3.12,2.5,1.62,3.38,1.0
27-3042.00,27-3042,Technical Writers,"Write technical materials, such as equipment manuals, appendices, or operating and maintenance instructions. May assist in layout work.",90390.0,45500.0,0.7269874476987448,0.473465140478668,0.6002262940887064,2.78,3.69,4.23,2.01,1.97,5.32,4.0,5.306469353064694,41.970000000000006,3.25,3.75,3.62,1.62,4.12,1.25,3.75,4.88,2.75,3.0,2.5,3.12,1.38,1.62,2.12,2.62,1.0,2.5,1.5,2.88,1.38,2.25,1.0,2.12,2.75,2.38,1.88,1.38,3.12,1.12
27-3043.00,27-3043,Writers and Authors,"Originate and prepare written material, such as scripts, stories, advertisements, and other material.",76910.0,47940.0,0.6197698744769874,0.4823100936524453,0.5510399840647164,1.0,3.25,6.68,2.86,4.75,3.34,4.0,5.1158,46.95,3.38,3.88,3.62,1.25,4.12,1.12,3.88,4.75,3.0,3.38,2.88,3.25,1.12,1.12,2.5,2.88,1.0,1.25,1.0,3.38,1.62,1.5,1.0,3.12,3.38,2.25,2.38,1.75,3.62,1.0
27-3043.05,27-3043,"Poets, Lyricists and Creative Writers","Create original written works, such as scripts, essays, prose, poetry or song lyrics, for publication or performance.",76910.0,47940.0,0.6197698744769874,0.4823100936524453,0.5510399840647164,1.17,3.58,7.0,2.83,3.17,2.88,4.0,4.9544,50.0,3.75,3.62,3.75,1.75,4.25,1.12,3.88,4.75,3.12,2.75,2.12,3.25,1.62,1.5,2.0,2.38,1.0,1.88,1.25,2.75,1.75,1.5,1.0,2.5,3.12,2.0,2.0,1.62,2.75,1.0
27-3091.00,27-3091,Interpreters and Translators,"Interpret oral or sign language, or translate written text from one language into another.",60170.0,52060.0,0.4267782426778242,0.4984391259105099,0.462608684294167,1.89,3.19,4.28,3.48,1.9,4.79,4.0,6.2652,86.28999999999999,3.12,4.0,3.62,2.0,3.88,1.12,4.12,3.75,3.0,3.0,3.0,3.12,1.25,1.25,2.75,2.38,1.0,1.62,2.0,2.88,1.12,2.0,1.0,3.12,3.12,2.12,2.12,1.88,3.0,1.25
27-3092.00,27-3092,Court Reporters and Simultaneous Captioners,"Use verbatim methods and equipment to capture, store, retrieve, and transcribe pretrial and trial proceedings or other information. Includes stenocaptioners who operate computerized stenographic captioning equipment to provide captions of live or prerecorded broadcasts for hearing-impaired viewers.",72420.0,12870.0,0.5627615062761506,0.1987513007284079,0.3807564035022792,2.21,2.13,2.92,2.9,2.64,5.62,3.0,3.42975702429757,2.86,2.38,4.0,2.5,1.62,3.12,1.0,3.0,3.38,2.12,2.0,1.38,2.0,1.0,1.0,1.5,1.62,1.75,1.12,1.88,1.75,1.12,2.12,1.38,1.88,2.62,1.88,1.75,1.0,3.0,1.75
27-3099.00,27-3099,"Media and Communication Workers, All Other",All media and communication workers not listed separately.,73620.0,19590.0,0.5732217573221757,0.2892819979188345,0.4312518776205051,,,,,,,,,,,,,,,,,,,,,,,,,,,,,,,,,,,,,,,
27-4011.00,27-4011,Audio and Video Technicians,"Set up, maintain, and dismantle audio and video equipment, such as microphones, sound speakers, connecting wires and cables, sound and mixing boards, video cameras, video monitors and servers, and related electronic equipment for live or recorded events, such as concerts, meetings, conventions, presentations, podcasts, news conferences, and sporting events.",58100.0,70230.0,0.3943514644351464,0.5660770031217481,0.4802142337784473,5.2,2.74,3.24,1.97,1.87,4.58,3.0,4.265226522652265,42.67,3.0,3.12,3.5,2.0,3.5,1.0,3.12,3.12,3.25,3.12,2.88,3.0,1.88,2.0,2.88,2.5,3.0,2.12,3.5,2.62,2.0,2.88,2.25,3.12,3.0,3.0,2.88,2.0,3.0,2.75
27-4012.00,27-4012,Broadcast Technicians,"Set up, operate, and maintain the electronic equipment used to acquire, edit, and transmit audio and video for radio or television programs. Control and adjust incoming and outgoing broadcast signals to regulate sound volume, signal strength, and signal clarity. Operate satellite, microwave, or other transmitter equipment to broadcast radio or television programs.",59570.0,21110.0,0.4205020920502092,0.3069719042663891,0.3637369981582992,4.8,2.99,2.82,2.13,2.5,5.14,3.0,4.0311,2.39,3.12,3.62,3.75,2.75,3.12,1.88,3.12,3.25,3.25,3.0,2.5,3.12,1.88,2.12,2.62,2.38,3.0,2.12,3.5,2.38,2.12,2.88,2.75,2.38,3.0,2.88,2.75,2.25,3.12,3.0
27-4014.00,27-4014,Sound Engineering Technicians,"Assemble and operate equipment to record, synchronize, mix, edit, or reproduce sound, including music, voices, or sound effects, for theater, video, film, television, podcasts, sporting events, and other productions.",73130.0,13080.0,0.5700836820083682,0.2018730489073881,0.3859783654578781,5.14,2.68,4.45,1.69,2.16,4.22,3.0,4.12,28.0,3.12,3.75,3.5,2.0,3.25,1.62,3.62,3.12,3.38,3.12,2.62,3.25,1.75,2.0,2.12,2.62,3.25,1.25,3.25,2.88,1.75,2.88,2.5,3.12,3.0,3.12,3.0,2.12,3.12,2.88
27-4015.00,27-4015,Lighting Technicians,"Set up, maintain, and dismantle light fixtures, lighting control devices, and the associated lighting electrical and rigging equipment used for photography, television, film, video, and live productions. May focus or operate light fixtures, or attach color filters or other lighting accessories.",68060.0,8900.0,0.5292887029288703,0.1342351716961498,0.3317619373125101,6.99,2.02,2.38,1.24,1.95,4.11,3.0,,,,,,,,,,,,,,,,,,,,,,,,,,,,,,,,
27-4021.00,27-4021,Photographers,"Photograph people, landscapes, merchandise, or other subjects. May use lighting equipment to enhance a subject's appearance. May use editing software to produce finished images and prints. Includes commercial and industrial photographers, scientific photographers, and photojournalists.",44660.0,51760.0,0.1652719665271966,0.4953173777315297,0.3302946721293631,5.54,2.18,5.28,1.94,2.28,3.35,3.0,3.773022697730227,18.19,3.12,3.75,3.12,2.0,3.12,1.75,3.75,2.88,3.12,3.0,2.88,3.12,1.62,1.88,2.75,2.75,2.25,2.75,2.62,2.88,1.62,2.5,1.5,3.25,3.12,2.5,2.38,1.88,3.0,2.12
27-4031.00,27-4031,"Camera Operators, Television, Video, and Film","Operate television, video, or film camera to record images or scenes for television, video, or film productions.",74990.0,21550.0,0.5910041841004184,0.3163371488033298,0.4536706664518741,4.89,2.0,5.04,1.8,2.28,3.65,3.0,4.3886,6.9,2.88,3.75,3.12,2.0,3.25,1.0,3.25,2.88,3.0,3.25,2.38,3.25,1.75,1.88,2.5,2.5,2.88,2.12,2.88,2.88,1.38,2.88,2.38,2.88,3.12,2.25,2.25,2.0,3.12,2.38
27-4032.00,27-4032,Film and Video Editors,"Edit moving images on film, video, or other media. May work with a producer or director to organize images for final production. May edit or synchronize soundtracks with images.",75420.0,25610.0,0.5941422594142259,0.3527575442247658,0.4734499018194958,3.14,1.91,5.61,1.96,3.08,3.75,4.0,5.168499999999999,65.69,3.25,3.75,3.5,1.88,3.38,1.0,3.25,3.12,3.25,3.0,2.38,3.12,1.62,1.62,2.25,2.5,1.88,2.12,2.25,2.75,1.5,2.5,1.38,2.5,2.88,2.75,2.62,1.75,3.12,1.88
27-4099.00,27-4099,"Media and Communication Equipment Workers, All Other",All media and communication equipment workers not listed separately.,70720.0,12450.0,0.5523012552301255,0.186264308012487,0.3692827816213062,,,,,,,,,,,,,,,,,,,,,,,,,,,,,,,,,,,,,,,
29-1011.00,29-1011,Chiropractors,"Assess, treat, and care for patients by manipulation of spine and musculoskeletal system. May provide spinal adjustment or address sacral or pelvic misalignment.",79200.0,39630.0,0.6527196652719666,0.4516129032258064,0.5521662842488865,5.53,4.77,1.34,5.56,2.13,3.55,5.0,10.0625,89.67,3.38,4.0,3.88,2.38,3.88,3.38,3.88,3.75,3.62,3.12,2.88,3.5,1.88,1.88,2.88,2.62,1.88,2.12,1.88,3.0,1.5,2.0,1.0,3.5,3.75,3.12,3.12,1.75,3.25,1.38
29-1021.00,29-1021,"Dentists, General","Examine, diagnose, and treat diseases, injuries, and malformations of teeth and gums. May treat diseases of nerve, pulp, and other dental tissues affecting oral hygiene and retention of teeth. May fit dental appliances or provide preventive care.",170950.0,124390.0,0.9623430962343096,0.6711758584807492,0.8167594773575294,5.23,5.48,1.17,4.41,2.0,3.71,5.0,9.9878,87.21,3.88,4.0,4.12,2.75,4.0,3.75,4.0,3.25,4.0,3.75,3.25,4.12,3.0,3.0,3.5,3.12,2.88,2.38,2.75,3.75,1.62,2.75,1.38,3.88,3.88,2.88,2.75,2.0,3.88,2.0
29-1022.00,29-1022,Oral and Maxillofacial Surgeons,"Perform surgery and related procedures on the hard and soft tissues of the oral and maxillofacial regions to treat diseases, injuries, or defects. May diagnose problems of the oral and maxillofacial regions. May perform surgery to improve function or appearance.",352220.0,4910.0,0.9937238493723848,0.0770031217481789,0.5353634855602819,5.75,5.84,1.17,4.47,2.17,3.6,5.0,11.642400000000002,100.0,3.88,3.88,4.0,2.62,4.0,3.5,3.88,3.5,4.12,3.62,2.88,4.12,2.0,2.0,2.75,2.62,2.88,3.12,2.75,2.75,1.5,2.75,1.88,3.25,3.75,3.25,3.0,2.0,3.38,1.88
29-1023.00,29-1023,Orthodontists,"Examine, diagnose, and treat dental malocclusions and oral cavity anomalies. Design and fabricate appliances to realign teeth and jaws to produce and maintain normal function and to improve appearance.",289140.0,6210.0,0.9864016736401674,0.0978147762747138,0.5421082249574406,5.6,5.72,1.57,4.01,1.45,4.58,5.0,10.73132686731327,90.77,3.75,4.0,4.0,2.12,3.88,3.38,4.0,3.38,4.0,3.88,3.25,3.75,2.0,2.25,3.12,3.0,2.25,3.0,2.5,3.25,1.38,2.38,1.0,3.38,3.88,3.0,2.75,2.0,3.75,2.0
29-1024.00,29-1024,Prosthodontists,"Diagnose, treat, rehabilitate, design, and fit prostheses that maintain oral function, health, and appearance for patients with clinical conditions associated with teeth, oral and maxillofacial tissues, or the jaw.",311180.0,870.0,0.9895397489539748,0.0062434963579604,0.4978916226559677,6.17,5.54,1.78,4.59,1.43,3.22,5.0,11.3775,97.09,3.0,4.0,4.0,2.0,3.62,3.0,4.0,3.38,3.75,3.0,3.12,3.38,2.0,2.12,3.0,2.75,2.12,2.88,2.62,2.88,1.75,2.5,1.88,3.12,3.62,2.75,2.75,2.0,3.25,2.12
29-1029.00,29-1029,"Dentists, All Other Specialists",All dentists not listed separately.,224990.0,5230.0,0.9717573221757322,0.0811654526534859,0.5264613874146091,,,,,,,,,,,,,,,,,,,,,,,,,,,,,,,,,,,,,,,
29-1031.00,29-1031,Dietitians and Nutritionists,"Plan and conduct food service or nutritional programs to assist in the promotion of health and control of disease. May supervise activities of a department providing quantity food services, counsel individuals, or conduct nutritional research.",76400.0,77570.0,0.6077405857740585,0.586888657648283,0.5973146217111708,3.03,4.8,2.4,5.5,3.42,3.35,5.0,7.166716671667166,96.66,3.62,4.0,4.0,3.0,4.0,3.25,4.0,3.88,3.88,3.75,3.75,4.0,2.75,2.75,2.88,3.12,1.0,3.12,1.88,3.38,1.75,2.88,1.0,3.88,4.0,3.12,3.25,1.75,3.25,1.5
29-1041.00,29-1041,Optometrists,"Diagnose, manage, and treat conditions and diseases of the human eye and visual system. Examine eyes and visual system, diagnose problems or impairments, prescribe corrective lenses, and provide treatment. May prescribe therapeutic drugs to treat specific eye conditions.",136570.0,42790.0,0.9288702928870292,0.4640998959417273,0.6964850944143783,4.8,5.78,1.6,5.02,2.27,3.92,5.0,10.952399999999995,100.0,3.12,4.12,4.12,3.0,4.12,3.75,4.0,4.0,3.38,3.38,3.25,3.38,2.12,2.12,3.12,3.0,2.25,2.12,2.12,3.25,1.88,2.5,1.0,3.25,3.88,3.0,3.0,1.88,3.25,2.0
29-1051.00,29-1051,Pharmacists,"Dispense drugs prescribed by physicians and other health practitioners and provide information to patients about medications and their use. May advise physicians and other health practitioners on the selection, dosage, interactions, and side effects of medications.",140910.0,321970.0,0.9330543933054394,0.8324661810613944,0.8827602871834168,2.82,5.67,1.48,4.88,2.62,4.56,5.0,10.286,98.25,3.62,4.0,3.88,3.25,4.0,3.38,4.0,3.88,3.62,3.38,3.38,3.75,2.38,2.75,3.38,2.88,1.5,2.62,2.25,2.88,1.5,2.62,1.0,3.62,3.62,3.0,3.0,1.62,3.62,1.75
29-1071.00,29-1071,Physician Assistants,"Provide healthcare services typically performed by a physician, under the supervision of a physician. Conduct complete physicals, provide treatment, and counsel patients. May, in some cases, prescribe medication. Must graduate from an accredited educational program for physician assistants.",135880.0,162150.0,0.926255230125523,0.7362122788761707,0.8312337545008468,4.0,4.94,1.16,5.89,1.98,4.46,5.0,8.162,100.0,3.88,4.0,4.12,3.0,4.12,3.62,4.0,4.0,3.88,3.25,3.12,4.0,2.12,2.25,3.0,3.12,1.0,2.62,2.25,3.25,1.88,2.38,1.0,4.0,4.0,3.12,3.25,1.88,3.25,2.0
29-1071.01,29-1071,Anesthesiologist Assistants,Assist anesthesiologists in the administration of anesthesia for surgical and non-surgical procedures. Monitor patient status and provide patient care during surgical treatment.,135880.0,162150.0,0.926255230125523,0.7362122788761707,0.8312337545008468,4.4,4.62,1.0,4.9,1.89,5.1,5.0,6.030203020302031,57.3,3.5,4.0,3.62,2.88,3.75,3.0,3.62,3.12,3.12,3.12,2.75,3.62,1.75,2.12,2.62,2.38,3.0,1.38,3.38,2.5,1.38,2.88,2.0,3.25,3.12,2.75,2.75,1.75,3.38,2.5
29-1081.00,29-1081,Podiatrists,Diagnose and treat diseases and deformities of the human foot.,160300.0,9680.0,0.952928870292887,0.1477627471383975,0.5503458087156422,5.29,5.77,1.72,4.94,2.14,3.27,5.0,11.1233,99.34,4.0,4.0,4.0,2.88,4.0,3.5,4.0,3.88,3.75,3.38,3.0,3.88,2.25,2.25,3.0,2.62,2.12,2.62,2.25,2.88,1.5,2.38,1.0,3.25,3.88,3.12,3.12,2.25,3.0,2.0
29-1122.00,29-1122,Occupational Therapists,"Assess, plan, and organize rehabilitative programs that help build or restore vocational, homemaking, and daily living skills, as well as general independence, to persons with disabilities or developmental delays. Use therapeutic techniques, adapt the individual's environment, teach skills, and modify specific tasks that present barriers to the individual.",100330.0,162450.0,0.7850418410041841,0.7382934443288242,0.7616676426665041,3.57,4.23,3.07,6.08,1.83,3.12,5.0,7.7272,100.0,3.88,4.12,4.0,2.0,4.0,2.75,4.0,4.0,3.25,3.75,4.0,4.0,2.25,2.12,3.0,3.0,1.62,3.12,2.12,3.0,1.75,2.12,1.0,4.12,4.0,3.12,3.12,1.88,3.75,1.88
29-1122.01,29-1122,"Low Vision Therapists, Orientation and Mobility Specialists, and Vision Rehabilitation Therapists","Provide therapy to patients with visual impairments to improve their functioning in daily life activities. May train patients in activities such as computer use, communication skills, or home management skills.",100330.0,162450.0,0.7850418410041841,0.7382934443288242,0.7616676426665041,3.93,3.89,3.2,6.52,2.12,2.83,5.0,7.478300000000001,100.0,3.75,4.0,3.5,2.12,3.88,2.0,4.0,3.75,3.5,3.0,3.88,3.38,1.12,1.62,2.75,3.0,2.0,1.38,2.25,3.12,1.38,1.88,1.0,3.88,3.88,3.0,3.0,2.0,3.0,1.62
29-1123.00,29-1123,Physical Therapists,"Assess, plan, organize, and participate in rehabilitative programs that improve mobility, relieve pain, increase strength, and improve or correct disabling conditions resulting from disease or injury.",102760.0,267330.0,0.8096234309623431,0.8168574401664932,0.8132404355644182,4.33,4.87,2.17,5.91,2.49,3.07,5.0,9.0599,93.74,3.12,4.0,4.0,2.12,4.0,2.62,4.0,3.88,3.38,3.25,3.38,3.75,2.0,2.0,2.88,3.0,2.0,2.75,2.25,3.0,1.62,2.0,1.38,4.0,4.0,3.12,3.12,1.88,3.62,2.0
29-1124.00,29-1124,Radiation Therapists,"Provide radiation therapy to patients as prescribed by a radiation oncologist according to established practices and standards. Duties may include reviewing prescription and diagnosis; acting as liaison with physician and supportive care personnel; preparing equipment, such as immobilization, treatment, and protection devices; and maintaining records, reports, and files. May assist in dosimetry procedures and tumor localization.",105310.0,17070.0,0.8253138075313807,0.2611862643080125,0.5432500359196966,4.96,4.64,1.24,4.77,1.72,4.48,3.0,5.1635,37.54,3.0,3.75,3.5,2.75,3.75,2.75,3.25,3.12,3.12,3.25,3.0,2.88,2.0,2.12,2.88,2.62,3.12,2.62,3.38,2.62,1.75,2.88,2.25,3.25,3.38,2.62,2.62,1.88,3.12,2.88
29-1125.00,29-1125,Recreational Therapists,"Plan, direct, or coordinate medically-approved recreation programs for patients in hospitals, nursing homes, or other institutions. Activities include sports, trips, dramatics, social activities, and crafts. May assess a patient condition and recommend appropriate recreational activity.",61960.0,14930.0,0.450836820083682,0.2351716961498439,0.3430042581167629,3.69,4.32,2.87,6.82,2.51,2.67,4.0,6.1081,100.0,3.38,4.0,3.88,2.0,3.88,2.0,4.0,3.88,3.5,4.0,3.88,3.12,1.88,2.0,2.75,3.12,1.75,2.75,1.75,3.38,1.5,1.88,1.0,4.12,4.0,3.0,3.0,1.88,3.25,1.5
29-1126.00,29-1126,Respiratory Therapists,"Assess, treat, and care for patients with breathing disorders. Assume primary responsibility for all respiratory care modalities, including the supervision of respiratory therapy technicians. Initiate and conduct therapeutic procedures; maintain patient records; and select, assemble, check, and operate equipment.",82280.0,139790.0,0.6908995815899581,0.6930280957336108,0.6919638386617845,5.03,4.73,1.0,4.88,1.68,3.93,3.0,5.0221,12.1,3.62,3.88,3.88,2.75,3.62,3.0,3.75,3.12,3.38,3.38,3.25,3.38,1.88,2.0,2.88,2.88,2.88,2.12,3.0,2.88,1.5,3.0,2.25,3.62,3.62,2.88,2.88,2.12,3.12,2.38
29-1127.00,29-1127,Speech-Language Pathologists,"Assess and treat persons with speech, language, voice, and fluency disorders. May select alternative communication systems and teach their use. May perform research related to speech and language problems.",97870.0,183390.0,0.7667364016736402,0.7637877211238293,0.7652620613987348,2.62,5.57,3.0,6.09,1.44,4.03,5.0,8.1148,100.0,3.88,4.12,4.12,2.0,4.12,2.88,4.0,4.0,3.88,3.25,3.88,3.75,1.0,1.12,2.38,2.88,1.62,3.0,2.12,2.88,1.62,2.25,1.0,3.75,4.12,3.12,3.12,1.88,3.25,1.62
29-1128.00,29-1128,Exercise Physiologists,"Assess, plan, or implement fitness programs that include exercise or physical activities such as those designed to improve cardiorespiratory function, body composition, muscular strength, muscular endurance, or flexibility.",59460.0,8560.0,0.4184100418410041,0.1321540062434963,0.2752820240422503,5.26,4.92,1.49,4.74,2.99,3.75,4.0,7.0909,100.0,3.25,4.0,4.0,2.88,4.0,2.88,4.0,3.88,3.62,3.12,4.0,3.75,1.5,1.62,2.88,3.0,2.0,2.25,2.12,3.0,1.88,2.12,1.12,3.75,3.75,3.12,3.12,2.0,3.0,2.0
29-1129.00,29-1129,"Therapists, All Other",All therapists not listed separately.,77930.0,22640.0,0.6286610878661087,0.3288241415192507,0.4787426146926797,,,,,,,,,,,,,,,,,,,,,,,,,,,,,,,,,,,,,,,
29-1129.01,29-1129,Art Therapists,"Plan or conduct art therapy sessions or programs to improve clients' physical, cognitive, or emotional well-being.",77930.0,22640.0,0.6286610878661087,0.3288241415192507,0.4787426146926797,2.99,3.67,5.49,5.64,2.32,2.86,5.0,8.187318731873187,99.99,3.75,4.0,3.88,2.12,3.88,2.0,4.0,3.62,3.38,3.25,3.12,3.88,1.5,2.0,3.0,3.0,1.0,2.25,2.0,3.12,1.88,1.75,1.0,3.75,4.25,3.0,3.0,1.88,3.25,1.12
29-1129.02,29-1129,Music Therapists,"Plan, organize, direct, or assess clinical and evidenced-based music therapy interventions to positively influence individuals' physical, psychological, cognitive, or behavioral status.",77930.0,22640.0,0.6286610878661087,0.3288241415192507,0.4787426146926797,2.36,4.18,4.76,5.23,2.51,3.15,4.0,6.423000000000001,100.0,3.25,4.12,4.0,2.0,4.0,1.75,4.0,3.25,3.25,3.25,3.25,3.75,2.0,2.0,2.75,3.25,1.0,1.88,2.0,3.25,1.38,2.12,1.0,4.0,4.25,3.12,2.88,1.88,3.0,2.0
29-1131.00,29-1131,Veterinarians,"Diagnose, treat, or research diseases and injuries of animals. Includes veterinarians who conduct research and development, inspect livestock, or care for pets and companion animals.",130100.0,83900.0,0.9142259414225942,0.5962539021852237,0.755239921803909,5.98,5.98,1.0,3.45,1.7,3.47,5.0,11.0264,100.0,4.0,4.12,3.88,3.12,4.12,3.88,3.88,3.5,3.88,3.12,3.0,3.88,2.0,2.0,3.0,2.88,1.88,2.75,2.25,2.88,1.25,2.12,1.0,3.38,3.25,2.88,3.0,1.88,3.25,1.88
29-1141.00,29-1141,Registered Nurses,"Assess patient health problems and needs, develop and implement nursing care plans, and maintain medical records. Administer nursing care to ill, injured, convalescent, or disabled patients. May advise patients on health maintenance and disease prevention or provide case management. Licensing or registration required.",97550.0,3379720.0,0.7625523012552301,0.9937565036420396,0.8781544024486347,3.46,4.71,1.34,5.57,2.38,4.75,4.0,5.1293,57.35,3.5,4.0,4.0,2.88,3.88,2.88,4.0,3.75,3.5,4.0,3.25,3.88,1.62,1.88,2.62,2.75,2.25,2.0,3.0,2.88,1.62,2.88,1.12,4.0,4.12,3.0,3.0,1.88,3.12,1.88
29-1141.01,29-1141,Acute Care Nurses,"Provide advanced nursing care for patients with acute conditions such as heart attacks, respiratory distress syndrome, or shock. May care for pre- and post-operative patients or perform advanced, invasive diagnostic or therapeutic procedures.",97550.0,3379720.0,0.7625523012552301,0.9937565036420396,0.8781544024486347,3.7,5.66,1.75,5.8,1.76,3.32,4.0,6.380738073807381,80.94,4.0,4.0,4.12,3.0,4.12,3.0,4.12,4.0,4.0,4.0,3.5,4.0,2.0,2.12,3.12,3.0,2.75,2.12,3.0,3.12,1.38,2.5,1.0,4.12,4.0,3.0,3.12,1.88,3.5,2.12
29-1141.02,29-1141,Advanced Practice Psychiatric Nurses,"Assess, diagnose, and treat individuals and families with mental health or substance use disorders or the potential for such disorders. Apply therapeutic activities, including the prescription of medication, per state regulations, and the administration of psychotherapy.",97550.0,3379720.0,0.7625523012552301,0.9937565036420396,0.8781544024486347,2.59,5.9,2.82,6.07,2.04,3.35,5.0,8.347965203479651,100.01,3.88,4.38,4.0,2.75,4.0,2.88,4.12,4.0,3.88,3.75,3.75,4.0,2.0,2.0,2.88,3.62,1.0,1.5,2.0,3.62,1.62,1.38,1.0,3.75,4.25,3.38,3.12,1.62,4.0,1.0
29-1141.03,29-1141,Critical Care Nurses,Provide specialized nursing care for patients in critical or coronary care units.,97550.0,3379720.0,0.7625523012552301,0.9937565036420396,0.8781544024486347,3.91,5.02,1.7,5.56,2.2,4.23,4.0,5.964196419641965,64.28,3.88,4.0,4.0,2.88,4.0,3.0,4.0,3.38,3.88,3.88,3.25,3.88,2.12,2.12,3.0,3.12,2.75,2.62,3.38,3.12,1.75,2.62,1.0,4.0,4.0,2.88,2.75,1.88,3.25,2.0
29-1141.04,29-1141,Clinical Nurse Specialists,"Direct nursing staff in the provision of patient care in a clinical practice setting, such as a hospital, hospice, clinic, or home. Ensure adherence to established clinical policies, protocols, regulations, and standards.",97550.0,3379720.0,0.7625523012552301,0.9937565036420396,0.8781544024486347,2.34,4.86,1.81,6.23,3.69,4.04,5.0,8.285628562856285,99.99,4.0,3.88,4.0,2.5,4.0,3.0,4.12,3.88,3.88,3.88,3.5,4.0,1.88,2.0,3.12,3.0,1.75,3.0,2.75,3.62,1.12,2.12,1.0,4.0,4.0,3.0,3.12,1.5,3.62,1.75
29-1151.00,29-1151,Nurse Anesthetists,"Administer anesthesia, monitor patient's vital signs, and oversee patient recovery from anesthesia. May assist anesthesiologists, surgeons, other physicians, or dentists. Must be registered nurses who have specialized graduate education.",236590.0,51840.0,0.9738493723849372,0.4973985431841831,0.7356239577845601,4.78,5.06,1.0,5.35,1.96,4.15,5.0,9.740800000000002,100.0,4.0,4.0,4.12,3.25,4.12,3.88,4.0,3.38,4.0,3.38,3.25,4.0,2.0,2.25,2.88,3.0,2.88,2.62,3.25,3.12,1.25,3.0,2.0,3.88,3.88,3.12,3.12,1.88,3.38,2.38
29-1161.00,29-1161,Nurse Midwives,"Diagnose and coordinate all aspects of the birthing process, either independently or as part of a healthcare team. May provide well-woman gynecological care. Must have specialized, graduate nursing education.",134040.0,7920.0,0.9215481171548116,0.119146722164412,0.5203474196596118,3.24,4.25,1.94,5.96,2.97,3.4,5.0,8.125012501250126,99.99,4.0,4.12,4.12,2.62,4.0,2.88,4.12,3.88,3.88,3.88,3.25,3.75,1.75,1.88,2.62,2.75,1.75,2.38,2.38,2.75,1.62,2.12,1.0,3.88,4.12,3.12,3.0,1.75,3.12,1.5
29-1171.00,29-1171,Nurse Practitioners,"Diagnose and treat acute, episodic, or chronic illness, independently or as part of a healthcare team. May focus on health promotion and disease prevention. May order, perform, or interpret diagnostic tests such as lab work and x rays. May prescribe medication. Must be registered nurses who have specialized graduate education.",132300.0,323040.0,0.9173640167364016,0.8345473465140478,0.8759556816252247,3.56,5.54,1.38,5.52,2.07,4.06,5.0,8.869613038696132,100.01,4.0,4.12,4.12,3.0,4.12,3.75,4.0,4.0,4.12,3.75,3.12,4.0,2.0,2.0,3.0,3.0,1.75,3.0,2.12,3.25,1.38,2.12,1.0,3.88,4.0,3.0,3.12,1.75,3.38,2.0
29-1181.00,29-1181,Audiologists,Assess and treat persons with hearing and related disorders. May fit hearing aids and provide auditory training. May perform research related to hearing problems.,95780.0,13660.0,0.7510460251046025,0.2112382934443288,0.4811421592744657,3.98,5.93,2.18,5.92,1.81,3.97,5.0,11.0455,100.0,4.0,4.12,4.0,2.88,4.12,3.0,4.0,4.0,3.62,3.38,3.12,3.75,1.88,1.88,2.88,2.88,2.12,2.88,3.0,3.12,1.75,3.0,2.12,3.62,4.0,3.12,3.12,1.88,3.25,2.12
29-1211.00,29-1211,Anesthesiologists,"Administer anesthetics and analgesics for pain management prior to, during, or after surgery.",391490.0,38760.0,0.99581589958159,0.4464099895941727,0.7211129445878813,5.18,5.73,1.17,5.25,2.5,3.69,5.0,11.6055,100.0,3.62,4.12,4.5,3.0,4.0,4.0,3.88,4.0,4.0,3.12,3.12,4.12,2.25,2.12,3.0,2.88,2.75,2.62,3.62,3.0,1.12,2.75,1.0,3.25,3.75,3.12,3.25,1.62,3.75,2.12
29-1212.00,29-1212,Cardiologists,"Diagnose, treat, manage, and prevent diseases or conditions of the cardiovascular system. May further subspecialize in interventional procedures (e.g., balloon angioplasty and stent placement), echocardiography, or electrophysiology.",496010.0,17290.0,0.9989539748953976,0.2643080124869927,0.6316309936911951,4.96,6.87,1.15,4.73,2.28,4.0,5.0,,,,,,,,,,,,,,,,,,,,,,,,,,,,,,,,
29-1213.00,29-1213,Dermatologists,"Diagnose and treat diseases relating to the skin, hair, and nails. May perform both medical and dermatological surgery functions.",328730.0,11370.0,0.99163179916318,0.1727367325702393,0.5821842658667096,4.81,6.44,1.87,4.65,1.77,3.83,5.0,10.7237,93.15,3.75,4.0,4.12,2.25,3.88,3.62,3.88,3.5,3.5,3.25,3.25,3.75,2.0,2.0,3.0,3.12,1.25,1.88,2.0,3.25,1.88,1.75,1.0,4.0,3.88,2.75,2.88,1.88,3.12,1.38
29-1214.00,29-1214,Emergency Medicine Physicians,"Make immediate medical decisions and act to prevent death or further disability. Provide immediate recognition, evaluation, care, stabilization, and disposition of patients. May direct emergency medical staff in an emergency department.",335550.0,32880.0,0.9926778242677824,0.4027055150884495,0.6976916696781159,4.15,5.64,1.0,5.6,2.68,4.22,5.0,11.586199999999998,100.0,4.0,4.38,4.38,2.75,4.25,3.0,4.25,4.12,4.12,4.0,3.62,4.12,2.0,1.88,2.88,3.25,2.38,1.75,2.5,3.62,1.75,1.88,1.0,4.12,4.25,3.25,3.0,1.5,3.25,1.5
29-1215.00,29-1215,Family Medicine Physicians,"Diagnose, treat, and provide preventive care to individuals and families across the lifespan. May refer patients to specialists when needed for further diagnosis or treatment.",244180.0,107510.0,0.9748953974895398,0.6420395421436004,0.8084674698165701,3.75,6.08,1.45,6.21,2.34,3.95,5.0,10.87028702870287,99.68,4.0,4.25,4.38,2.75,4.25,3.88,4.12,4.12,4.0,3.12,3.38,4.0,1.62,1.62,3.0,2.88,1.12,2.5,2.12,3.0,1.25,2.12,1.0,3.88,3.88,2.88,2.88,1.25,4.0,1.5
29-1216.00,29-1216,General Internal Medicine Physicians,"Diagnose and provide nonsurgical treatment for a wide range of diseases and injuries of internal organ systems. Provide care mainly for adults and adolescents, and are based primarily in an outpatient care setting.",256560.0,67150.0,0.9769874476987448,0.554630593132154,0.7658090204154494,4.43,6.81,1.44,6.08,2.1,3.63,5.0,11.5301,100.0,3.88,4.12,4.0,2.88,4.12,4.0,4.0,4.0,4.0,3.25,3.12,4.0,1.88,2.0,3.0,3.0,1.5,2.75,2.0,3.12,1.75,2.5,1.25,3.75,4.0,3.25,3.12,1.75,3.12,1.75
29-1217.00,29-1217,Neurologists,"Diagnose, manage, and treat disorders and diseases of the brain, spinal cord, and peripheral nerves, with a primarily nonsurgical focus.",248560.0,10590.0,0.9759414225941424,0.1618106139438085,0.5688760182689754,4.1,7.0,2.08,5.02,2.39,3.69,5.0,11.277472252774723,97.61,3.75,4.25,4.12,2.88,4.12,3.75,4.12,4.0,4.12,3.75,3.5,4.0,2.0,2.12,3.0,2.75,1.25,2.12,2.12,3.5,1.75,2.38,1.0,3.5,4.12,3.38,3.25,1.88,3.25,1.75
29-1218.00,29-1218,Obstetricians and Gynecologists,"Provide medical care related to pregnancy or childbirth. Diagnose, treat, and help prevent diseases of women, particularly those affecting the reproductive system. May also provide general care to women. May perform both medical and gynecological surgery functions.",292910.0,21260.0,0.98744769874477,0.3090530697190427,0.6482503842319063,4.59,5.5,1.45,5.45,2.74,3.72,5.0,11.705600000000002,100.0,4.12,4.12,4.38,2.75,4.25,3.75,4.0,4.0,4.0,3.88,3.12,4.0,2.0,2.12,2.88,2.88,2.0,2.5,2.12,3.0,1.38,1.88,1.0,3.62,3.88,3.12,3.0,1.38,3.75,1.38
29-1221.00,29-1221,"Pediatricians, General","Diagnose, treat, and help prevent diseases and injuries in children. May refer patients to specialists for further diagnosis or treatment, as needed.",210040.0,39390.0,0.9686192468619248,0.449531737773153,0.7090754923175389,3.64,6.18,1.88,6.64,2.54,3.58,5.0,11.7703,100.0,4.0,4.12,4.25,2.38,4.12,4.0,4.25,4.0,4.0,3.38,3.38,4.25,2.12,2.0,2.88,3.0,1.0,2.88,1.88,3.25,1.38,1.88,1.0,3.88,4.0,2.88,3.0,1.38,3.0,1.75
29-1222.00,29-1222,"Physicians, Pathologists","Diagnose diseases and conduct lab tests using organs, body tissues, and fluids. Includes medical examiners.",312400.0,11110.0,0.9905857740585774,0.1654526534859521,0.5780192137722647,4.86,7.0,1.36,3.6,1.76,4.72,5.0,11.413,100.0,4.0,4.0,4.12,3.0,4.25,4.0,3.88,4.12,4.0,3.0,3.25,3.88,2.62,2.75,3.12,3.0,2.0,2.0,2.25,3.0,1.88,2.75,1.0,3.0,3.12,3.0,3.0,1.88,3.25,2.0
29-1223.00,29-1223,Psychiatrists,"Diagnose, treat, and help prevent mental disorders.",281870.0,27980.0,0.9853556485355648,0.3694068678459937,0.6773812581907793,2.3,6.59,2.65,5.83,1.95,3.6,5.0,11.374062593740629,99.54,4.0,4.62,4.25,2.5,4.12,3.88,4.25,4.12,3.88,3.88,3.5,4.12,1.62,1.62,2.75,3.25,1.25,3.25,1.62,3.5,1.5,1.38,1.0,3.88,4.5,3.25,3.25,1.5,3.25,1.0
29-1224.00,29-1224,Radiologists,"Diagnose and treat diseases and injuries using medical imaging techniques, such as x rays, magnetic resonance imaging (MRI), nuclear medicine, and ultrasounds. May perform minimally invasive medical procedures and tests.",420860.0,26770.0,0.997907949790795,0.3631633714880333,0.6805356606394142,4.89,6.62,1.37,3.85,2.17,4.47,5.0,10.6706,85.88,3.88,4.25,4.12,2.88,4.25,3.75,4.25,4.12,4.0,3.25,3.38,4.12,1.75,2.0,3.0,2.75,2.88,1.62,3.12,2.88,1.38,3.12,1.5,3.62,4.0,3.0,3.0,1.5,3.5,2.0
29-1229.00,29-1229,"Physicians, All Other",All physicians not listed separately.,265930.0,342720.0,0.9811715481171548,0.8449531737773153,0.913062360947235,,,,,,,,,,,,,,,,,,,,,,,,,,,,,,,,,,,,,,,
29-1229.01,29-1229,Allergists and Immunologists,"Diagnose, treat, and help prevent allergic diseases and disease processes affecting the immune system.",265930.0,342720.0,0.9811715481171548,0.8449531737773153,0.913062360947235,3.84,6.95,1.85,5.3,2.2,3.67,5.0,10.1352,87.19,4.0,4.12,4.12,2.75,4.5,3.88,4.0,4.12,4.0,3.0,3.5,4.12,2.0,2.12,2.88,3.0,1.0,1.38,2.12,3.0,1.5,1.88,1.0,3.75,3.75,3.25,3.12,1.88,3.75,1.5
29-1229.02,29-1229,Hospitalists,"Provide inpatient care predominantly in settings such as medical wards, acute care units, intensive care units, rehabilitation centers, or emergency rooms. Manage and coordinate patient care throughout treatment.",265930.0,342720.0,0.9811715481171548,0.8449531737773153,0.913062360947235,3.55,4.58,1.64,6.27,3.14,3.9,5.0,11.2,100.0,4.12,4.12,4.12,3.0,4.12,3.38,4.12,3.88,4.12,3.88,3.25,4.12,1.62,1.62,3.0,3.0,1.12,2.0,2.0,3.25,1.5,2.25,1.0,4.0,4.12,3.12,3.12,1.62,3.25,1.38
29-1229.03,29-1229,Urologists,"Diagnose, treat, and help prevent benign and malignant medical and surgical disorders of the genitourinary system and the renal glands.",265930.0,342720.0,0.9811715481171548,0.8449531737773153,0.913062360947235,4.85,6.85,1.31,5.45,2.22,3.43,5.0,11.622137786221378,100.01,3.88,4.12,4.25,2.75,4.38,3.62,4.0,4.12,4.0,3.38,3.12,4.25,2.0,2.12,3.12,2.88,2.25,1.25,3.0,3.0,1.62,2.5,1.0,3.38,3.88,3.5,3.25,1.38,3.62,1.88
29-1229.04,29-1229,Physical Medicine and Rehabilitation Physicians,"Diagnose and treat disorders requiring physiotherapy to provide physical, mental, and occupational rehabilitation.",265930.0,342720.0,0.9811715481171548,0.8449531737773153,0.913062360947235,4.92,6.26,1.87,6.0,1.69,3.0,5.0,11.3775,100.0,3.62,4.0,4.12,2.88,4.0,3.25,4.0,3.75,3.75,3.75,3.62,3.88,1.88,2.0,3.0,2.62,1.88,2.12,2.12,3.25,1.75,2.62,1.0,3.62,4.0,3.0,3.25,2.0,3.5,1.88
29-1229.05,29-1229,Preventive Medicine Physicians,"Apply knowledge of general preventive medicine and public health issues to promote health care to groups or individuals, and aid in the prevention or reduction of risk of disease, injury, disability, or death. May practice population-based medicine or diagnose and treat patients in the context of clinical health promotion and disease prevention.",265930.0,342720.0,0.9811715481171548,0.8449531737773153,0.913062360947235,3.37,6.7,1.88,5.43,2.37,3.39,5.0,11.7368,100.0,4.0,4.25,4.25,3.12,4.38,3.75,4.25,4.12,4.25,4.0,3.75,4.25,2.0,1.75,3.75,3.0,1.25,2.88,1.62,3.62,1.5,2.38,1.0,3.75,4.0,3.75,3.75,1.62,3.5,1.5
29-1229.06,29-1229,Sports Medicine Physicians,"Diagnose, treat, and help prevent injuries that occur during sporting events, athletic training, and physical activities.",265930.0,342720.0,0.9811715481171548,0.8449531737773153,0.913062360947235,5.19,5.36,1.2,5.27,3.34,3.52,5.0,11.4905,100.0,3.88,4.38,4.25,2.5,4.5,3.25,4.0,3.75,3.88,3.62,3.75,4.12,1.88,2.0,3.12,3.0,2.5,2.0,2.88,3.5,1.88,2.62,1.0,3.75,3.88,3.38,3.62,1.88,3.75,2.0
29-1241.00,29-1241,"Ophthalmologists, Except Pediatric",Diagnose and perform surgery to treat and help prevent disorders and diseases of the eye. May also provide vision services for treatment including glasses and contacts.,300080.0,8950.0,0.9884937238493724,0.1378772112382934,0.5631854675438329,4.4,6.24,1.7,5.46,2.98,3.72,5.0,9.93039303930393,90.08,4.0,4.12,4.25,3.0,4.25,3.88,4.0,4.0,4.0,3.75,3.75,4.0,2.12,2.12,3.12,3.0,2.75,2.0,3.0,3.62,1.88,2.62,1.5,3.88,4.0,3.0,3.0,2.0,3.88,2.0
29-1242.00,29-1242,"Orthopedic Surgeons, Except Pediatric",Diagnose and perform surgery to treat and prevent rheumatic and other diseases in the musculoskeletal system.,358550.0,14100.0,0.9947698744769874,0.222684703433923,0.6087272889554551,5.08,6.5,1.48,4.82,2.36,3.91,5.0,,,,,,,,,,,,,,,,,,,,,,,,,,,,,,,,
29-1243.00,29-1243,Pediatric Surgeons,"Diagnose and perform surgery to treat fetal abnormalities and birth defects, diseases, and injuries in fetuses, premature and newborn infants, children, and adolescents. Includes all pediatric surgical specialties and subspecialties.",559030.0,1190.0,1.0,0.0124869927159209,0.5062434963579605,4.95,6.52,1.55,4.99,2.43,3.91,5.0,,,,,,,,,,,,,,,,,,,,,,,,,,,,,,,,
29-1249.00,29-1249,"Surgeons, All Other",All surgeons not listed separately.,414010.0,25140.0,0.9968619246861924,0.3496357960457856,0.6732488603659891,,,,,,,,,,,,,,,,,,,,,,,,,,,,,,,,,,,,,,,
29-1291.00,29-1291,Acupuncturists,"Diagnose, treat, and prevent disorders by stimulating specific acupuncture points within the body using acupuncture needles. May also use cups, nutritional supplements, therapeutic massage, acupressure, and other alternative health therapies.",76040.0,7830.0,0.6014644351464435,0.1165452653485952,0.3590048502475194,4.8,5.49,2.08,5.65,1.6,3.06,5.0,8.143099999999999,92.86,3.12,3.88,3.75,2.0,3.25,2.25,3.62,3.12,3.25,3.12,2.75,3.5,1.75,1.88,2.0,2.0,1.38,1.75,1.62,2.62,1.25,1.88,1.0,3.75,3.75,2.88,2.88,1.38,3.0,1.38
29-1292.00,29-1292,Dental Hygienists,Administer oral hygiene care to patients. Assess patient oral hygiene problems or needs and maintain health records. Advise patients on oral health maintenance and disease prevention. May provide advanced care such as providing fluoride treatment or administering topical anesthesia.,98100.0,222740.0,0.7688284518828452,0.7887617065556711,0.7787950792192582,5.27,4.52,1.12,5.35,1.73,4.31,3.0,5.847800000000001,24.82,3.0,3.75,3.5,2.0,3.0,2.38,3.5,3.12,2.88,3.0,3.0,3.0,1.5,1.88,2.25,2.38,2.25,1.75,2.88,3.0,1.38,2.38,1.88,3.12,3.12,2.0,2.12,1.88,3.0,2.25
29-1299.00,29-1299,"Healthcare Diagnosing or Treating Practitioners, All Other",All healthcare diagnosing or treating practitioners not listed separately.,115210.0,28630.0,0.8608786610878661,0.3766909469302809,0.6187848040090735,,,,,,,,,,,,,,,,,,,,,,,,,,,,,,,,,,,,,,,
29-1299.01,29-1299,Naturopathic Physicians,"Diagnose, treat, and help prevent diseases using a system of practice that is based on the natural healing capacity of individuals. May use physiological, psychological or mechanical methods. May also use natural medicines, prescription or legend drugs, foods, herbs, or other natural remedies.",115210.0,28630.0,0.8608786610878661,0.3766909469302809,0.6187848040090735,4.53,5.89,1.81,5.73,1.98,3.25,5.0,11.04,100.0,3.75,4.12,4.12,2.75,4.25,3.12,4.12,4.0,3.88,3.12,3.12,4.0,2.0,2.0,3.0,2.88,1.25,1.88,2.0,3.12,1.62,2.12,1.0,3.88,4.0,3.12,2.88,1.75,3.12,1.5
29-1299.02,29-1299,Orthoptists,Diagnose and treat visual system disorders such as binocular vision and eye movement impairments.,115210.0,28630.0,0.8608786610878661,0.3766909469302809,0.6187848040090735,4.88,5.74,1.88,4.77,1.47,3.82,5.0,7.107110711071109,96.42,3.25,4.0,4.0,2.75,3.62,3.62,3.88,3.5,3.38,3.0,3.25,3.38,1.5,1.5,2.38,2.25,1.5,2.75,2.0,2.88,1.75,1.75,1.0,3.38,3.75,3.12,3.12,1.88,3.0,1.0
29-2011.00,29-2011,Medical and Clinical Laboratory Technologists,"Perform complex medical laboratory tests for diagnosis, treatment, and prevention of disease. May train or supervise staff.",,,,,,5.81,6.15,1.13,2.77,1.51,4.99,4.0,5.784721527847216,66.07,3.38,3.88,4.0,3.12,3.75,4.0,3.12,3.12,3.38,3.0,3.12,3.12,1.88,2.0,2.88,2.38,3.38,1.88,3.62,2.75,2.0,3.75,2.38,2.88,3.0,2.75,2.75,1.5,3.38,3.0
29-2011.01,29-2011,Cytogenetic Technologists,"Analyze chromosomes or chromosome segments found in biological specimens, such as amniotic fluids, bone marrow, solid tumors, and blood to aid in the study, diagnosis, classification, or treatment of inherited or acquired genetic diseases. Conduct analyses through classical cytogenetic, fluorescent in situ hybridization (FISH) or array comparative genome hybridization (aCGH) techniques.",,,,,,5.32,5.91,1.48,1.93,1.56,5.02,4.0,6.238099999999999,100.0,3.25,3.62,3.88,3.0,3.88,3.25,3.62,3.75,3.38,3.0,2.88,3.5,2.0,2.0,2.75,2.12,2.12,2.0,2.88,2.38,1.38,2.88,1.62,2.75,3.0,3.0,2.88,1.5,3.12,2.0
29-2011.02,29-2011,Cytotechnologists,"Stain, mount, and study cells to detect evidence of cancer, hormonal abnormalities, and other pathological conditions following established standards and practices.",,,,,,5.92,6.06,1.1,2.41,1.84,4.89,5.0,6.6364,100.0,3.0,3.75,3.75,2.62,3.88,2.88,3.12,3.0,3.25,2.88,2.88,3.12,2.0,2.0,2.62,2.0,2.5,1.5,2.62,2.25,2.0,2.62,2.0,2.88,3.0,2.12,2.12,1.5,3.0,2.5
29-2011.04,29-2011,Histotechnologists,Apply knowledge of health and disease causes to evaluate new laboratory techniques and procedures to examine tissue samples. Process and prepare histological slides from tissue sections for microscopic examination and diagnosis by pathologists. May solve technical or instrument problems or assist with research studies.,,,,,,5.72,6.56,1.31,2.89,1.05,5.16,4.0,5.3332,57.14,3.25,3.25,3.38,2.38,3.5,3.0,3.25,3.12,3.25,3.0,2.62,3.38,1.88,2.12,2.62,2.5,2.62,1.25,3.25,2.62,1.75,2.75,2.25,2.62,2.88,2.5,2.75,1.62,3.12,2.62
29-2012.00,29-2012,Medical and Clinical Laboratory Technicians,"Perform routine medical laboratory tests for the diagnosis, treatment, and prevention of disease. May work under the supervision of a medical technologist.",,,,,,6.01,5.89,1.0,2.88,1.0,4.85,3.0,5.743099999999999,63.51,3.0,3.88,3.38,2.75,3.5,3.25,3.38,3.12,3.12,3.0,3.12,3.0,2.0,2.0,2.88,2.62,2.88,2.12,3.12,2.5,1.88,3.12,2.5,3.0,3.0,2.75,2.25,2.0,3.12,2.75
29-2012.01,29-2012,Histology Technicians,Prepare histological slides from tissue sections for microscopic examination and diagnosis by pathologists. May assist with research studies.,,,,,,6.29,5.37,1.26,2.12,1.0,5.03,3.0,4.68,12.0,2.88,3.5,3.5,2.0,3.38,3.12,3.12,3.0,3.25,3.0,2.25,3.12,1.62,2.12,2.25,1.88,2.75,1.38,2.88,2.0,1.62,2.62,1.25,2.25,2.88,2.12,2.12,1.62,3.0,2.38
29-2031.00,29-2031,Cardiovascular Technologists and Technicians,"Conduct tests on pulmonary or cardiovascular systems of patients for diagnostic, therapeutic, or research purposes. May conduct or assist in electrocardiograms, cardiac catheterizations, pulmonary functions, lung capacity, and similar tests.",74310.0,62960.0,0.5805439330543933,0.5379812695109261,0.5592626012826597,5.61,5.31,1.0,4.25,1.3,4.7,3.0,4.5875,6.58,3.12,3.88,3.75,2.62,3.62,3.0,3.75,3.12,3.12,3.0,3.0,3.25,1.75,1.88,2.5,2.62,3.12,1.62,3.75,2.75,1.62,2.75,2.25,3.25,3.62,2.38,2.25,1.75,3.0,2.5
29-2032.00,29-2032,Diagnostic Medical Sonographers,Produce ultrasonic recordings of internal organs for use by physicians. Includes vascular technologists.,96590.0,90160.0,0.7531380753138075,0.6087408949011447,0.6809394851074762,5.87,4.75,1.32,4.1,1.51,5.05,3.0,5.616499999999999,33.53,3.38,3.88,3.5,2.12,3.75,3.25,3.75,3.25,3.12,3.25,3.0,3.12,1.75,1.88,2.75,2.5,3.12,2.0,3.12,3.0,1.25,2.75,2.12,3.12,3.75,2.38,2.12,2.0,3.38,2.25
29-2033.00,29-2033,Nuclear Medicine Technologists,"Prepare, administer, and measure radioactive isotopes in therapeutic, diagnostic, and tracer studies using a variety of radioisotope equipment. Prepare stock solutions of radioactive materials and calculate doses to be administered by radiologists. Subject patients to radiation. Execute blood volume, red cell survival, and fat absorption studies following standard laboratory techniques.",101370.0,17080.0,0.7939330543933054,0.2622268470343392,0.5280799507138223,5.99,5.57,1.0,3.08,1.31,5.2,3.0,5.430756924307569,31.33,3.12,3.75,3.88,3.12,3.5,3.25,3.75,3.5,3.12,3.25,2.88,3.25,1.75,2.0,2.62,2.38,3.0,1.75,3.12,2.75,1.62,2.88,2.12,3.25,3.38,2.38,2.38,1.75,3.0,2.38
29-2034.00,29-2034,Radiologic Technologists and Technicians,Take x-rays and CAT scans or administer nonradioactive materials into patient's bloodstream for diagnostic or research purposes. Includes radiologic technologists and technicians who specialize in other scanning modalities.,80110.0,230490.0,0.6621338912133892,0.7929240374609782,0.7275289643371836,5.9,4.88,1.0,3.41,1.0,5.08,3.0,4.775900000000001,10.63,2.88,3.75,3.25,2.0,3.5,2.12,3.5,3.0,2.62,3.12,2.75,3.0,1.38,1.62,2.62,2.38,3.25,1.38,3.12,2.25,1.75,3.0,1.75,3.5,3.62,2.5,2.38,1.62,3.0,2.62
29-2035.00,29-2035,Magnetic Resonance Imaging Technologists,"Operate Magnetic Resonance Imaging (MRI) scanners. Monitor patient safety and comfort, and view images of area being scanned to ensure quality of pictures. May administer gadolinium contrast dosage intravenously. May interview patient, explain MRI procedures, and position patient on examining table. May enter into the computer data such as patient history, anatomical area to be scanned, orientation specified, and position of entry.",95480.0,43390.0,0.75,0.4672216441207076,0.6086108220603538,5.46,4.79,1.0,3.51,1.27,4.93,3.0,4.739226077392262,13.05,3.12,3.75,3.38,2.62,3.88,2.75,3.62,3.12,3.12,3.0,3.0,3.0,1.5,2.12,2.12,2.62,3.25,1.25,3.62,2.88,1.75,2.62,1.75,3.12,3.12,3.0,2.88,1.5,3.0,2.62
29-2036.00,29-2036,Medical Dosimetrists,"Generate radiation treatment plans, develop radiation dose calculations, communicate and supervise the treatment plan implementation, and consult with members of radiation oncology team.",147470.0,3410.0,0.944560669456067,0.0530697190426638,0.4988151942493654,4.57,5.3,1.32,3.57,2.21,5.0,4.0,6.7,95.0,3.38,4.0,4.12,3.5,4.0,3.38,3.88,3.75,3.62,3.12,3.0,3.62,1.75,1.88,3.0,2.5,1.88,2.12,2.62,2.88,2.0,2.5,1.0,3.25,3.38,3.12,3.0,1.88,3.5,2.0
29-2042.00,29-2042,Emergency Medical Technicians,Assess injuries and illnesses and administer basic emergency medical care. May transport injured or sick persons to medical facilities.,44470.0,180510.0,0.1610878661087866,0.7585848074921956,0.4598363368004911,5.46,4.57,1.0,5.56,1.56,3.76,3.0,,,,,,,,,,,,,,,,,,,,,,,,,,,,,,,,
29-2043.00,29-2043,Paramedics,"Administer basic or advanced emergency medical care and assess injuries and illnesses. May administer medication intravenously, use equipment such as EKGs, or administer advanced life support to sick or injured individuals.",60600.0,100610.0,0.434623430962343,0.6305931321540063,0.5326082815581746,5.2,5.03,1.0,5.49,1.91,3.42,3.0,,,,,,,,,,,,,,,,,,,,,,,,,,,,,,,,
29-2051.00,29-2051,Dietetic Technicians,"Assist in the provision of food service and nutritional programs, under the supervision of a dietitian. May plan and produce meals based on established guidelines, teach principles of food and nutrition, or counsel individuals.",37640.0,31560.0,0.0648535564853556,0.3964620187304891,0.2306577876079223,3.81,3.45,2.54,5.05,2.57,3.82,3.0,3.7699,6.71,3.12,3.25,3.12,2.88,3.12,2.0,3.38,3.12,3.12,3.0,3.12,3.12,2.12,2.12,2.75,2.88,2.12,2.25,2.75,2.88,1.5,2.88,1.0,3.12,3.12,2.75,2.75,1.75,3.0,2.0
29-2052.00,29-2052,Pharmacy Technicians,"Prepare medications under the direction of a pharmacist. May measure, mix, count out, label, and record amounts and dosages of medications according to prescription orders.",45750.0,471680.0,0.1830543933054393,0.9021852237252862,0.5426198085153627,4.21,2.99,1.0,3.32,2.52,7.0,3.0,2.9808,3.84,3.12,4.0,3.25,3.0,3.75,1.88,3.75,3.0,3.12,3.0,2.25,3.12,1.75,2.12,2.5,2.0,2.12,1.75,2.25,2.5,1.5,2.12,1.0,3.12,3.12,2.38,2.12,1.75,3.0,1.75
29-2053.00,29-2053,Psychiatric Technicians,"Care for individuals with mental or emotional conditions or disabilities, following the instructions of physicians or other health practitioners. Monitor patients' physical and emotional well-being and report to medical staff. May participate in rehabilitation and treatment programs, help with personal hygiene, and administer oral or injectable medications.",45130.0,156960.0,0.1715481171548117,0.7304890738813735,0.4510185955180926,3.29,4.57,2.12,6.93,1.46,3.46,3.0,4.267,31.91,3.12,4.0,3.62,2.0,3.75,2.0,3.88,3.25,3.0,3.88,3.25,3.0,1.38,1.5,2.75,3.0,1.62,1.88,2.0,3.12,1.5,2.0,1.0,3.62,4.12,2.75,2.62,1.88,3.0,2.0
29-2055.00,29-2055,Surgical Technologists,"Assist in operations, under the supervision of surgeons, registered nurses, or other surgical personnel. May help set up operating room, prepare and transport patients for surgery, adjust lights and equipment, pass instruments and other supplies to surgeons and surgeons' assistants, hold retractors, cut sutures, and help count sponges, needles, supplies, and instruments.",64650.0,117460.0,0.4947698744769874,0.6659729448491155,0.5803714096630515,6.26,3.22,1.0,3.82,1.61,4.85,3.0,3.9938,0.0,3.0,3.38,3.12,2.62,3.0,2.25,3.12,2.88,3.0,3.12,3.0,3.0,2.0,3.0,2.88,2.62,3.0,2.0,3.25,2.62,1.12,2.88,2.5,3.0,3.0,2.5,2.88,1.88,3.12,2.75
29-2056.00,29-2056,Veterinary Technologists and Technicians,"Perform medical tests in a laboratory environment for use in the treatment and diagnosis of diseases in animals. Prepare vaccines and serums for prevention of diseases. Prepare tissue samples, take blood samples, and execute laboratory tests, such as urinalysis and blood counts. Clean and sterilize instruments and materials and maintain equipment and machines. May assist a veterinarian during surgery.",47380.0,129140.0,0.2248953974895397,0.676378772112383,0.4506370848009613,6.71,5.26,1.0,3.02,1.0,4.56,3.0,3.7772,10.4,3.12,3.75,3.75,2.75,3.62,2.88,3.62,3.25,3.25,3.12,2.88,3.12,1.88,2.38,2.75,2.62,2.62,2.0,2.88,2.88,1.75,2.38,2.12,3.12,3.12,2.75,2.62,1.88,3.0,2.5
29-2057.00,29-2057,Ophthalmic Medical Technicians,"Assist ophthalmologists by performing ophthalmic clinical functions. May administer eye exams, administer eye medications, and instruct the patient in care and use of corrective lenses.",45570.0,71010.0,0.1778242677824267,0.5671175858480749,0.3724709268152508,5.33,4.81,1.0,4.64,1.75,4.41,3.0,2.6364,0.0,3.0,3.62,3.0,2.5,3.12,2.0,3.25,3.12,2.62,3.0,2.62,2.88,1.12,1.38,2.0,1.88,2.0,1.38,2.12,2.25,1.5,2.25,1.88,3.12,3.12,2.12,2.12,1.0,2.62,2.12
29-2061.00,29-2061,Licensed Practical and Licensed Vocational Nurses,"Care for ill, injured, or convalescing patients or persons with disabilities in hospitals, nursing homes, clinics, private homes, group homes, and similar institutions. May work under the supervision of a registered nurse. Licensing required.",64400.0,648410.0,0.4916317991631799,0.9292403746097816,0.7104360868864807,4.58,3.67,1.05,5.5,2.13,4.58,3.0,4.0331,11.09,3.38,3.88,3.75,2.88,3.75,2.62,3.88,3.25,3.25,4.0,3.12,3.62,1.62,1.88,2.88,2.88,2.62,1.75,2.62,2.88,1.25,2.0,1.0,4.12,4.0,3.0,2.88,1.75,3.62,1.75
29-2072.00,29-2072,Medical Records Specialists,"Compile, process, and maintain medical records of hospital and clinic patients in a manner consistent with medical, administrative, ethical, legal, and regulatory requirements of the healthcare system. Classify medical and healthcare concepts, including diagnosis, procedures, medical services, and equipment, into the healthcare industry's numerical coding system. Includes medical coders.",51140.0,194720.0,0.3211297071129707,0.7700312174817898,0.5455804622973803,2.86,4.33,1.0,3.41,1.88,6.95,3.0,,,,,,,,,,,,,,,,,,,,,,,,,,,,,,,,
29-2081.00,29-2081,"Opticians, Dispensing","Design, measure, fit, and adapt lenses and frames for client according to written optical prescription or specification. Assist client with inserting, removing, and caring for contact lenses. Assist client with selecting frames. Measure customer for size of eyeglasses and coordinate frames with facial and eye measurements and optical prescription. Prepare work order for optical laboratory containing instructions for grinding and mounting lenses in frames. Verify exactness of finished lens spectacles. Adjust frame and lens position to fit client. May shape or reshape frames. Includes contact lens opticians.",47260.0,73530.0,0.2217573221757322,0.5712799167533819,0.396518619464557,4.35,2.28,1.41,3.05,3.33,5.43,3.0,3.0834,0.0,3.0,3.88,3.5,2.88,3.75,1.75,4.0,3.25,3.0,3.25,2.88,3.0,1.88,2.0,2.75,2.75,2.38,2.12,2.5,3.25,1.5,2.62,1.88,3.5,3.25,2.12,2.5,1.88,3.0,2.0
29-2091.00,29-2091,Orthotists and Prosthetists,"Design, measure, fit, and adapt orthopedic braces, appliances or prostheses, such as limbs or facial parts for patients with disabling conditions.",81110.0,9390.0,0.6799163179916318,0.1436004162330905,0.4117583671123611,6.0,5.1,1.99,4.3,1.56,3.58,5.0,7.85,100.0,3.75,4.0,4.0,3.0,4.0,2.88,4.0,4.0,3.75,3.25,3.12,3.25,1.75,2.0,2.5,2.75,2.25,3.12,3.0,3.0,1.38,3.0,2.0,3.75,3.75,2.88,2.88,2.88,3.12,2.12
29-2092.00,29-2092,Hearing Aid Specialists,"Select and fit hearing aids for customers. Administer and interpret tests of hearing. Assess hearing instrument efficacy. Take ear impressions and prepare, design, and modify ear molds.",65160.0,11270.0,0.5031380753138075,0.1685744016649323,0.3358562384893699,3.87,4.38,1.73,4.55,1.73,4.4,3.0,6.99090090990901,56.75,3.12,3.88,3.12,2.12,3.25,1.75,3.38,3.12,3.12,3.0,3.5,3.12,1.62,2.0,2.0,2.75,1.62,1.62,2.62,3.12,1.5,2.88,2.25,3.62,3.25,2.88,2.88,1.75,3.0,2.62
29-2099.00,29-2099,"Health Technologists and Technicians, All Other",All health technologists and technicians not listed separately.,50290.0,182610.0,0.2996861924686193,0.7611862643080125,0.530436228388316,,,,,,,,,,,,,,,,,,,,,,,,,,,,,,,,,,,,,,,
29-2099.01,29-2099,Neurodiagnostic Technologists,"Conduct electroneurodiagnostic (END) tests such as electroencephalograms, evoked potentials, polysomnograms, or electronystagmograms. May perform nerve conduction studies.",50290.0,182610.0,0.2996861924686193,0.7611862643080125,0.530436228388316,5.32,5.81,1.41,3.71,1.42,4.47,3.0,4.4517,16.13,3.12,4.0,3.75,2.25,3.75,2.5,3.88,3.38,3.12,3.0,3.12,3.12,1.75,1.88,2.38,2.12,2.88,1.12,3.12,2.0,1.62,3.0,2.5,3.12,3.25,3.0,3.0,1.5,3.0,2.88
29-2099.05,29-2099,Ophthalmic Medical Technologists,"Assist ophthalmologists by performing ophthalmic clinical functions and ophthalmic photography. Provide instruction and supervision to other ophthalmic personnel. Assist with minor surgical procedures, applying aseptic techniques and preparing instruments. May perform eye exams, administer eye medications, and instruct patients in care and use of corrective lenses.",50290.0,182610.0,0.2996861924686193,0.7611862643080125,0.530436228388316,5.41,4.71,1.12,4.32,2.02,4.73,3.0,3.85,25.0,3.0,3.88,3.25,2.62,3.12,2.25,3.88,3.12,3.0,3.12,3.12,3.0,1.5,1.38,2.88,2.38,2.0,1.12,2.62,2.75,1.62,2.0,1.38,3.38,3.62,2.38,2.12,1.38,3.0,2.0
29-2099.08,29-2099,Patient Representatives,"Assist patients in obtaining services, understanding policies and making health care decisions.",50290.0,182610.0,0.2996861924686193,0.7611862643080125,0.530436228388316,1.27,4.06,1.59,6.62,3.12,3.83,3.0,4.687868786878688,38.47,3.25,4.12,3.62,2.0,3.88,1.88,3.88,3.25,3.25,3.88,2.88,3.25,2.12,2.0,2.75,3.0,1.0,1.25,1.88,3.62,1.75,1.12,1.0,4.0,4.0,2.88,2.75,1.75,3.38,1.0
29-9021.00,29-9021,Health Information Technologists and Medical Registrars,"Apply knowledge of healthcare and information systems to assist in the design, development, and continued modification and analysis of computerized healthcare systems. Abstract, collect, and analyze treatment and followup information of patients. May educate staff and assist in problem solving to promote the implementation of the healthcare information system. May design, develop, test, and implement databases with complete history, diagnosis, treatment, and health status to help monitor diseases.",68020.0,38100.0,0.5282426778242678,0.4443288241415192,0.4862857509828935,2.58,5.17,1.18,3.83,2.2,5.95,3.0,,,,,,,,,,,,,,,,,,,,,,,,,,,,,,,,
29-9091.00,29-9091,Athletic Trainers,"Evaluate and treat musculoskeletal injuries or illnesses. Provide preventive, therapeutic, emergency, and rehabilitative care.",62520.0,30500.0,0.4644351464435146,0.3870967741935484,0.4257659603185315,5.63,4.4,1.15,5.75,2.24,3.22,5.0,6.7554,91.72,3.75,4.0,3.88,2.12,3.75,2.38,3.88,3.5,3.25,3.12,3.62,3.88,1.88,1.88,2.88,2.75,2.0,2.12,2.75,3.0,1.25,2.75,1.0,3.62,3.75,2.88,2.88,1.88,3.25,2.0
29-9092.00,29-9092,Genetic Counselors,"Assess individual or family risk for a variety of inherited conditions, such as genetic disorders and birth defects. Provide information to other healthcare providers or to individuals and families concerned with the risk of inherited conditions. Advise individuals and families to support informed decisionmaking and coping methods for those at risk. May help conduct research related to genetic conditions or genetic counseling.",100040.0,3740.0,0.7824267782426778,0.0634755463059313,0.4229511622743045,1.66,5.86,2.34,5.45,2.73,3.89,5.0,8.0,100.0,3.88,4.0,3.88,2.75,4.12,3.25,3.88,3.88,4.0,3.0,3.12,3.25,1.25,1.12,2.88,3.0,1.0,1.25,1.88,3.0,1.38,1.12,1.0,3.12,3.88,3.12,3.0,1.5,3.12,1.0
29-9093.00,29-9093,Surgical Assistants,"Assist in operations, under the supervision of surgeons. May, in accordance with state laws, help surgeons to make incisions and close surgical sites, manipulate or remove tissues, implant surgical devices or drains, suction the surgical site, place catheters, clamp or cauterize vessels or tissue, and apply dressings to surgical site.",66800.0,22270.0,0.5188284518828452,0.3204994797086368,0.419663965795741,5.7,3.45,1.0,3.84,1.78,4.4,3.0,5.123575284943012,35.9,3.0,4.0,3.62,2.5,3.62,2.62,3.75,3.12,3.25,3.38,2.62,3.12,1.88,2.12,2.38,2.75,2.88,1.5,3.25,2.75,1.5,2.75,1.0,3.38,3.12,2.75,2.62,1.62,2.88,2.12
29-9099.00,29-9099,"Healthcare Practitioners and Technical Workers, All Other",All healthcare practitioners and technical workers not listed separately.,65790.0,35010.0,0.5088912133891214,0.4235171696149843,0.4662041915020528,,,,,,,,,,,,,,,,,,,,,,,,,,,,,,,,,,,,,,,
29-9099.01,29-9099,Midwives,Provide prenatal care and childbirth assistance.,65790.0,35010.0,0.5088912133891214,0.4235171696149843,0.4662041915020528,3.98,3.54,1.91,6.04,2.7,3.26,5.0,5.6213,58.42,3.38,3.75,4.0,2.25,3.62,2.88,3.75,3.12,3.38,3.62,3.25,3.75,1.62,1.88,2.75,2.62,1.5,1.38,2.25,3.0,1.62,1.88,1.0,3.75,4.12,3.0,3.0,1.62,3.0,1.75
31-1121.00,31-1121,Home Health Aides,"Monitor the health status of an individual with disabilities or illness, and address their health-related needs, such as changing bandages, dressing wounds, or administering medication. Work is performed under the direction of offsite or intermittent onsite licensed nursing staff. Provide assistance with routine healthcare tasks or activities of daily living, such as feeding, bathing, toileting, or ambulation. May also help with tasks such as preparing meals, doing light housekeeping, and doing laundry depending on the patient's abilities.",,,,,,4.23,3.18,1.48,6.33,1.77,3.51,2.0,2.6084608460846086,0.0,3.0,3.75,3.38,2.25,3.25,1.62,3.12,3.12,3.0,3.0,3.12,3.0,2.0,2.0,2.25,2.88,1.38,1.12,2.12,3.12,1.0,2.0,1.0,3.62,3.5,2.0,2.0,1.25,3.12,1.75
31-1122.00,31-1122,Personal Care Aides,"Provide personalized assistance to individuals with disabilities or illness who require help with personal care and activities of daily living support (e.g., feeding, bathing, dressing, grooming, toileting, and ambulation). May also provide help with tasks such as preparing meals, doing light housekeeping, and doing laundry. Work is performed in various settings depending on the needs of the care recipient and may include locations such as their home, place of work, out in the community, or at a daytime nonresidential facility.",,,,,,3.51,1.8,1.79,6.19,2.55,3.92,2.0,2.6813,0.0,2.88,3.38,3.25,2.0,2.88,1.75,3.0,2.88,2.88,3.12,3.0,2.88,1.38,1.75,2.25,2.38,2.0,1.12,2.38,2.38,1.12,2.0,1.0,4.0,3.88,2.12,2.25,1.25,3.0,1.88
31-1131.00,31-1131,Nursing Assistants,"Provide or assist with basic care or support under the direction of onsite licensed nursing staff. Perform duties such as monitoring of health status, feeding, bathing, dressing, grooming, toileting, or ambulation of patients in a health or nursing facility. May include medication administration and other health-related tasks. Includes nursing care attendants, nursing aides, and nursing attendants.",42260.0,1448910.0,0.1297071129707113,0.9771071800208116,0.5534071464957615,4.58,2.72,1.0,5.7,1.77,4.24,3.0,3.464353564643535,12.65,2.88,3.62,3.12,2.12,3.12,1.75,3.12,2.75,2.62,3.12,2.5,2.88,1.38,1.62,2.0,1.88,1.62,1.12,2.25,2.0,1.0,2.25,1.0,4.0,3.62,2.0,2.12,1.5,2.88,1.88
31-1132.00,31-1132,Orderlies,"Transport patients to areas such as operating rooms or x-ray rooms using wheelchairs, stretchers, or moveable beds. May maintain stocks of supplies or clean and transport equipment. Psychiatric orderlies are included in Psychiatric Aides.",38290.0,52440.0,0.0805439330543933,0.5005202913631633,0.2905321122087783,5.42,2.05,1.0,4.17,1.19,4.84,2.0,1.9758,0.0,2.12,3.12,2.75,1.75,2.5,1.25,3.0,2.62,2.25,2.88,2.12,2.62,1.0,1.25,1.88,2.38,1.88,1.12,2.0,2.25,1.0,1.88,1.0,3.38,3.38,1.88,1.75,1.12,2.5,2.0
31-1133.00,31-1133,Psychiatric Aides,"Assist mentally impaired or emotionally disturbed patients, working under direction of nursing and medical staff. May assist with daily living activities, lead patients in educational and recreational activities, or accompany patients to and from examinations and treatments. May restrain violent patients. Includes psychiatric orderlies.",44910.0,35520.0,0.1694560669456067,0.4266389177939646,0.2980474923697856,3.44,4.04,1.83,6.81,1.68,3.74,2.0,3.5289000000000006,4.08,3.25,3.75,3.38,2.12,3.12,1.75,3.88,3.12,3.12,3.25,3.12,3.12,1.88,1.88,2.25,3.0,2.0,1.25,2.0,3.0,1.12,2.0,1.0,3.88,3.88,2.0,2.38,1.62,2.88,2.0
31-2011.00,31-2011,Occupational Therapy Assistants,"Assist occupational therapists in providing occupational therapy treatments and procedures. May, in accordance with state laws, assist in development of treatment plans, carry out routine functions, direct activity programs, and document the progress of treatments. Generally requires formal training.",72300.0,51290.0,0.5617154811715481,0.4932362122788761,0.5274758467252121,3.53,3.48,2.06,6.1,1.14,4.21,3.0,4.9857000000000005,3.1900000000000004,3.25,3.88,3.38,2.12,3.62,1.88,3.88,3.25,3.0,3.12,3.25,3.12,1.75,2.0,2.62,2.88,1.88,1.62,2.38,2.88,1.38,1.88,1.25,3.88,3.88,3.0,2.88,1.75,3.5,2.0
31-2012.00,31-2012,Occupational Therapy Aides,"Under close supervision of an occupational therapist or occupational therapy assistant, perform only delegated, selected, or routine tasks in specific situations. These duties include preparing patient and treatment room.",39160.0,4310.0,0.0910041841004184,0.068678459937565,0.0798413220189917,3.91,2.55,1.69,6.0,1.82,3.72,3.0,3.5696000000000003,1.8,3.0,3.5,3.25,2.0,3.12,1.62,3.62,3.12,3.12,3.38,3.0,3.0,1.5,1.75,2.12,2.5,1.88,1.88,2.38,2.88,1.12,2.12,1.5,3.75,3.62,2.12,2.12,1.5,3.0,1.88
31-2021.00,31-2021,Physical Therapist Assistants,"Assist physical therapists in providing physical therapy treatments and procedures. May, in accordance with state laws, assist in the development of treatment plans, carry out routine functions, document the progress of treatment, and modify specific treatments in accordance with patient status and within the scope of treatment plans established by a physical therapist. Generally requires formal training.",68380.0,112430.0,0.5345188284518828,0.6566077003121749,0.5955632643820288,4.45,3.65,1.53,6.41,1.31,3.76,3.0,5.197280271972803,15.85,3.25,4.0,3.25,2.25,3.25,2.38,3.75,3.25,3.12,3.12,3.12,3.12,1.88,1.88,2.62,2.25,2.12,1.88,2.75,3.0,1.75,2.62,1.62,3.25,3.75,2.75,2.75,1.88,3.0,2.12
31-2022.00,31-2022,Physical Therapist Aides,"Under close supervision of a physical therapist or physical therapy assistant, perform only delegated, selected, or routine tasks in specific situations. These duties include preparing the patient and the treatment area.",35240.0,48150.0,0.0251046025104602,0.4849115504682622,0.2550080764893612,4.74,2.58,1.07,5.95,2.06,3.92,2.0,4.117888211178882,18.71,3.0,3.62,3.0,2.0,3.12,1.88,3.0,3.0,2.88,3.12,3.0,2.75,1.38,1.5,2.12,2.25,1.62,1.62,2.12,2.88,1.25,2.0,1.0,3.25,3.12,2.25,2.0,1.88,3.0,2.0
31-9011.00,31-9011,Massage Therapists,"Perform therapeutic massages of soft tissues and joints. May assist in the assessment of range of motion and muscle strength, or propose client therapy plans.",58450.0,98790.0,0.4006276150627615,0.6285119667013528,0.5145697908820571,4.84,3.79,2.23,5.75,2.1,2.66,3.0,3.384661533846616,3.85,3.0,3.62,3.0,2.0,3.0,1.75,3.62,3.0,3.0,2.38,2.25,3.12,1.38,1.62,1.75,2.0,1.0,1.62,1.38,2.0,1.0,1.75,1.0,3.25,3.25,2.12,2.25,1.75,2.88,1.38
31-9091.00,31-9091,Dental Assistants,"Perform limited clinical duties under the direction of a dentist. Clinical duties may include equipment preparation and sterilization, preparing patients for treatment, assisting the dentist during treatment, and providing patients with instructions for oral healthcare procedures. May perform administrative duties such as scheduling appointments, maintaining medical records, billing, and coding information for insurance purposes.",48070.0,387790.0,0.2437238493723849,0.8636836628511967,0.5537037561117908,4.48,3.55,1.0,4.37,1.34,5.43,3.0,3.0503,0.0,3.12,3.88,3.0,2.12,3.25,2.0,3.38,3.0,3.0,2.88,3.12,2.88,1.75,2.12,2.25,2.5,2.12,1.75,2.62,2.5,1.38,2.5,1.88,3.12,3.12,2.38,2.12,1.75,2.75,2.0
31-9092.00,31-9092,Medical Assistants,"Perform administrative and certain clinical duties under the direction of a physician. Administrative duties may include scheduling appointments, maintaining medical records, billing, and coding information for insurance purposes. Clinical duties may include taking and recording vital signs and medical histories, preparing patients for examination, drawing blood, and administering medications as directed by physician.",45690.0,817870.0,0.1820083682008368,0.9448491155046826,0.5634287418527597,4.06,3.8,1.0,4.8,1.98,5.75,3.0,3.4917,17.47,3.25,3.88,3.62,2.62,3.75,2.62,3.88,3.38,3.0,3.5,3.12,3.0,2.0,2.12,2.38,2.5,2.12,1.62,2.5,2.75,1.5,2.12,1.5,3.5,4.0,2.38,2.38,1.5,3.0,1.75
31-9093.00,31-9093,Medical Equipment Preparers,"Prepare, sterilize, install, or clean laboratory or healthcare equipment. May perform routine laboratory tasks and operate or inspect equipment.",47700.0,77420.0,0.2322175732217573,0.5858480749219563,0.4090328240718568,6.77,3.42,1.0,2.36,1.0,5.53,2.0,3.225,17.080000000000002,3.0,3.25,3.5,2.25,3.12,1.88,3.12,2.88,2.75,3.0,2.12,3.0,1.75,2.62,2.0,1.75,2.88,1.38,3.25,2.0,1.62,3.38,2.38,2.75,2.75,2.5,2.12,1.5,3.0,3.12
31-9094.00,31-9094,Medical Transcriptionists,"Transcribe medical reports recorded by physicians and other healthcare practitioners using various electronic devices, covering office visits, emergency room visits, diagnostic imaging studies, operations, chart reviews, and final summaries. Transcribe dictated reports and translate abbreviations into fully understandable form. Edit as necessary and return reports in either printed or electronic form for review and signature, or correction.",40410.0,41550.0,0.1077405857740585,0.4599375650364204,0.2838390754052395,2.47,3.6,1.74,3.69,1.26,6.25,3.0,3.3838,0.0,2.88,4.12,3.0,1.75,4.0,1.5,3.0,3.88,2.62,2.5,2.12,3.0,1.0,1.12,1.75,1.88,1.12,1.62,1.5,1.88,1.38,1.62,1.0,2.12,2.75,1.88,1.88,1.12,3.0,1.0
31-9095.00,31-9095,Pharmacy Aides,"Record drugs delivered to the pharmacy, store incoming merchandise, and inform the supervisor of stock needs. May operate cash register and accept prescriptions for filling.",37680.0,39530.0,0.0658995815899581,0.4505723204994797,0.2582359510447189,3.75,1.57,1.0,3.11,3.84,6.79,2.0,2.1429,0.0,2.88,3.5,3.0,2.5,3.25,1.5,3.38,2.75,2.75,3.0,2.0,3.0,1.75,2.0,1.88,1.88,1.75,1.5,1.88,2.25,1.5,2.0,1.12,3.38,3.25,2.12,1.88,1.62,2.62,1.75
31-9096.00,31-9096,Veterinary Assistants and Laboratory Animal Caretakers,"Feed, water, and examine pets and other nonfarm animals for signs of illness, disease, or injury in laboratories and animal hospitals and clinics. Clean and disinfect cages and work areas, and sterilize laboratory and surgical equipment. May provide routine postoperative care, administer medication orally or topically, or prepare samples for laboratory examination under the supervision of veterinary or laboratory animal technologists or technicians, veterinarians, or scientists.",38150.0,126580.0,0.0763598326359832,0.6732570239334027,0.3748084282846929,6.33,4.25,1.0,3.51,1.0,3.96,2.0,2.1497149714971497,0.45,2.88,3.5,3.25,2.75,3.12,2.62,3.0,3.12,2.88,3.0,2.88,2.88,2.0,2.25,2.12,2.12,2.0,1.88,2.12,2.12,1.25,2.12,1.62,3.12,3.0,2.0,2.12,1.75,3.0,2.0
31-9097.00,31-9097,Phlebotomists,"Draw blood for tests, transfusions, donations, or research. May explain the procedure to patients and assist in the recovery of patients with adverse reactions.",45230.0,143540.0,0.1725941422594142,0.7013527575442248,0.4369734499018195,5.44,4.69,1.0,3.6,1.4,5.42,3.0,3.091190880911909,4.55,3.0,3.38,3.25,2.12,3.12,2.38,3.38,3.12,2.62,3.12,3.0,2.88,1.75,1.88,2.5,2.0,2.0,1.25,2.38,2.5,1.62,2.88,1.5,3.62,3.5,2.25,2.25,1.62,3.0,2.0
31-9099.00,31-9099,"Healthcare Support Workers, All Other",All healthcare support workers not listed separately.,48430.0,109740.0,0.252092050209205,0.6514047866805411,0.451748418444873,,,,,,,,,,,,,,,,,,,,,,,,,,,,,,,,,,,,,,,
31-9099.01,31-9099,Speech-Language Pathology Assistants,"Assist speech-language pathologists in the assessment and treatment of speech, language, voice, and fluency disorders. Implement speech and language programs or activities as planned and directed by speech-language pathologists. Monitor the use of alternative communication devices and systems.",48430.0,109740.0,0.252092050209205,0.6514047866805411,0.451748418444873,2.47,4.37,2.65,5.48,1.53,5.0,3.0,5.6601,42.27,3.12,4.0,3.12,2.0,3.75,2.0,3.75,3.12,3.25,2.88,3.0,3.12,1.5,1.75,2.12,2.62,1.38,1.5,2.12,2.62,1.38,1.5,1.12,3.38,3.5,2.62,2.75,1.75,2.88,1.25
31-9099.02,31-9099,Endoscopy Technicians,Maintain a sterile field to provide support for physicians and nurses during endoscopy procedures. Prepare and maintain instruments and equipment. May obtain specimens.,48430.0,109740.0,0.252092050209205,0.6514047866805411,0.451748418444873,6.46,4.09,1.0,3.0,1.07,5.14,2.0,2.7308269173082693,0.0,3.12,3.62,3.38,2.0,3.62,1.75,3.12,3.12,3.0,3.0,3.0,3.0,1.5,1.88,2.25,2.0,3.0,1.25,3.12,2.38,1.25,2.75,2.88,3.0,3.25,2.5,2.25,1.62,3.0,2.88
33-1011.00,33-1011,First-Line Supervisors of Correctional Officers,Directly supervise and coordinate activities of correctional officers and jailers.,77970.0,53380.0,0.6307531380753139,0.5046826222684704,0.5677178801718921,3.58,1.8,1.0,4.54,6.32,5.06,3.0,3.211221122112211,10.69,3.25,4.0,4.0,2.12,3.75,1.5,3.88,3.5,3.25,4.0,3.12,3.12,1.88,2.0,3.75,3.5,2.0,2.12,2.12,3.5,1.5,2.0,1.0,3.0,4.0,3.12,3.0,1.62,3.25,1.75
33-1012.00,33-1012,First-Line Supervisors of Police and Detectives,Directly supervise and coordinate activities of members of police force.,106040.0,154610.0,0.8336820083682008,0.7242455775234131,0.778963792945807,3.45,2.34,1.01,3.78,6.88,5.09,2.0,3.2870000000000004,19.42,3.88,4.0,4.0,2.38,4.0,1.5,4.0,3.75,3.75,3.88,3.88,3.75,2.5,2.5,4.0,3.25,2.5,2.12,2.5,3.88,1.5,2.12,1.5,3.5,4.0,3.12,3.12,1.5,3.5,2.0
33-1021.00,33-1021,First-Line Supervisors of Firefighting and Prevention Workers,Directly supervise and coordinate activities of workers engaged in firefighting and fire prevention and control.,93530.0,99140.0,0.7395397489539749,0.6295525494276795,0.6845461491908271,5.14,2.26,1.0,3.72,6.15,4.66,3.0,3.6868,13.38,3.25,4.0,3.88,2.5,3.62,1.62,3.62,3.25,3.5,3.62,3.5,3.62,2.0,2.5,3.62,3.12,2.62,1.75,3.0,3.12,1.75,2.5,2.0,3.62,3.75,2.75,3.0,1.75,3.5,2.25
33-1091.00,33-1091,First-Line Supervisors of Security Workers,Directly supervise and coordinate activities of security workers and security guards.,55940.0,81480.0,0.3702928870292887,0.5900104058272633,0.480151646428276,4.38,1.82,1.0,3.57,5.95,5.1,2.0,3.921807819218078,11.43,3.12,4.0,3.88,2.0,3.88,1.25,3.88,3.62,3.62,3.62,3.25,3.88,2.38,2.38,3.75,3.12,2.0,1.88,2.38,3.25,1.62,2.38,1.75,3.12,3.62,3.0,2.75,1.5,3.62,2.0
33-1099.00,33-1099,"First-Line Supervisors of Protective Service Workers, All Other",All protective service supervisors not listed separately above.,76400.0,20690.0,0.6077405857740585,0.3017689906347555,0.454754788204407,,,,,,,,,,,,,,,,,,,,,,,,,,,,,,,,,,,,,,,
33-2011.00,33-2011,Firefighters,"Control and extinguish fires or respond to emergency situations where life, property, or the environment is at risk. Duties may include fire prevention, emergency medical service, hazardous material response, search and rescue, and disaster assistance.",59280.0,345990.0,0.4152719665271966,0.8491155046826223,0.6321937356049094,6.49,2.92,1.31,3.39,3.01,3.47,3.0,3.0200020002000203,3.49,3.5,3.5,3.88,2.62,3.12,2.0,3.5,2.88,3.25,3.62,3.0,3.62,1.75,2.12,2.38,2.62,3.25,1.38,3.25,2.88,1.5,2.88,2.25,3.62,3.38,2.88,2.88,1.75,3.12,2.62
33-2021.00,33-2021,Fire Inspectors and Investigators,"Inspect buildings to detect fire hazards and enforce local ordinances and state laws, or investigate and gather facts to determine cause of fires and explosions.",75920.0,13800.0,0.5993723849372385,0.2138397502601456,0.4066060675986921,5.49,4.33,1.02,2.59,3.32,5.18,3.0,3.327432743274328,4.23,3.12,3.62,3.5,2.5,3.38,1.88,3.5,3.5,3.12,3.0,3.25,3.12,2.12,2.12,2.62,2.88,2.12,1.88,2.62,3.25,1.62,2.75,1.25,3.25,3.38,2.75,3.0,1.88,3.0,2.38
33-2022.00,33-2022,Forest Fire Inspectors and Prevention Specialists,"Enforce fire regulations, inspect forest for fire hazards, and recommend forest fire prevention or control measures. May report forest fires and weather conditions.",56870.0,2780.0,0.3807531380753138,0.0374609781477627,0.2091070581115382,6.35,3.56,1.11,3.18,3.41,4.57,3.0,3.9378,24.03,3.0,3.62,4.0,2.12,3.12,1.88,3.75,3.12,3.5,3.75,3.25,3.62,1.88,2.0,3.12,2.88,2.38,1.62,2.62,3.0,1.62,2.25,1.88,2.88,3.0,2.75,2.88,1.75,3.12,2.25
33-3011.00,33-3011,Bailiffs,Maintain order in courts of law.,56600.0,17310.0,0.3776150627615063,0.2653485952133194,0.3214818289874128,4.79,2.16,1.0,3.28,4.0,4.48,3.0,3.14961496149615,0.0,2.75,3.25,3.0,1.5,2.88,1.0,3.38,2.25,2.88,2.88,2.25,3.25,1.25,1.38,2.38,2.75,1.5,1.12,2.0,2.88,1.12,1.88,1.0,2.88,4.0,1.88,1.5,1.25,3.0,1.25
33-3012.00,33-3012,Correctional Officers and Jailers,"Guard inmates in penal or rehabilitative institutions in accordance with established regulations and procedures. May guard prisoners in transit between jail, courtroom, prison, or other point. Includes deputy sheriffs and police who spend the majority of their time guarding prisoners in correctional institutions.",58940.0,380500.0,0.4110878661087866,0.8626430801248699,0.6368654731168283,5.33,1.69,1.05,3.86,3.16,4.81,2.0,2.2271,0.0,3.25,4.0,3.75,2.0,3.62,1.38,3.88,3.0,3.25,3.5,3.0,3.25,1.5,1.62,2.5,3.25,2.12,1.38,2.75,3.38,1.5,2.25,1.62,3.0,4.0,2.75,2.62,1.62,3.0,2.12
33-3021.00,33-3021,Detectives and Criminal Investigators,"Conduct investigations related to suspected violations of federal, state, or local laws to prevent or solve crimes.",93790.0,114430.0,0.7426778242677824,0.663891779396462,0.7032848018321223,4.18,4.9,1.2,2.73,4.04,4.83,3.0,3.552744725527448,10.0,3.5,4.38,4.12,2.25,3.88,1.88,4.25,3.38,3.88,3.5,2.88,3.75,1.75,1.88,2.62,3.0,2.38,1.62,2.5,3.12,1.75,2.25,1.0,3.5,3.88,2.62,2.88,1.62,3.0,2.0
33-3021.02,33-3021,Police Identification and Records Officers,"Collect evidence at crime scene, classify and identify fingerprints, and photograph evidence for use in criminal and civil cases.",93790.0,114430.0,0.7426778242677824,0.663891779396462,0.7032848018321223,4.83,3.68,1.58,1.97,2.93,5.64,3.0,3.9006,24.86,3.0,3.88,3.75,2.0,3.75,1.75,3.88,3.25,3.0,3.0,2.88,3.0,1.62,1.62,2.0,2.5,2.25,1.5,2.5,2.75,1.25,2.0,1.0,2.75,3.0,2.62,2.0,1.62,3.0,1.62
33-3021.06,33-3021,Intelligence Analysts,"Gather, analyze, or evaluate information from a variety of sources, such as law enforcement databases, surveillance, intelligence networks or geographic information systems. Use intelligence data to anticipate and prevent organized crime activities, such as terrorism.",93790.0,114430.0,0.7426778242677824,0.663891779396462,0.7032848018321223,2.33,5.77,2.11,1.91,3.84,5.37,4.0,6.173782621737826,86.96,3.62,4.12,4.0,2.75,4.25,1.88,4.0,4.0,3.62,3.12,3.0,3.12,1.5,1.5,2.0,3.0,1.0,2.0,1.75,3.0,1.75,1.12,1.0,2.88,3.0,2.88,3.0,1.62,3.0,1.0
33-3031.00,33-3031,Fish and Game Wardens,Patrol assigned area to prevent fish and game law violations. Investigate reports of damage to crops or property by wildlife. Compile biological data.,74060.0,5770.0,0.5774058577405857,0.0894901144640998,0.3334479861023428,6.4,3.91,1.0,2.38,3.02,4.24,4.0,5.3498650134986505,79.35,3.0,3.88,3.88,2.62,3.62,2.75,3.75,3.12,3.38,3.25,3.0,3.5,1.62,1.62,2.5,2.88,2.88,2.38,3.0,3.38,1.5,2.5,2.0,3.12,3.38,3.12,3.0,1.75,3.0,2.25
33-3041.00,33-3041,Parking Enforcement Workers,"Patrol assigned area, such as public parking lot or city streets to issue tickets to overtime parking violators and illegally parked vehicles.",46730.0,9050.0,0.2102510460251046,0.141519250780437,0.1758851484027708,6.37,1.43,1.0,2.61,3.25,5.11,2.0,2.0733073307330736,1.43,2.88,3.12,3.12,2.12,3.0,1.0,3.25,2.88,2.75,3.0,2.88,2.88,1.38,1.38,2.38,2.75,2.62,1.25,2.38,2.75,1.5,2.12,1.75,3.0,3.12,2.12,2.12,1.38,3.0,2.25
33-3051.00,33-3051,Police and Sheriff's Patrol Officers,"Maintain order and protect life and property by enforcing local, tribal, state, or federal laws and ordinances. Perform a combination of the following duties: patrol a specific area; direct traffic; issue traffic summonses; investigate accidents; apprehend and arrest suspects, or serve legal processes of courts. Includes police officers working at educational institutions.",76210.0,670520.0,0.6040794979079498,0.9318418314255984,0.767960664666774,5.36,2.76,1.07,3.45,4.08,4.35,3.0,3.281071892810719,6.56,3.75,3.88,3.75,2.25,3.62,1.38,3.88,3.25,3.25,3.62,3.12,3.62,1.75,1.88,2.75,3.38,2.38,1.12,2.62,3.62,1.5,1.75,1.0,3.5,3.88,2.5,2.38,1.62,3.25,1.75
33-3051.04,33-3051,Customs and Border Protection Officers,"Investigate and inspect persons, common carriers, goods, and merchandise, arriving in or departing from the United States or between states to detect violations of immigration and customs laws and regulations.",76210.0,670520.0,0.6040794979079498,0.9318418314255984,0.767960664666774,3.39,2.64,1.0,2.6,4.29,5.27,3.0,3.8002800280028,29.33,3.38,4.0,4.0,2.25,3.88,1.88,4.0,3.62,3.12,3.38,2.75,3.62,1.75,1.75,2.75,3.0,2.25,1.5,2.38,3.12,1.5,2.12,1.0,3.0,3.88,2.62,2.38,1.5,3.0,1.75
33-3052.00,33-3052,Transit and Railroad Police,"Protect and police railroad and transit property, employees, or passengers.",90230.0,4390.0,0.7217573221757322,0.0697190426638917,0.3957381824198119,6.17,2.28,1.0,2.51,3.21,4.94,3.0,4.337666233376663,34.34,3.25,4.0,3.88,2.0,3.12,1.12,4.0,3.25,3.75,3.25,3.0,3.25,2.0,2.0,2.88,3.12,2.5,1.88,2.75,3.0,1.62,2.0,1.0,3.12,3.38,3.0,2.38,1.5,3.0,1.88
33-9011.00,33-9011,Animal Control Workers,"Handle animals for the purpose of investigations of mistreatment, or control of abandoned, dangerous, or unattended animals.",45660.0,12070.0,0.1799163179916318,0.1789802289281997,0.1794482734599158,5.93,3.59,1.0,2.63,2.17,3.89,2.0,2.6925,3.85,2.88,3.75,3.5,2.0,3.0,1.12,3.62,3.0,2.88,3.0,2.62,3.0,1.62,1.75,2.0,2.75,2.0,1.5,2.0,2.88,1.12,1.75,1.0,3.0,3.0,2.0,2.0,1.12,3.0,1.25
33-9021.00,33-9021,Private Detectives and Investigators,"Gather, analyze, compile, and report information regarding individuals or organizations to clients, or detect occurrences of unlawful acts or infractions of rules in private establishment.",51220.0,35580.0,0.3221757322175732,0.4276795005202913,0.3749276163689323,2.39,3.9,1.42,2.87,4.07,5.45,3.0,4.507050705070507,42.15,3.38,4.12,3.88,2.25,3.88,1.5,4.0,3.62,3.75,3.0,2.25,3.38,1.75,1.88,2.25,2.88,2.12,1.88,1.88,2.88,1.75,1.75,1.0,3.0,3.5,2.88,2.75,1.62,3.0,1.38
33-9031.00,33-9031,Gambling Surveillance Officers and Gambling Investigators,"Observe gambling operation for irregular activities such as cheating or theft by either employees or patrons. Investigate potential threats to gambling assets such as money, chips, and gambling equipment. Act as oversight and security agent for management and customers.",43370.0,9520.0,0.1474895397489539,0.1467221644120707,0.1471058520805123,4.14,2.17,1.0,2.15,4.78,5.62,2.0,2.2437000000000005,0.0,3.12,3.25,3.75,2.12,3.25,1.25,3.62,3.12,3.0,2.88,3.0,3.38,1.62,1.62,2.62,2.38,2.0,1.5,2.38,2.5,1.38,2.25,1.25,2.62,3.12,2.5,2.38,1.62,2.88,1.75
33-9032.00,33-9032,Security Guards,"Guard, patrol, or monitor premises to prevent theft, violence, or infractions of rules. May operate x-ray and metal detector equipment.",38020.0,1283470.0,0.0726987447698744,0.971904266389178,0.5223015055795261,6.41,2.29,1.0,2.64,2.88,4.76,2.0,2.463,1.96,2.88,3.75,3.12,2.0,3.0,1.5,3.25,2.75,2.62,3.12,2.25,3.0,1.38,1.38,2.12,2.62,2.12,1.5,2.25,2.88,1.12,2.0,1.0,2.88,3.0,2.0,2.0,1.12,2.5,2.0
33-9091.00,33-9091,Crossing Guards and Flaggers,"Guide or control vehicular or pedestrian traffic at such places as streets, schools, railroad crossings, or construction sites.",38100.0,94360.0,0.0742677824267782,0.6160249739854319,0.345146378206105,5.86,1.65,1.11,3.08,3.0,3.62,2.0,1.9734,0.0,2.25,2.88,2.75,1.62,2.25,1.0,3.12,2.0,2.38,2.75,1.88,2.75,1.38,1.5,1.62,2.12,1.0,1.25,1.62,2.12,1.0,1.25,1.0,2.75,3.0,1.88,1.75,1.0,2.0,1.38
33-9092.00,33-9092,"Lifeguards, Ski Patrol, and Other Recreational Protective Service Workers","Monitor recreational areas, such as pools, beaches, or ski slopes, to provide assistance and protection to participants.",33580.0,157550.0,0.0104602510460251,0.7315296566077003,0.3709949538268627,6.27,2.37,1.0,4.24,2.88,3.44,2.0,2.4134,1.22,2.75,3.12,3.0,1.38,2.88,1.5,3.5,2.5,3.0,3.0,2.75,3.0,1.12,1.25,2.0,2.0,1.38,1.25,2.12,2.5,1.0,1.88,1.25,3.25,3.38,1.88,2.0,1.0,2.38,1.62
33-9093.00,33-9093,Transportation Security Screeners,"Conduct screening of passengers, baggage, or cargo to ensure compliance with Transportation Security Administration (TSA) regulations. May operate basic security equipment such as x-ray machines and hand wands at screening checkpoints.",66770.0,50290.0,0.5177824267782427,0.4901144640998959,0.5039484454390694,5.21,2.01,1.0,2.45,2.61,5.51,2.0,2.1852,0.0,2.88,3.25,3.25,1.88,3.0,1.75,3.38,2.88,2.75,3.25,2.88,3.12,1.62,1.88,2.5,2.62,2.62,1.88,2.75,3.0,1.5,2.5,1.62,3.0,3.25,2.12,2.38,1.0,2.62,2.25
33-9094.00,33-9094,School Bus Monitors,Maintain order among students on a school bus. Duties include helping students safely board and exit and communicating behavioral problems. May perform pretrip and posttrip inspections and prepare for and assist in emergency evacuations.,35100.0,78420.0,0.0219665271966527,0.5889698231009365,0.3054681751487946,3.43,1.51,1.74,5.25,1.95,4.76,2.0,,,,,,,,,,,,,,,,,,,,,,,,,,,,,,,,
33-9099.00,33-9099,"Protective Service Workers, All Other",All protective service workers not listed separately.,42540.0,81500.0,0.1354602510460251,0.5915712799167534,0.3635157654813892,,,,,,,,,,,,,,,,,,,,,,,,,,,,,,,,,,,,,,,
33-9099.02,33-9099,Retail Loss Prevention Specialists,"Implement procedures and systems to prevent merchandise loss. Conduct audits and investigations of employee activity. May assist in developing policies, procedures, and systems for safeguarding assets.",42540.0,81500.0,0.1354602510460251,0.5915712799167534,0.3635157654813892,3.9,3.44,1.0,2.71,4.77,5.67,2.0,2.7543,10.5,3.25,3.5,3.75,2.62,3.25,1.25,3.5,3.12,3.0,3.12,2.88,3.38,2.0,1.88,2.88,2.75,1.88,1.38,2.62,2.75,1.62,2.38,1.0,2.88,3.38,3.0,2.88,1.62,3.0,2.25
35-1011.00,35-1011,Chefs and Head Cooks,"Direct and may participate in the preparation, seasoning, and cooking of salads, soups, fish, meats, vegetables, desserts, or other foods. May plan and price menu items, order supplies, and keep records and accounts.",62470.0,200040.0,0.4623430962343096,0.7741935483870968,0.6182683223107032,4.84,1.68,2.72,2.95,5.13,4.35,3.0,4.291600000000001,8.33,3.38,3.62,3.75,3.0,3.5,1.75,3.88,3.12,3.25,4.12,3.62,3.62,3.12,3.25,3.88,3.12,2.5,2.62,2.88,3.0,1.5,3.25,2.0,3.75,3.88,3.0,3.0,1.62,3.88,2.12
35-1012.00,35-1012,First-Line Supervisors of Food Preparation and Serving Workers,Directly supervise and coordinate activities of workers engaged in preparing and serving food.,44080.0,1223240.0,0.1569037656903765,0.9687825182101976,0.5628431419502871,4.6,1.38,1.25,3.37,6.36,4.72,2.0,1.7755999999999998,0.0,3.0,3.75,3.12,3.0,3.25,1.0,3.88,3.0,3.0,3.88,3.75,3.0,2.88,3.0,4.0,3.12,2.0,1.75,2.38,3.0,1.25,2.88,1.38,3.62,3.12,3.0,3.0,1.5,3.12,2.0
35-2011.00,35-2011,"Cooks, Fast Food",Prepare and cook food in a fast food restaurant with a limited menu. Duties of these cooks are limited to preparation of a few basic items and normally involve operating large-volume single-purpose cooking equipment.,30890.0,641070.0,0.0010460251046025,0.9281997918834548,0.4646229084940286,6.33,1.38,1.85,2.42,3.36,4.32,2.0,1.5798,0.0,2.38,3.0,2.62,2.0,2.62,1.0,2.75,2.0,2.0,2.75,2.12,2.38,1.62,1.5,2.0,2.12,1.75,1.25,2.12,2.25,1.0,1.75,1.0,3.0,2.75,2.0,2.0,1.25,2.5,1.0
35-2012.00,35-2012,"Cooks, Institution and Cafeteria","Prepare and cook large quantities of food for institutions, such as schools, hospitals, or cafeterias.",37450.0,441050.0,0.0627615062761506,0.8969823100936525,0.4798719081849015,5.9,1.83,2.01,3.17,3.16,4.35,2.0,2.5133,6.78,2.88,3.0,3.0,2.88,2.88,1.0,3.12,2.75,3.0,3.0,2.75,3.12,2.25,2.62,3.0,2.5,2.88,1.88,3.12,2.62,1.0,3.12,1.0,3.12,2.88,2.5,2.38,1.62,3.0,2.0
35-2013.00,35-2013,"Cooks, Private Household",Prepare meals in private homes. Includes personal chefs.,47940.0,1100.0,0.2395397489539749,0.0093652445369406,0.1244524967454577,4.98,1.4,3.77,3.78,3.55,3.71,3.0,2.654,0.0,2.88,3.0,3.25,2.25,3.0,1.38,3.0,2.88,3.0,2.88,2.12,3.0,2.5,2.88,2.62,2.12,2.38,2.12,2.38,2.75,1.25,2.25,1.12,3.12,3.0,2.25,2.25,1.62,3.0,2.0
35-2014.00,35-2014,"Cooks, Restaurant","Prepare, season, and cook dishes such as soups, meats, vegetables, or desserts in restaurants. May order supplies, keep records and accounts, price items on menu, or plan menu.",37390.0,1409890.0,0.0617154811715481,0.9750260145681582,0.5183707478698532,5.63,1.56,2.71,2.88,3.69,3.8,2.0,2.137513751375138,0.0,2.75,2.88,3.0,2.25,2.75,1.38,3.0,2.25,2.38,2.62,2.0,2.62,2.0,2.0,2.25,2.12,2.25,1.5,2.5,2.12,1.0,2.38,1.0,2.38,2.5,2.38,2.0,1.0,3.0,1.5
35-2015.00,35-2015,"Cooks, Short Order",Prepare and cook to order a variety of foods that require only a short preparation time. May take orders from customers and serve patrons at counters or tables.,35880.0,138650.0,0.0428870292887029,0.6909469302809573,0.3669169797848301,6.13,1.0,2.27,3.19,3.68,4.37,2.0,2.19028097190281,0.0,2.38,3.12,2.88,2.12,3.12,1.0,3.0,2.25,2.62,3.0,2.38,2.62,1.75,2.0,2.25,2.25,2.0,1.0,2.25,2.25,1.0,2.25,1.0,3.0,2.62,1.75,1.88,1.12,3.12,1.88
35-2019.00,35-2019,"Cooks, All Other",All cooks not listed separately.,37690.0,19350.0,0.0669456066945606,0.2851196670135276,0.1760326368540441,,,,,,,,,,,,,,,,,,,,,,,,,,,,,,,,,,,,,,,
35-2021.00,35-2021,Food Preparation Workers,"Perform a variety of food preparation duties other than cooking, such as preparing cold foods and shellfish, slicing meat, and brewing coffee or tea.",35320.0,893600.0,0.0261506276150627,0.9500520291363164,0.4881013283756895,6.4,1.35,1.9,2.71,2.23,4.18,2.0,2.8069999999999995,4.15,2.0,3.0,2.75,2.0,2.62,1.0,2.88,1.88,2.0,2.88,2.0,2.38,1.5,1.5,2.0,1.88,1.75,1.0,2.0,2.0,1.0,2.12,1.0,3.0,2.62,2.0,1.88,1.0,3.0,1.88
35-3011.00,35-3011,Bartenders,"Mix and serve drinks to patrons, directly or through waitstaff.",34340.0,756390.0,0.0135983263598326,0.938605619146722,0.4761019727532773,4.65,1.0,2.3,3.74,3.85,4.53,2.0,2.0281,1.12,3.0,3.75,3.12,2.25,3.0,1.0,3.12,2.75,3.0,3.12,3.0,2.88,2.25,2.38,2.5,2.88,1.62,1.0,2.0,3.12,1.25,2.25,1.0,3.62,3.25,2.25,2.25,1.5,3.0,1.88
35-3023.00,35-3023,Fast Food and Counter Workers,Perform duties such as taking orders and serving food and beverages. Serve customers at counter or from a steam table. May take payment. May prepare food and beverages.,31200.0,3854050.0,0.0031380753138075,0.99843912591051,0.5007886006121587,4.83,1.0,1.45,3.48,3.45,4.96,2.0,1.808119188081192,0.05,1.88,3.0,2.5,2.0,2.38,1.0,2.62,2.0,1.88,3.0,2.0,2.38,1.5,1.75,2.0,1.88,1.62,1.0,2.0,2.0,1.12,1.62,1.0,3.0,3.0,2.0,1.88,1.25,2.38,1.5
35-3023.01,35-3023,Baristas,Prepare or serve specialty coffee or other beverages. Serve food such as baked goods or sandwiches to patrons.,31200.0,3854050.0,0.0031380753138075,0.99843912591051,0.5007886006121587,5.58,1.07,2.63,3.7,3.24,3.7,2.0,1.8203,5.47,2.62,3.5,2.88,2.12,3.0,1.0,3.38,2.62,2.38,3.0,2.25,2.38,1.75,1.88,2.12,2.5,2.75,1.12,2.5,2.75,1.0,2.25,2.0,3.38,3.12,1.75,1.75,1.38,2.62,2.12
35-3031.00,35-3031,Waiters and Waitresses,Take orders and serve food and beverages to patrons at tables in dining establishment.,35230.0,2270910.0,0.0240585774058577,0.9843912591050988,0.5042249182554783,4.12,1.0,1.84,4.72,4.06,4.95,2.0,1.8025,0.0,2.5,3.5,2.88,2.12,2.75,1.0,3.5,2.12,2.62,3.12,2.12,2.75,1.62,1.75,1.88,2.12,1.38,1.0,2.0,2.75,1.12,2.25,1.0,3.88,3.38,2.0,2.0,1.0,2.75,1.75
35-3041.00,35-3041,"Food Servers, Nonrestaurant","Serve food to individuals outside of a restaurant environment, such as in hotel rooms, hospital rooms, residential care facilities, or cars.",35360.0,293900.0,0.0277196652719665,0.8251821019771072,0.4264508836245368,4.84,1.46,2.1,4.23,2.85,3.87,2.0,2.8868,12.82,2.0,3.0,2.88,2.0,2.88,1.0,3.0,2.0,2.12,2.88,2.12,2.75,1.88,1.88,2.25,2.12,2.0,1.5,2.12,2.12,1.12,2.12,1.0,3.0,2.88,2.0,2.0,1.75,2.88,2.0
35-9011.00,35-9011,Dining Room and Cafeteria Attendants and Bartender Helpers,"Facilitate food service. Clean tables; remove dirty dishes; replace soiled table linens; set tables; replenish supply of clean linens, silverware, glassware, and dishes; supply service bar with food; and serve items such as water, condiments, and coffee to patrons.",33980.0,542750.0,0.0115062761506276,0.9136316337148804,0.4625689549327539,5.63,1.0,1.02,3.66,2.26,4.57,2.0,1.8327,0.0,2.12,3.0,2.75,1.88,2.38,1.0,2.88,2.0,2.0,3.0,2.0,2.88,2.0,2.0,2.25,2.0,1.75,1.12,2.12,2.0,1.12,2.0,1.0,3.0,2.88,2.0,2.0,1.12,2.25,2.0
35-9021.00,35-9021,Dishwashers,"Clean dishes, kitchen, food preparation equipment, or utensils.",34810.0,477450.0,0.0146443514644351,0.9032258064516128,0.458935078958024,7.0,1.0,1.0,1.83,1.44,4.45,2.0,1.5809,0.0,1.88,2.62,2.5,1.5,2.0,1.0,2.5,1.75,1.88,2.75,2.0,2.25,1.5,1.5,1.88,1.88,2.88,1.0,2.5,1.88,1.0,2.38,1.88,2.12,2.5,1.88,1.88,1.0,2.62,2.0
35-9031.00,35-9031,"Hosts and Hostesses, Restaurant, Lounge, and Coffee Shop","Welcome patrons, seat them at tables or in lounge, and help ensure quality of facilities and service.",31200.0,432690.0,0.0031380753138075,0.8834547346514048,0.4432964049826061,3.19,1.0,1.73,5.24,4.44,4.09,2.0,2.419,13.12,2.62,3.5,2.75,1.88,2.88,1.0,3.12,2.12,1.88,2.88,2.38,2.12,1.12,1.12,2.0,2.62,1.25,1.0,1.75,2.62,1.0,2.0,1.0,3.12,3.0,2.0,1.88,1.0,2.62,1.25
35-9099.00,35-9099,"Food Preparation and Serving Related Workers, All Other",All food preparation and serving related workers not listed separately.,35840.0,84630.0,0.0418410041841004,0.5993756503642039,0.3206083272741521,,,,,,,,,,,,,,,,,,,,,,,,,,,,,,,,,,,,,,,
37-1011.00,37-1011,First-Line Supervisors of Housekeeping and Janitorial Workers,"Directly supervise and coordinate work activities of cleaning personnel in hotels, hospitals, offices, and other establishments.",49100.0,178760.0,0.2709205020920502,0.7533818938605619,0.512151197976306,4.14,1.38,1.0,3.63,5.7,5.35,2.0,3.3544,12.25,2.88,3.12,3.12,2.12,3.0,1.0,3.25,2.88,3.12,3.25,3.12,3.0,2.38,2.75,3.38,3.0,2.0,1.88,2.25,2.88,1.0,3.0,1.88,3.12,3.12,2.38,2.62,1.38,3.25,2.12
37-1012.00,37-1012,"First-Line Supervisors of Landscaping, Lawn Service, and Groundskeeping Workers","Directly supervise and coordinate activities of workers engaged in landscaping or groundskeeping activities. Work may involve reviewing contracts to ascertain service, machine, and workforce requirements; answering inquiries from potential customers regarding methods, material, and price ranges; and preparing estimates according to labor, material, and machine costs.",58430.0,130760.0,0.399581589958159,0.6774193548387096,0.5385004723984343,4.55,1.77,1.03,3.01,6.11,5.24,3.0,4.441044104410441,38.66,3.12,3.88,3.75,2.88,3.12,1.62,3.75,3.0,3.12,3.75,3.25,3.25,2.25,2.88,3.88,2.88,3.0,2.12,3.0,3.12,1.62,3.12,2.12,3.12,3.25,2.88,2.88,1.88,4.0,2.25
37-2011.00,37-2011,"Janitors and Cleaners, Except Maids and Housekeeping Cleaners","Keep buildings in clean and orderly condition. Perform heavy cleaning duties, such as cleaning floors, shampooing rugs, washing walls and glass, and removing rubbish. Duties may include tending furnace and boiler, performing routine maintenance activities, notifying management of need for repairs, and cleaning snow or debris from sidewalk.",36840.0,2209760.0,0.0523012552301255,0.9833506763787722,0.5178259658044488,6.73,1.15,1.0,2.11,1.67,4.61,3.0,2.8641,24.08,2.62,3.0,2.75,1.38,2.5,1.0,3.0,2.38,2.25,2.75,2.12,2.38,1.38,1.5,2.12,2.0,2.0,1.12,2.25,2.12,1.25,2.0,2.0,2.5,2.62,2.0,1.88,1.25,2.75,2.12
37-2012.00,37-2012,Maids and Housekeeping Cleaners,"Perform any combination of light cleaning duties to maintain private households or commercial establishments, such as hotels and hospitals, in a clean and orderly manner. Duties may include making beds, replenishing linens, cleaning rooms and halls, and vacuuming.",35510.0,860670.0,0.0324267782426778,0.9490114464099896,0.4907191123263337,6.08,1.0,1.39,2.49,1.47,4.6,2.0,2.4003,10.85,2.12,2.75,2.75,1.88,2.62,1.0,2.75,2.12,2.12,3.0,2.12,2.12,1.62,1.88,2.12,2.12,1.62,1.12,2.0,2.12,1.0,2.0,1.0,3.12,2.88,2.0,2.0,1.0,3.0,1.88
37-2019.00,37-2019,"Building Cleaning Workers, All Other",All building cleaning workers not listed separately.,44040.0,17210.0,0.155857740585774,0.2632674297606659,0.20956258517322,,,,,,,,,,,,,,,,,,,,,,,,,,,,,,,,,,,,,,,
37-2021.00,37-2021,Pest Control Workers,Apply or release chemical solutions or toxic gases and set traps to kill or remove pests and vermin that infest buildings and surrounding areas.,45250.0,102620.0,0.1736401673640167,0.6337148803329865,0.4036775238485016,6.85,2.94,1.0,1.67,2.21,4.17,2.0,2.1111,0.0,3.12,3.75,3.75,2.62,3.0,2.0,3.62,3.62,3.25,3.12,2.88,3.12,2.12,2.12,3.0,3.12,3.0,1.88,3.0,3.12,1.0,2.62,2.25,3.25,3.38,2.88,2.62,1.62,3.5,2.5
37-3011.00,37-3011,Landscaping and Groundskeeping Workers,"Landscape or maintain grounds of property using hand or power tools or equipment. Workers typically perform a variety of tasks, which may include any combination of the following: sod laying, mowing, trimming, planting, watering, fertilizing, digging, raking, sprinkler installation, and installation of mortarless segmental concrete masonry wall units.",39150.0,952640.0,0.0899581589958159,0.9562955254942768,0.5231268422450464,7.0,1.62,1.9,1.45,1.81,3.35,2.0,2.7467,18.33,2.25,2.75,2.88,1.75,2.25,1.62,2.88,1.75,2.25,2.75,2.0,2.5,1.12,1.5,2.12,1.88,3.12,1.25,2.75,2.0,1.0,2.0,2.25,2.5,2.5,1.88,1.88,1.62,2.62,2.12
37-3012.00,37-3012,"Pesticide Handlers, Sprayers, and Applicators, Vegetation","Mix or apply pesticides, herbicides, fungicides, or insecticides through sprays, dusts, vapors, soil incorporation, or chemical application on trees, shrubs, lawns, or crops. Usually requires specific training and state or federal certification.",46340.0,27050.0,0.2003138075313807,0.36420395421436,0.2822588808728704,6.51,2.73,1.0,1.95,1.42,3.67,2.0,2.5275,12.82,2.88,3.25,3.12,2.25,3.0,2.0,3.12,2.5,3.0,3.0,2.38,3.0,1.75,1.88,2.5,2.38,3.0,1.25,3.0,2.38,1.0,2.38,2.25,2.5,3.0,2.12,2.12,1.38,3.12,2.25
37-3013.00,37-3013,Tree Trimmers and Pruners,"Using sophisticated climbing and rigging techniques, cut away dead or excess branches from trees or shrubs to maintain right-of-way for roads, sidewalks, or utilities, or to improve appearance, health, and value of tree. Prune or treat trees or shrubs using handsaws, hand pruners, clippers, and power pruners. Works off the ground in the tree canopy and may use truck-mounted lifts.",50960.0,55160.0,0.3169456066945607,0.5088449531737773,0.4128952799341689,7.0,2.13,1.0,1.79,1.22,3.09,2.0,1.5308000000000002,0.0,2.62,2.88,3.25,1.88,2.62,1.75,3.0,2.5,3.12,3.0,3.0,2.75,1.88,1.88,2.75,2.25,3.75,1.38,3.62,2.38,1.0,2.75,2.25,2.88,2.62,2.25,2.0,1.62,2.75,2.75
37-3019.00,37-3019,"Grounds Maintenance Workers, All Other",All grounds maintenance workers not listed separately.,46860.0,13630.0,0.2144351464435146,0.210197710718002,0.2123164285807583,,,,,,,,,,,,,,,,,,,,,,,,,,,,,,,,,,,,,,,
39-1013.00,39-1013,First-Line Supervisors of Gambling Services Workers,"Directly supervise and coordinate activities of workers in assigned gambling areas. May circulate among tables, observe operations, and ensure that stations and games are covered for each shift. May verify and pay off jackpots. May reset slot machines after payoffs and make repairs or adjustments to slot machines or recommend removal of slot machines for repair. May plan and organize activities and services for guests in hotels/casinos.",63820.0,26010.0,0.481694560669456,0.3590010405827263,0.4203478006260912,3.7,1.0,1.0,3.02,5.93,5.49,2.0,2.978897889788979,6.45,3.0,3.75,3.62,2.62,3.62,1.25,3.75,3.38,3.25,3.38,3.25,3.12,1.88,1.88,3.38,3.12,2.12,1.5,2.38,3.0,1.88,2.12,1.75,3.88,3.5,3.0,2.75,1.5,3.5,1.88
39-1014.00,39-1014,"First-Line Supervisors of Entertainment and Recreation Workers, Except Gambling Services",Directly supervise and coordinate activities of entertainment and recreation related workers.,48560.0,103190.0,0.2583682008368201,0.6347554630593132,0.4465618319480666,2.9,1.03,1.79,4.4,7.0,4.72,2.0,,,,,,,,,,,,,,,,,,,,,,,,,,,,,,,,
39-1022.00,39-1022,First-Line Supervisors of Personal Service Workers,Supervise and coordinate activities of personal service workers.,48590.0,114110.0,0.2615062761506276,0.6612903225806451,0.4613982993656363,3.37,1.1,1.09,3.98,6.85,5.11,3.0,4.353300000000001,10.39,3.12,3.88,3.88,2.12,3.62,1.38,3.75,3.25,3.12,3.75,3.25,3.25,2.12,2.12,3.75,3.0,1.88,1.88,2.25,3.5,1.25,2.62,1.0,3.62,3.75,3.0,3.0,1.62,3.75,1.88
39-2011.00,39-2011,Animal Trainers,"Train animals for riding, harness, security, performance, or obedience, or for assisting persons with disabilities. Accustom animals to human voice and contact, and condition animals to respond to commands. Train animals according to prescribed standards for show or competition. May train animals to carry pack loads or work as part of pack team.",39990.0,18770.0,0.1014644351464435,0.2757544224765869,0.1886094288115152,6.52,2.3,1.76,3.61,2.08,2.97,2.0,2.4579,1.75,3.25,3.12,3.38,1.88,2.88,1.75,3.5,2.88,3.0,3.0,3.75,3.12,1.75,2.0,2.62,2.5,1.75,1.75,2.0,2.88,1.12,2.12,1.0,3.0,3.0,2.88,2.88,1.75,3.0,1.75
39-2021.00,39-2021,Animal Caretakers,"Feed, water, groom, bathe, exercise, or otherwise provide care to promote and maintain the well-being of pets and other animals that are not raised for consumption, such as dogs, cats, race horses, ornamental fish or birds, zoo animals, and mice. Work in settings such as kennels, animal shelters, zoos, circuses, and aquariums. May keep records of feedings, treatments, and animals received or discharged. May clean, disinfect, and repair cages, pens, or fish tanks.",35360.0,266910.0,0.0277196652719665,0.8158168574401665,0.4217682613560665,6.17,2.75,1.63,3.75,1.52,3.25,2.0,2.8472000000000004,13.37,2.38,3.0,2.75,2.0,3.0,1.5,2.88,2.75,2.62,3.0,2.12,3.0,1.75,1.75,2.0,2.0,1.62,1.0,1.88,1.88,1.25,2.0,1.25,3.0,2.75,2.12,2.12,1.62,2.5,1.88
39-3011.00,39-3011,Gambling Dealers,"Operate table games. Stand or sit behind table and operate games of chance by dispensing the appropriate number of cards or blocks to players, or operating other gambling equipment. Distribute winnings or collect players' money or chips. May compare the house's hand against players' hands.",34320.0,83910.0,0.0125523012552301,0.5972944849115505,0.3049233930833903,3.71,1.0,1.1,2.16,5.18,5.46,2.0,2.1612,0.0,2.25,3.38,2.75,2.75,3.0,1.0,3.38,2.25,2.25,2.88,2.62,2.5,1.5,1.25,2.12,2.38,1.25,1.0,1.62,2.62,1.0,1.62,1.0,3.12,3.12,1.5,1.62,1.12,2.5,1.38
39-3012.00,39-3012,Gambling and Sports Book Writers and Runners,"Post information enabling patrons to wager on various races and sporting events. Assist in the operation of games such as keno and bingo. May operate random number-generating equipment and announce the numbers for patrons. Receive, verify, and record patrons' wagers. Scan and process winning tickets presented by patrons and pay out winnings for those wagers.",34980.0,8950.0,0.0177824267782426,0.1378772112382934,0.077829819008268,2.78,1.0,1.02,2.92,4.99,5.97,2.0,2.217578242175782,0.0,2.62,3.5,2.88,3.0,2.75,1.25,3.12,2.88,2.5,3.0,2.25,2.62,1.75,1.75,2.38,2.25,1.62,1.12,2.0,2.5,1.38,1.88,1.0,2.88,3.0,1.88,1.88,1.0,2.38,1.75
39-3019.00,39-3019,"Gambling Service Workers, All Other",All gambling service workers not listed separately.,36310.0,14140.0,0.0470711297071129,0.2237252861602497,0.1353982079336813,,,,,,,,,,,,,,,,,,,,,,,,,,,,,,,,,,,,,,,
39-3021.00,39-3021,Motion Picture Projectionists,Set up and operate motion picture projection and related sound reproduction equipment.,38270.0,1480.0,0.0794979079497908,0.0192507804370447,0.0493743441934177,5.44,2.02,3.1,2.02,1.99,4.39,2.0,2.383938393839384,10.09,2.12,3.0,2.88,1.5,3.0,1.0,3.0,2.12,2.88,2.88,2.0,2.88,1.0,1.5,1.88,2.0,3.0,1.88,3.12,2.12,1.38,2.75,2.88,2.5,2.88,2.12,2.12,1.12,2.88,2.88
39-3031.00,39-3031,"Ushers, Lobby Attendants, and Ticket Takers","Assist patrons at entertainment events by performing duties, such as collecting admission tickets and passes from patrons, assisting in finding seats, searching for lost articles, and helping patrons locate such facilities as restrooms and telephones.",32910.0,121770.0,0.0094142259414225,0.6701352757544224,0.3397747508479225,3.21,1.0,1.41,4.69,4.19,4.75,2.0,1.840984098409841,1.65,2.62,3.12,2.75,1.88,2.75,1.0,3.25,2.25,2.5,3.0,1.62,2.38,1.0,1.0,2.38,2.88,1.62,1.25,2.0,2.88,1.38,2.0,1.0,3.25,3.38,2.0,2.0,1.0,2.5,1.88
39-3091.00,39-3091,Amusement and Recreation Attendants,"Perform a variety of attending duties at amusement or recreation facility. May schedule use of recreation facilities, maintain and provide equipment to participants of sporting events or recreational pursuits, or operate amusement concessions and rides.",32150.0,397830.0,0.0052301255230125,0.8688865764828304,0.4370583510029214,4.23,1.0,1.68,4.35,3.83,4.72,2.0,1.4908,1.43,2.38,3.0,2.75,2.0,2.38,1.0,3.25,2.5,2.12,2.88,2.12,2.62,1.0,1.38,2.0,2.0,2.25,1.12,2.38,2.38,1.25,1.88,1.75,3.12,3.0,2.0,2.0,1.38,2.62,2.0
39-3092.00,39-3092,Costume Attendants,"Select, fit, and take care of costumes for cast members, and aid entertainers. May assist with multiple costume changes during performances.",50400.0,6510.0,0.3054393305439331,0.1019771071800208,0.2037082188619769,3.88,1.0,5.61,3.26,2.84,4.27,2.0,3.6605,31.14,2.5,3.12,2.88,1.5,2.88,1.0,3.12,2.5,2.25,3.12,2.5,2.38,1.88,2.0,2.25,2.75,2.0,2.12,1.88,2.75,1.0,2.0,1.0,2.88,3.0,2.12,2.38,1.62,2.75,1.62
39-3093.00,39-3093,"Locker Room, Coatroom, and Dressing Room Attendants","Provide personal items to patrons or customers in locker rooms, dressing rooms, or coatrooms.",36300.0,15560.0,0.0460251046025104,0.2455775234131113,0.1458013140078109,4.16,1.0,1.56,4.14,2.49,5.59,2.0,1.988101189881012,0.0,2.12,3.5,2.5,1.38,2.62,1.0,3.62,2.25,2.0,2.75,2.0,2.25,1.0,1.25,2.0,2.5,1.5,1.25,1.62,2.25,1.0,1.25,1.0,3.5,3.12,1.0,1.38,1.0,2.38,1.0
39-3099.00,39-3099,"Entertainment Attendants and Related Workers, All Other",All entertainment attendants and related workers not listed separately.,32640.0,7060.0,0.0073221757322175,0.109261186264308,0.0582916809982628,,,,,,,,,,,,,,,,,,,,,,,,,,,,,,,,,,,,,,,
39-4011.00,39-4011,Embalmers,Prepare bodies for interment in conformity with legal requirements.,58780.0,3890.0,0.407949790794979,0.0655567117585848,0.2367532512767819,5.84,2.57,1.61,3.4,2.65,3.85,3.0,5.1363,13.63,3.0,3.75,3.12,2.0,3.0,2.62,3.88,3.12,2.88,3.0,2.62,3.0,2.0,2.0,2.75,2.38,2.12,2.0,2.75,2.25,1.25,2.25,1.5,3.12,3.12,2.12,2.12,1.88,3.12,2.0
39-4012.00,39-4012,Crematory Operators,"Operate crematory equipment to reduce human or animal remains to bone fragments in accordance with state and local regulations. Duties may include preparing the body for cremation and performing general maintenance on crematory equipment. May use traditional flame-based cremation, calcination, or alkaline hydrolysis.",43650.0,2970.0,0.151673640167364,0.0416233090530697,0.0966484746102168,5.96,2.11,1.46,2.73,1.49,4.36,2.0,,,,,,,,,,,,,,,,,,,,,,,,,,,,,,,,
39-4021.00,39-4021,Funeral Attendants,"Perform a variety of tasks during funeral, such as placing casket in parlor or chapel prior to service, arranging floral offerings or lights around casket, directing or escorting mourners, closing casket, and issuing and storing funeral equipment.",35680.0,31090.0,0.0366108786610878,0.3912591050988553,0.2139349918799716,4.95,1.07,1.82,3.93,3.67,4.34,2.0,3.3689368936893693,11.02,2.0,3.12,2.62,1.75,2.75,1.25,3.0,2.25,2.25,3.0,2.0,2.38,1.5,1.5,1.75,1.88,2.12,1.62,2.12,2.0,1.25,2.0,1.25,3.25,3.25,2.0,1.88,1.25,2.38,2.0
39-4031.00,39-4031,"Morticians, Undertakers, and Funeral Arrangers","Perform various tasks to arrange and direct individual funeral services, such as coordinating transportation of body to mortuary, interviewing family or other authorized person to arrange details, selecting pallbearers, aiding with the selection of officials for religious rites, and providing transportation for mourners.",55010.0,25100.0,0.3608786610878661,0.3475546305931321,0.3542166458404991,3.55,1.4,1.75,4.41,4.66,4.67,3.0,4.6515,11.24,3.0,4.12,3.12,2.75,3.25,1.75,3.75,3.25,3.0,3.75,3.0,3.12,2.62,2.5,3.0,3.12,2.62,2.38,2.75,3.12,1.38,2.5,1.0,3.88,4.12,3.0,2.88,1.62,3.38,1.75
39-5011.00,39-5011,Barbers,"Provide barbering services, such as cutting, trimming, shampooing, and styling hair; trimming beards; or giving shaves.",38210.0,15000.0,0.0784518828451882,0.2362122788761706,0.1573320808606794,5.39,1.0,2.71,3.58,3.55,3.89,3.0,2.788578857885788,2.93,2.5,3.38,2.88,1.88,2.75,1.25,3.12,2.0,2.25,2.5,1.62,3.0,1.75,2.0,2.0,2.0,1.88,2.12,2.0,2.25,1.0,1.88,1.88,3.12,3.12,1.75,1.62,1.5,2.62,2.0
39-5012.00,39-5012,"Hairdressers, Hairstylists, and Cosmetologists","Provide beauty services, such as cutting, coloring, and styling hair, and massaging and treating scalp. May shampoo hair, apply makeup, dress wigs, remove hair, and provide nail and skincare services.",35790.0,305710.0,0.0397489539748954,0.8293444328824141,0.4345466934286547,5.4,1.54,3.24,3.72,3.25,3.92,3.0,2.7917,0.0,3.25,3.88,3.38,2.38,3.0,1.62,3.75,2.88,3.0,2.88,2.88,3.25,1.5,1.88,2.5,2.75,1.38,2.5,2.0,2.88,1.38,1.62,1.0,3.62,3.12,2.25,2.25,1.75,3.0,1.5
39-5091.00,39-5091,"Makeup Artists, Theatrical and Performance","Apply makeup to performers to reflect period, setting, and situation of their role.",97150.0,2340.0,0.7594142259414226,0.0312174817898022,0.3953158538656124,4.33,1.37,6.72,3.0,3.08,3.01,3.0,3.285557111422285,14.28,3.12,3.5,3.25,2.12,3.62,1.5,3.75,2.88,3.0,3.12,2.62,3.25,2.88,2.75,2.5,2.38,1.12,2.38,2.0,2.88,1.38,2.25,1.0,3.0,3.0,2.5,2.38,1.75,3.0,1.62
39-5092.00,39-5092,Manicurists and Pedicurists,Clean and shape customers' fingernails and toenails. May polish or decorate nails.,35760.0,152770.0,0.0387029288702928,0.7127991675338189,0.3757510482020559,5.63,1.3,2.29,3.06,2.35,3.67,2.0,1.7951,0.0,2.75,3.0,2.5,1.88,2.75,1.0,3.0,2.12,2.25,2.75,2.12,2.38,1.38,1.5,2.0,2.5,1.12,1.5,1.5,2.62,1.0,1.75,1.0,3.0,3.0,2.0,2.0,1.75,2.75,1.38
39-5093.00,39-5093,Shampooers,Shampoo and rinse customers' hair.,32600.0,8070.0,0.006276150627615,0.1227887617065556,0.0645324561670853,5.53,1.35,1.56,3.75,2.47,3.37,2.0,2.566,0.0,2.25,3.12,2.5,1.62,2.5,1.0,3.25,2.38,2.12,2.75,2.12,2.5,1.38,1.38,2.0,2.25,1.25,1.12,2.12,2.38,1.0,1.5,1.0,3.0,2.75,1.5,1.5,1.38,2.5,1.38
39-5094.00,39-5094,Skincare Specialists,Provide skincare treatments to face and body to enhance an individual's appearance. Includes electrologists and laser hair removal specialists.,45330.0,72890.0,0.1767782426778242,0.5691987513007284,0.3729884969892763,5.48,2.04,2.95,4.18,3.12,3.37,3.0,3.895010498950105,21.86,3.0,3.5,3.12,2.0,3.12,1.38,3.75,2.88,3.0,3.0,2.88,2.88,1.5,1.75,2.0,2.62,2.0,2.0,2.12,2.75,1.25,2.12,1.0,3.62,3.12,2.38,2.25,1.38,3.0,1.5
39-6011.00,39-6011,Baggage Porters and Bellhops,Handle baggage for travelers at transportation terminals or for guests at hotels or similar establishments.,37080.0,28510.0,0.0543933054393305,0.3735691987513007,0.2139812520953156,4.92,1.0,1.0,3.51,2.55,4.82,2.0,1.8470152984701529,0.0,2.25,3.62,3.0,2.0,2.88,1.0,3.62,2.75,2.88,3.0,2.5,2.75,1.88,1.88,2.12,2.25,2.38,1.12,2.38,2.25,1.25,2.0,1.62,3.75,2.88,2.12,2.0,1.25,2.88,2.0
39-6012.00,39-6012,Concierges,"Assist patrons at hotel, apartment, or office building with personal services. May take messages; arrange or give advice on transportation, business services, or entertainment; or monitor guest requests for housekeeping and maintenance.",38950.0,49240.0,0.0878661087866108,0.4880332986472424,0.2879497037169266,2.7,1.0,2.29,5.34,4.67,4.18,2.0,3.0908999999999995,9.09,2.88,4.0,3.0,2.0,3.0,1.0,4.0,2.75,2.88,3.5,2.0,3.0,1.75,1.75,2.0,2.75,1.0,1.25,1.38,3.0,1.25,1.25,1.0,4.0,4.0,2.0,2.0,1.75,3.0,1.25
39-7011.00,39-7011,Tour Guides and Escorts,"Escort individuals or groups on sightseeing tours or through places of interest, such as industrial establishments, public buildings, and art galleries.",,,,,,3.33,2.4,3.46,5.35,3.64,2.85,3.0,4.4109,33.88,2.25,3.25,2.88,2.0,3.0,1.0,3.88,2.25,2.12,3.0,2.38,2.75,1.0,1.25,2.0,2.12,1.12,1.75,1.75,2.62,1.0,1.25,1.0,3.12,3.25,1.62,1.88,1.62,3.0,1.0
39-7012.00,39-7012,Travel Guides,"Plan, organize, and conduct long-distance travel, tours, and expeditions for individuals and groups.",,,,,,2.45,2.34,2.45,4.84,4.61,4.3,2.0,2.587658765876588,5.7,3.12,3.88,3.12,2.5,3.25,1.0,4.0,3.12,3.12,3.75,2.75,3.12,2.62,2.75,2.88,3.12,2.12,2.0,2.0,3.75,1.88,2.12,1.12,4.12,3.88,2.75,2.62,1.75,3.25,1.5
39-9011.00,39-9011,Childcare Workers,"Attend to children at schools, businesses, private households, and childcare institutions. Perform a variety of tasks, such as dressing, feeding, bathing, and overseeing play.",34980.0,518910.0,0.0177824267782426,0.90894901144641,0.4633657191123263,3.08,1.48,3.58,6.18,2.75,3.44,2.0,3.1462,8.71,3.0,3.12,3.12,2.12,3.0,1.12,3.12,3.0,3.0,3.12,3.0,3.0,1.0,1.25,2.25,2.75,1.0,1.12,1.88,2.88,1.0,2.0,1.0,3.38,3.25,2.38,2.38,1.75,2.88,1.88
39-9011.01,39-9011,Nannies,"Care for children in private households and provide support and expertise to parents in satisfying children's physical, emotional, intellectual, and social needs. Duties may include meal planning and preparation, laundry and clothing care, organization of play activities and outings, discipline, intellectual stimulation, language activities, and transportation.",34980.0,518910.0,0.0177824267782426,0.90894901144641,0.4633657191123263,2.91,2.19,3.5,6.3,2.68,3.34,2.0,2.76,4.0,3.0,3.88,3.62,1.62,3.0,1.62,3.75,3.0,3.38,3.5,3.25,3.62,2.0,2.0,2.38,3.0,1.88,1.88,1.88,3.62,1.0,1.88,1.0,3.75,3.88,2.12,2.88,1.88,3.5,1.38
39-9031.00,39-9031,Exercise Trainers and Group Fitness Instructors,"Instruct or coach groups or individuals in exercise activities for the primary purpose of personal fitness. Demonstrate techniques and form, observe participants, and explain to them corrective measures necessary to improve their skills. Develop and implement individualized approaches to exercise.",47160.0,322930.0,0.2196652719665272,0.8335067637877211,0.5265860178771242,5.23,2.71,2.4,5.62,3.51,2.98,3.0,4.1426,38.09,3.0,3.25,3.0,1.75,3.0,1.75,3.62,2.62,2.62,3.0,4.0,3.0,1.0,1.38,2.12,2.0,1.62,2.0,1.88,2.88,1.12,1.88,1.12,3.75,3.12,2.25,2.12,1.75,3.0,1.88
39-9032.00,39-9032,Recreation Workers,"Conduct recreation activities with groups in public, private, or volunteer agencies or recreation facilities. Organize and promote activities, such as arts and crafts, sports, games, music, dramatics, social recreation, camping, and hobbies, taking into account the needs and interests of individual members.",36560.0,331490.0,0.0491631799163179,0.8397502601456815,0.4444567200309998,3.75,1.98,3.05,4.9,4.51,3.46,4.0,4.7645,62.1,3.12,4.0,3.25,2.12,3.12,1.62,4.0,3.12,3.12,4.0,3.75,3.0,2.0,2.62,3.12,3.0,1.62,2.0,2.0,3.12,1.38,1.88,1.0,4.0,4.0,2.88,2.75,1.88,3.25,1.88
39-9041.00,39-9041,Residential Advisors,"Coordinate activities in resident facilities in secondary school and college dormitories, group homes, or similar establishments. Order supplies and determine need for maintenance, repairs, and furnishings. May maintain household records and assign rooms. May assist residents with problem solving or refer them to counseling resources.",42240.0,84760.0,0.1286610878661087,0.6004162330905307,0.3645386604783197,2.82,2.37,2.25,5.28,3.81,4.63,3.0,4.955,40.98,3.0,3.88,3.62,2.0,3.12,1.38,3.75,3.0,3.12,3.75,2.88,3.12,2.12,2.25,2.88,3.62,1.75,2.0,2.0,3.38,1.38,2.0,1.0,3.62,4.0,2.75,2.75,1.88,3.62,1.75
39-9099.00,39-9099,"Personal Care and Service Workers, All Other",All personal care and service workers not listed separately.,41600.0,60420.0,0.1208158995815899,0.5317377731529657,0.3262768363672778,,,,,,,,,,,,,,,,,,,,,,,,,,,,,,,,,,,,,,,
41-1011.00,41-1011,First-Line Supervisors of Retail Sales Workers,"Directly supervise and coordinate activities of retail sales workers in an establishment or department. Duties may include management functions, such as purchasing, budgeting, accounting, and personnel work, in addition to supervisory duties.",48520.0,1121800.0,0.256276150627615,0.967741935483871,0.612009043055743,2.75,1.14,1.0,3.64,7.0,5.61,2.0,2.652,0.42,3.0,3.88,3.5,2.75,3.0,1.0,3.75,3.0,3.0,3.5,3.25,3.12,2.5,2.62,3.25,3.25,1.5,2.5,1.88,3.25,1.75,2.12,1.0,3.75,3.5,3.0,3.0,1.88,3.12,1.38
41-1012.00,41-1012,First-Line Supervisors of Non-Retail Sales Workers,"Directly supervise and coordinate activities of sales workers other than retail sales workers. May perform duties such as budgeting, accounting, and personnel work, in addition to supervisory duties.",87520.0,214390.0,0.7133891213389121,0.7814776274713839,0.747433374405148,1.74,1.11,1.0,4.08,7.0,5.31,4.0,5.1936,57.93,3.5,4.0,3.62,3.0,3.62,1.0,4.0,3.62,3.62,3.88,3.25,3.88,2.88,2.88,4.0,3.62,1.62,2.0,1.75,3.75,1.5,2.25,1.0,3.12,3.88,3.12,3.12,1.5,3.88,1.12
41-2011.00,41-2011,Cashiers,"Receive and disburse money in establishments other than financial institutions. May use electronic scanners, cash registers, or related equipment. May process credit or debit card transactions and validate checks.",32880.0,3089410.0,0.00836820083682,0.9906347554630592,0.4995014781499397,2.9,1.0,1.0,2.59,3.62,6.21,2.0,1.9017,0.0,2.0,3.0,2.75,2.62,2.75,1.25,3.0,2.12,2.0,2.75,2.38,2.5,1.5,1.38,2.0,2.38,1.5,1.0,1.88,2.38,1.0,1.38,1.0,3.12,3.0,2.0,2.0,1.0,2.62,1.38
41-2012.00,41-2012,Gambling Change Persons and Booth Cashiers,"Exchange coins, tokens, and chips for patrons' money. May issue payoffs and obtain customer's signature on receipt. May operate a booth in the slot machine area and furnish change persons with money bank at the start of the shift, or count and audit money in drawers.",36220.0,21530.0,0.0439330543933054,0.3152965660770031,0.1796148102351542,3.07,1.0,1.06,2.43,4.19,6.36,2.0,2.0591,0.0,2.0,3.0,2.88,2.88,3.12,1.0,3.0,2.75,2.88,3.0,2.38,2.75,2.12,2.0,2.25,2.62,2.0,1.12,2.38,2.62,1.25,2.25,2.0,3.0,3.0,2.0,2.0,1.0,2.38,2.12
41-2021.00,41-2021,Counter and Rental Clerks,"Receive orders, generally in person, for repairs, rentals, and services. May describe available options, compute cost, and accept payment.",41300.0,400810.0,0.1150627615062761,0.8699271592091571,0.4924949603577166,3.17,1.0,1.27,3.3,3.86,5.9,2.0,3.3548,20.25,2.75,3.75,3.12,2.25,3.25,1.0,3.38,3.0,2.75,3.0,2.5,2.88,2.0,2.12,2.38,2.88,2.0,1.0,2.38,2.88,1.38,1.62,1.62,3.38,3.12,2.0,2.0,1.62,3.0,1.62
41-2022.00,41-2022,Parts Salespersons,Sell spare and replacement parts and equipment in repair shop or parts store.,38630.0,270070.0,0.0831589958158995,0.81789802289282,0.4505285093543598,5.64,1.6,1.0,1.96,3.83,5.12,2.0,3.3786378637863788,13.61,2.88,4.0,3.25,2.75,3.62,1.0,4.0,3.0,2.88,2.88,2.88,3.0,1.5,2.12,2.12,2.88,2.0,1.25,2.25,3.75,1.38,2.12,1.88,3.62,3.38,2.25,2.12,1.5,3.0,2.0
41-2031.00,41-2031,Retail Salespersons,"Sell merchandise, such as furniture, motor vehicles, appliances, or apparel to consumers.",35410.0,3897860.0,0.0292887029288702,1.0,0.5146443514644351,3.2,1.0,1.98,2.96,6.13,5.17,2.0,2.3094690530946904,4.01,3.0,3.75,3.12,2.62,3.0,1.0,3.75,3.0,2.75,3.0,2.88,2.88,2.12,2.0,2.38,3.5,2.0,1.5,2.0,3.88,1.25,2.0,1.0,3.75,3.5,2.0,2.0,1.88,3.0,1.75
41-3011.00,41-3011,Advertising Sales Agents,"Sell or solicit advertising space, time, or media in publications, signage, TV, radio, or Internet establishments or public spaces.",64820.0,91700.0,0.4968619246861924,0.6118626430801248,0.5543622838831587,1.18,1.52,3.64,2.96,6.65,4.34,4.0,4.462146214621462,51.85,2.88,3.75,3.25,2.75,3.38,1.0,4.12,3.12,3.0,3.12,2.25,3.25,2.0,2.0,2.38,3.75,2.0,2.12,2.0,4.0,1.88,1.62,1.0,3.88,3.88,3.0,2.12,1.88,3.0,1.0
41-3021.00,41-3021,Insurance Sales Agents,"Sell life, property, casualty, health, automotive, or other types of insurance. May refer clients to independent brokers, work as an independent broker, or be employed by an insurance company.",62280.0,479100.0,0.4576359832635983,0.9063475546305932,0.6819917689470958,1.0,2.25,1.09,3.71,5.95,5.46,4.0,4.7291,46.9,3.0,3.88,3.75,3.0,4.0,1.12,3.88,3.62,2.88,3.0,2.62,3.0,1.25,1.12,2.0,3.25,1.75,1.88,1.75,3.62,1.75,1.12,1.0,3.38,3.12,2.75,2.75,1.75,3.5,1.0
41-3031.00,41-3031,"Securities, Commodities, and Financial Services Sales Agents","Buy and sell securities or commodities in investment and trading firms, or provide financial services to businesses and individuals. May advise customers about stocks, bonds, mutual funds, commodities, and market conditions.",78660.0,489570.0,0.645397489539749,0.90738813735692,0.7763928134483344,1.26,2.53,1.29,3.07,6.08,5.27,4.0,4.90258051610322,65.13,3.5,3.75,3.75,3.12,3.5,1.25,3.5,3.38,3.38,2.88,2.88,3.62,3.12,2.0,2.75,3.0,1.12,2.0,1.62,3.5,1.88,1.38,1.0,3.25,3.38,3.25,3.12,1.62,3.12,1.12
41-3041.00,41-3041,Travel Agents,"Plan and sell transportation and accommodations for customers. Determine destination, modes of transportation, travel dates, costs, and accommodations required. May also describe, plan, and arrange itineraries and sell tour packages. May assist in resolving clients' travel problems.",50160.0,55110.0,0.2949790794979079,0.5067637877211238,0.4008714336095159,1.15,1.51,1.9,4.31,5.78,5.77,3.0,3.928807119288072,14.36,3.12,4.12,3.12,2.88,4.0,1.25,4.0,3.12,3.0,3.12,2.62,3.38,2.12,1.75,1.88,3.12,1.62,1.75,1.75,3.62,1.75,1.25,1.0,4.12,3.75,2.38,2.25,1.75,3.0,1.0
41-3091.00,41-3091,"Sales Representatives of Services, Except Advertising, Insurance, Financial Services, and Travel",Sell services to individuals or businesses. May describe options or resolve client problems.,69990.0,1256010.0,0.5486401673640168,0.9708636836628513,0.759751925513434,1.07,1.94,1.45,3.75,6.73,5.07,2.0,,,,,,,,,,,,,,,,,,,,,,,,,,,,,,,,
41-4011.00,41-4011,"Sales Representatives, Wholesale and Manufacturing, Technical and Scientific Products","Sell goods for wholesalers or manufacturers where technical or scientific knowledge is required in such areas as biology, engineering, chemistry, and electronics, normally obtained from at least 2 years of postsecondary education.",104920.0,284800.0,0.8226987447698745,0.8215400624349636,0.8221194036024191,2.8,3.15,1.44,3.12,5.27,5.14,4.0,4.433256674332567,41.38,3.5,4.12,3.38,2.88,3.75,1.5,4.25,3.38,3.38,3.62,2.88,3.12,2.62,2.5,2.62,4.0,2.0,2.12,1.88,4.25,2.0,1.88,1.0,3.75,3.88,2.88,2.12,2.0,3.12,1.0
41-4011.07,41-4011,Solar Sales Representatives and Assessors,"Contact new or existing customers to determine their solar equipment needs, suggest systems or equipment, or estimate costs.",104920.0,284800.0,0.8226987447698745,0.8215400624349636,0.8221194036024191,3.52,2.73,1.39,2.75,5.56,4.43,3.0,4.9759048190361925,33.01,3.12,3.5,3.5,2.75,3.62,1.38,4.0,3.12,3.12,3.0,2.88,3.12,1.88,1.62,2.12,3.25,1.75,2.0,2.0,3.62,1.5,2.0,1.0,3.62,3.5,2.75,2.75,1.88,2.88,1.62
41-4012.00,41-4012,"Sales Representatives, Wholesale and Manufacturing, Except Technical and Scientific Products",Sell goods for wholesalers or manufacturers to businesses or groups of individuals. Work requires substantial knowledge of items sold.,72080.0,1238190.0,0.5596234309623431,0.9698231009365244,0.7647232659494339,2.63,2.24,1.65,2.69,6.12,4.92,4.0,3.7578242175782415,33.89,3.12,4.0,3.5,2.25,3.38,1.0,4.0,3.25,3.12,3.12,2.75,3.12,1.88,1.88,1.88,3.75,1.75,1.75,1.62,3.75,1.5,1.25,1.0,3.12,3.75,2.25,2.25,1.62,3.0,1.0
41-9011.00,41-9011,Demonstrators and Product Promoters,Demonstrate merchandise and answer questions for the purpose of creating public interest in buying the product. May sell demonstrated merchandise.,39320.0,64520.0,0.0941422594142259,0.5431841831425598,0.3186632212783928,3.24,1.89,3.31,3.26,5.38,3.56,2.0,1.6890689068906888,0.65,2.88,3.88,3.0,2.12,3.25,1.0,3.88,3.0,3.0,3.0,2.38,3.0,1.62,1.62,2.38,2.38,1.75,2.0,2.12,3.5,1.12,2.12,1.0,3.25,3.0,2.12,2.25,1.88,3.0,2.0
41-9012.00,41-9012,Models,"Model garments or other apparel and accessories for prospective buyers at fashion shows, private showings, or retail establishments. May pose for photos to be used in magazines or advertisements. May pose as subject for paintings, sculptures, and other types of artistic expression.",48470.0,3780.0,0.25418410041841,0.064516129032258,0.159350114725334,5.01,1.09,6.91,2.49,3.71,2.26,2.0,2.0305,3.94,1.88,2.75,2.62,1.25,2.5,1.0,2.75,2.0,1.88,2.62,1.25,2.12,1.0,1.0,1.5,2.0,1.0,1.38,1.0,2.0,1.0,1.12,1.0,1.88,2.88,1.75,1.12,1.5,2.5,1.0
41-9021.00,41-9021,Real Estate Brokers,"Operate real estate office, or work for commercial real estate firm, overseeing real estate transactions. Other duties usually include selling real estate or renting properties and arranging loans.",73220.0,46100.0,0.5711297071129707,0.4745057232049948,0.5228177151589828,2.71,1.52,1.0,2.9,6.48,5.76,4.0,5.2126,53.92999999999999,3.62,3.88,3.88,2.88,3.88,1.12,4.0,3.38,3.0,3.12,2.5,3.38,2.12,1.75,2.62,3.62,1.75,1.62,1.75,3.5,1.5,2.62,1.0,3.25,3.38,2.38,2.25,1.38,3.0,1.62
41-9022.00,41-9022,Real Estate Sales Agents,"Rent, buy, or sell property for clients. Perform duties such as study property listings, interview prospective clients, accompany clients to property site, discuss conditions of sale, and draw up real estate contracts. Includes agents who represent buyer.",52830.0,193370.0,0.3451882845188284,0.768990634755463,0.5570894596371457,2.12,1.47,1.92,3.52,6.46,4.94,3.0,2.9521952195219523,9.52,3.12,4.0,3.62,3.12,3.38,1.12,4.0,3.38,3.12,3.75,2.62,3.25,2.12,1.75,2.75,3.88,1.75,1.75,1.75,3.62,1.62,2.12,1.0,3.5,3.75,2.62,2.62,1.62,3.38,1.75
41-9031.00,41-9031,Sales Engineers,"Sell business goods or services, the selling of which requires a technical background equivalent to a baccalaureate degree in engineering.",124900.0,51790.0,0.8985355648535565,0.4963579604578564,0.6974467626557064,3.38,3.58,1.76,2.82,5.78,4.51,4.0,6.268273172682734,82.5,3.75,4.0,4.0,3.0,4.0,2.12,4.12,3.75,3.88,3.38,3.38,4.0,2.38,2.25,2.62,3.88,1.62,2.75,1.88,4.12,1.88,1.88,1.0,3.75,4.0,3.62,3.5,2.75,3.5,1.75
41-9041.00,41-9041,Telemarketers,Solicit donations or orders for goods or services over the telephone.,35450.0,58430.0,0.030857740585774,0.5234131113423517,0.2771354259640629,1.87,1.09,1.24,3.61,5.36,5.07,2.0,2.6527,0.0,2.0,4.0,3.0,1.38,3.25,1.0,4.12,2.5,2.38,2.5,2.25,2.38,1.25,1.25,1.62,3.0,1.12,1.38,1.25,4.12,1.25,1.12,1.0,3.5,3.25,1.75,1.62,1.25,2.38,1.0
41-9091.00,41-9091,"Door-to-Door Sales Workers, News and Street Vendors, and Related Workers",Sell goods or services door-to-door or on the street.,41380.0,2760.0,0.1182008368200836,0.0353798126951092,0.0767903247575964,3.56,1.0,2.04,2.79,5.52,4.7,2.0,1.4348,0.0,2.62,3.38,2.88,1.88,3.0,1.0,4.0,2.88,2.62,3.25,2.38,3.0,1.62,1.75,1.88,3.25,1.38,1.75,1.38,4.0,1.62,1.12,1.0,3.62,3.75,2.0,2.12,1.75,2.75,1.0
41-9099.00,41-9099,"Sales and Related Workers, All Other",All sales and related workers not listed separately.,48280.0,93180.0,0.2489539748953975,0.6139438085327783,0.4314488917140879,,,,,,,,,,,,,,,,,,,,,,,,,,,,,,,,,,,,,,,
43-1011.00,43-1011,First-Line Supervisors of Office and Administrative Support Workers,Directly supervise and coordinate the activities of clerical and administrative support workers.,69500.0,1436680.0,0.5428870292887029,0.9760665972944848,0.7594768132915939,1.58,1.38,1.0,4.33,6.9,5.7,3.0,4.584,46.55,3.75,4.0,3.88,2.75,4.0,1.0,4.0,3.75,3.38,4.0,3.75,3.75,2.5,2.75,3.75,3.62,1.12,2.38,2.25,3.62,1.88,2.88,1.0,3.62,4.0,3.0,3.12,1.5,3.75,2.0
43-2011.00,43-2011,"Switchboard Operators, Including Answering Service","Operate telephone business systems equipment or switchboards to relay incoming, outgoing, and interoffice calls. May supply information to callers and record messages.",38630.0,34280.0,0.0831589958158995,0.4183142559833507,0.2507366258996251,3.63,1.39,1.0,2.91,3.18,5.95,2.0,2.2554,3.04,2.5,4.0,2.75,1.88,3.0,1.0,3.88,2.75,2.5,3.0,2.0,2.62,1.0,1.0,1.88,2.12,1.75,1.38,2.0,2.38,1.25,1.62,1.0,3.12,3.5,2.0,1.88,1.0,2.75,1.5
43-2021.00,43-2021,Telephone Operators,"Provide information by accessing alphabetical, geographical, or other directories. Assist customers with special billing requests, such as charges to a third party and credits or refunds for incorrectly dialed numbers or bad connections. May handle emergency calls and assist children or people with physical disabilities to make telephone calls.",41740.0,3430.0,0.1255230125523012,0.0541103017689906,0.0898166571606459,3.23,1.14,1.0,4.05,3.33,6.21,2.0,2.0627,0.0,2.25,4.0,3.0,1.88,3.0,1.0,4.0,2.25,2.62,2.5,2.0,2.25,1.38,1.38,2.0,1.88,1.25,1.12,1.75,2.0,1.38,1.12,1.0,3.5,3.12,2.0,1.88,1.25,2.5,1.0
43-2099.00,43-2099,"Communications Equipment Operators, All Other",All communications equipment operators not listed separately.,54680.0,1200.0,0.3577405857740586,0.0135275754422476,0.1856340806081531,,,,,,,,,,,,,,,,,,,,,,,,,,,,,,,,,,,,,,,
43-3011.00,43-3011,Bill and Account Collectors,"Locate and notify customers of delinquent accounts by mail, telephone, or personal visit to solicit payment. Duties include receiving payment and posting amount to customer's account, preparing statements to credit department if customer fails to respond, initiating repossession proceedings or service disconnection, and keeping records of collection and status of accounts.",47030.0,158830.0,0.2175732217573222,0.7336108220603538,0.475592021908838,2.08,1.0,1.0,3.26,4.36,7.0,2.0,3.3798000000000004,21.12,2.88,3.88,3.12,2.62,3.12,1.0,3.88,3.25,2.88,2.88,2.38,2.88,1.5,1.5,2.12,3.0,1.0,1.12,1.88,3.38,1.25,1.62,1.0,3.0,3.38,2.25,2.0,1.0,3.0,1.5
43-3021.00,43-3021,Billing and Posting Clerks,"Compile, compute, and record billing, accounting, statistical, and other numerical data for billing purposes. Prepare billing invoices for services rendered or for delivery or shipment of goods.",48500.0,404060.0,0.2552301255230125,0.8720083246618107,0.5636192250924116,2.83,1.59,1.0,1.47,2.76,7.0,3.0,3.5515,1.96,2.75,3.12,3.12,3.25,3.62,1.12,3.12,3.0,2.88,2.75,2.12,2.88,1.5,1.62,2.25,2.25,1.5,1.25,1.88,2.12,2.0,1.75,1.5,2.88,2.88,2.25,2.25,1.25,3.12,1.62
43-3031.00,43-3031,"Bookkeeping, Accounting, and Auditing Clerks","Compute, classify, and record numerical data to keep financial records complete. Perform any combination of routine calculating, posting, and verifying duties to obtain primary financial data for use in maintaining accounting records. May also check the accuracy of figures, calculations, and postings pertaining to business transactions recorded by other workers.",50670.0,1373680.0,0.3117154811715481,0.9729448491155048,0.6423301651435265,1.63,2.18,1.0,1.49,2.87,7.0,3.0,3.3738,18.71,2.75,3.25,3.25,3.38,3.25,1.12,3.12,3.12,2.88,2.88,2.12,2.75,2.0,1.75,2.12,2.25,1.12,1.38,1.62,2.25,1.38,1.12,1.0,2.88,2.75,2.12,2.12,1.12,3.0,1.0
43-3041.00,43-3041,Gambling Cage Workers,"In a gambling establishment, conduct financial transactions for patrons. Accept patron's credit application and verify credit references to provide check-cashing authorization or to establish house credit accounts. May reconcile daily summaries of transactions to balance books. May sell gambling chips, tokens, or tickets to patrons, or to other workers for resale to patrons. May convert gambling chips, tokens, or tickets to currency upon patron's request. May use a cash register or computer to record transaction.",37580.0,14430.0,0.0638075313807531,0.2289281997918834,0.1463678655863182,2.9,1.0,1.0,2.91,4.66,5.98,2.0,2.3174,0.0,2.38,3.25,3.0,3.25,3.0,1.0,3.5,3.0,2.25,2.88,2.88,2.88,1.88,1.5,2.25,2.88,2.0,1.12,2.12,2.88,1.25,2.0,1.0,3.0,3.0,2.0,2.0,1.0,3.0,1.38
43-3051.00,43-3051,Payroll and Timekeeping Clerks,"Compile and record employee time and payroll data. May compute employees' time worked, production, and commission. May compute and post wages and deductions, or prepare paychecks.",58260.0,153140.0,0.3974895397489539,0.7138397502601457,0.5556646450045498,1.85,1.05,1.0,1.91,3.32,7.0,3.0,4.3984000000000005,31.84,2.75,3.75,3.12,3.25,3.88,1.0,3.12,3.12,3.0,2.75,2.25,2.88,1.25,1.0,2.0,2.0,1.0,1.25,1.88,2.0,1.88,1.62,1.0,3.0,2.88,2.12,2.0,1.38,2.88,1.0
43-3061.00,43-3061,Procurement Clerks,Compile information and records to draw up purchase orders for procurement of materials and services.,50580.0,55810.0,0.3075313807531381,0.5109261186264308,0.4092287496897844,3.17,1.71,1.0,1.63,4.13,7.0,2.0,3.7125,32.73,3.25,3.88,3.75,3.0,4.0,1.0,4.0,3.62,3.5,3.12,2.5,3.5,2.38,2.38,2.75,2.88,1.0,1.88,1.25,2.88,1.38,1.62,1.0,3.12,3.62,2.25,2.25,1.5,3.0,1.0
43-3071.00,43-3071,Tellers,Receive and pay out money. Keep records of money and negotiable instruments involved in a financial institution's various transactions.,43030.0,329480.0,0.1433054393305439,0.8387096774193549,0.4910075583749494,2.27,1.42,1.0,2.44,4.19,6.88,2.0,2.6844,8.32,2.88,3.5,3.12,3.0,3.12,1.0,3.25,3.0,2.88,2.88,2.88,2.88,1.62,1.5,2.38,2.5,2.0,1.12,2.0,2.75,1.25,1.88,1.0,3.12,3.12,2.12,2.38,1.38,3.0,1.5
43-3099.00,43-3099,"Financial Clerks, All Other",All financial clerks not listed separately.,53830.0,36260.0,0.352510460251046,0.4349635796045785,0.3937370199278123,,,,,,,,,,,,,,,,,,,,,,,,,,,,,,,,,,,,,,,
43-4011.00,43-4011,Brokerage Clerks,"Perform duties related to the purchase, sale, or holding of securities. Duties include writing orders for stock purchases or sales, computing transfer taxes, verifying stock transactions, accepting and delivering securities, tracking stock price fluctuations, computing equity, distributing dividends, and keeping records of daily transactions and holdings.",65750.0,35940.0,0.5073221757322176,0.4297606659729448,0.4685414208525812,2.1,1.27,1.0,2.32,4.51,6.96,3.0,4.3089,38.23,3.0,3.88,3.38,3.0,3.75,1.0,3.88,3.12,2.88,2.88,2.5,3.0,2.0,1.88,2.62,2.88,1.12,1.75,1.88,2.5,2.0,1.12,1.0,3.0,3.0,2.88,2.5,1.0,3.5,1.0
43-4021.00,43-4021,Correspondence Clerks,"Compose letters or electronic correspondence in reply to requests for merchandise, damage claims, credit and other information, delinquent accounts, incorrect billings, or unsatisfactory services. Duties may include gathering data to formulate reply and preparing correspondence.",46800.0,4290.0,0.2118200836820083,0.0676378772112382,0.1397289804466233,1.32,2.52,1.57,2.7,3.43,6.86,2.0,3.6547,11.61,2.75,3.75,3.38,2.75,3.75,1.25,3.5,4.0,2.88,2.88,2.25,3.25,1.38,1.5,2.25,2.62,1.12,1.25,1.38,2.75,1.38,1.5,1.0,3.0,3.12,2.12,2.12,1.25,3.0,1.0
43-4031.00,43-4031,"Court, Municipal, and License Clerks","Perform clerical duties for courts of law, municipalities, or governmental licensing agencies and bureaus. May prepare docket of cases to be called; secure information for judges and court; prepare draft agendas or bylaws for town or city council; answer official correspondence; keep fiscal records and accounts; issue licenses or permits; and record data, administer tests, or collect fees.",48700.0,179750.0,0.2635983263598326,0.7565036420395421,0.5100509841996874,1.97,1.91,1.11,3.52,4.24,6.16,2.0,3.4578,14.260000000000002,2.62,3.62,3.25,2.38,3.38,1.12,3.62,3.38,2.88,3.0,2.38,3.0,1.75,1.5,2.75,2.12,1.5,1.25,1.75,2.38,1.75,1.75,1.25,3.12,3.25,2.5,2.25,1.5,3.12,1.25
43-4041.00,43-4041,"Credit Authorizers, Checkers, and Clerks","Authorize credit charges against customers' accounts. Investigate history and credit standing of individuals or business establishments applying for credit. May interview applicants to obtain personal and financial data, determine credit worthiness, process applications, and notify customers of acceptance or rejection of credit.",50080.0,12030.0,0.2928870292887029,0.177939646201873,0.235413337745288,1.0,1.87,1.0,3.39,4.48,7.0,2.0,,,2.62,3.62,3.25,2.5,3.62,1.12,3.62,3.12,2.75,3.0,2.75,3.0,1.88,1.75,2.62,2.38,1.12,1.25,1.0,2.62,1.62,1.25,1.0,3.0,3.12,2.12,2.12,1.0,3.12,1.0
43-4051.00,43-4051,Customer Service Representatives,"Interact with customers to provide basic or scripted information in response to routine inquiries about products and services. May handle and resolve general complaints. Excludes individuals whose duties are primarily installation, sales, repair, and technical support.",44770.0,2595750.0,0.1663179916317991,0.9864724245577524,0.5763952080947757,1.97,1.63,1.0,3.77,5.08,6.32,2.0,3.3259674032596744,14.22,2.88,4.0,3.25,2.25,3.38,1.0,3.88,3.0,3.12,2.88,2.75,2.88,1.38,1.38,2.38,3.0,1.0,1.62,1.75,3.0,1.5,1.12,1.0,4.0,3.0,2.25,2.25,1.88,3.12,1.0
43-4061.00,43-4061,"Eligibility Interviewers, Government Programs","Determine eligibility of persons applying to receive assistance from government programs and agency resources, such as welfare, unemployment benefits, social security, and public housing.",54210.0,154800.0,0.3535564853556485,0.7252861602497399,0.5394213228026943,1.0,2.45,1.0,4.46,3.92,6.32,3.0,4.494249424942495,31.37,3.12,4.0,3.5,2.25,3.88,1.25,4.25,3.75,3.12,3.12,2.12,3.25,1.12,1.0,2.25,3.0,1.0,1.0,1.5,2.88,1.25,1.0,1.0,3.62,3.75,2.12,2.25,1.25,3.0,1.0
43-4071.00,43-4071,File Clerks,"File correspondence, cards, invoices, receipts, and other records in alphabetical or numerical order or according to the filing system used. Locate and remove material from file when requested.",43600.0,73440.0,0.1506276150627615,0.5702393340270552,0.3604334745449083,2.41,1.28,1.01,2.05,1.76,7.0,2.0,3.9469,8.28,2.88,3.38,3.0,2.12,3.88,1.0,3.25,3.12,2.88,2.88,2.25,2.75,1.88,2.0,2.25,2.38,2.0,1.75,1.75,2.25,1.5,2.0,1.0,3.12,3.0,2.0,2.25,1.38,3.0,1.12
43-4081.00,43-4081,"Hotel, Motel, and Resort Desk Clerks","Accommodate hotel, motel, and resort patrons by registering and assigning rooms to guests, issuing room keys or cards, transmitting and receiving messages, keeping records of occupied rooms and guests' accounts, making and confirming reservations, and presenting statements to and collecting payments from departing guests.",35070.0,261420.0,0.0209205020920502,0.8085327783558793,0.4147266402239647,2.62,1.0,1.35,4.49,3.8,5.72,2.0,2.599040095990401,4.6,2.75,3.38,2.88,2.62,3.0,1.0,3.75,2.88,3.0,3.12,2.88,3.0,1.62,1.38,3.0,2.88,1.12,1.0,2.12,2.88,1.75,2.0,1.0,3.62,3.75,2.25,2.25,1.88,3.0,1.38
43-4111.00,43-4111,"Interviewers, Except Eligibility and Loan","Interview persons by telephone, mail, in person, or by other means for the purpose of completing forms, applications, or questionnaires. Ask specific questions, record answers, and assist persons with completing form. May sort, classify, and file forms.",45920.0,148060.0,0.1861924686192468,0.708636836628512,0.4474146526238794,1.0,1.92,1.38,4.12,3.66,6.01,3.0,3.3435656434356567,1.17,2.88,4.0,3.25,2.25,3.5,1.0,3.88,3.25,3.12,3.0,2.88,2.62,1.5,1.5,2.88,3.0,1.0,1.88,2.0,3.0,1.88,1.12,1.0,3.25,3.38,2.25,2.12,1.25,3.25,1.0
43-4121.00,43-4121,"Library Assistants, Clerical","Compile records, and sort, shelve, issue, and receive library materials such as books, electronic media, pictures, cards, slides and microfilm. Locate library materials for loan and replace material in shelving area, stacks, or files according to identification number and title. Register patrons to permit them to borrow books, periodicals, and other library materials.",36910.0,85520.0,0.053347280334728,0.6014568158168574,0.3274020480757927,2.91,2.0,1.29,3.77,2.18,6.89,2.0,2.8502850285028503,4.56,2.25,3.25,3.0,2.12,3.25,1.0,3.0,3.0,2.88,3.0,2.75,2.75,1.88,2.0,2.25,2.0,1.0,1.12,1.75,2.12,1.5,2.0,1.25,3.38,2.88,2.0,2.0,1.38,2.88,1.25
43-4131.00,43-4131,Loan Interviewers and Clerks,"Interview loan applicants to elicit information; investigate applicants' backgrounds and verify references; prepare loan request papers; and forward findings, reports, and documents to appraisal department. Review loan papers to ensure completeness, and complete transactions between loan establishment, borrowers, and sellers upon approval of loan.",50020.0,164790.0,0.2907949790794979,0.7419354838709677,0.5163652314752328,1.0,2.18,1.0,3.4,4.61,6.92,3.0,3.8539146085391462,38.26,3.38,4.12,3.75,3.12,3.88,1.12,4.0,3.62,3.5,3.0,3.0,3.38,2.12,1.25,2.0,2.88,1.0,2.0,1.88,3.0,1.75,1.75,1.0,3.0,3.38,2.5,2.5,1.75,3.25,1.5
43-4141.00,43-4141,New Accounts Clerks,Interview persons desiring to open accounts in financial institutions. Explain account services available to prospective customers and assist them in preparing applications.,47670.0,36860.0,0.2311715481171548,0.437044745057232,0.3341081465871934,1.37,1.91,1.0,3.66,4.65,6.86,3.0,3.0408,0.0,2.75,4.0,3.12,2.88,3.5,1.0,4.0,3.0,2.75,3.12,2.38,3.0,1.38,1.12,2.12,2.38,1.25,1.38,1.62,3.0,1.62,1.62,1.0,3.38,3.25,2.38,2.0,1.25,2.88,1.0
43-4151.00,43-4151,Order Clerks,"Receive and process incoming orders for materials, merchandise, classified ads, or services such as repairs, installations, or rental of facilities. Generally receives orders via mail, phone, fax, or other electronic means. Duties include informing customers of receipt, prices, shipping dates, and delays; preparing contracts; and handling complaints.",46170.0,75200.0,0.1945606694560669,0.578563995837669,0.386562332646868,2.57,1.0,1.0,2.52,4.54,6.97,2.0,2.7389,12.07,3.0,4.0,3.12,3.0,3.5,1.0,3.88,3.12,2.88,3.0,2.38,3.12,1.62,1.75,2.12,2.88,1.62,1.5,1.62,3.0,1.38,2.25,1.0,3.5,3.0,2.25,2.12,1.25,2.88,1.5
43-4161.00,43-4161,"Human Resources Assistants, Except Payroll and Timekeeping","Compile and keep personnel records. Record data for each employee, such as address, weekly earnings, absences, amount of sales or production, supervisory reports, and date of and reason for termination. May prepare reports for employment records, file employment records, or search employee files and furnish information to authorized persons.",50610.0,90220.0,0.3085774058577405,0.6097814776274714,0.4591794417426059,1.43,1.35,1.0,3.24,3.91,7.0,3.0,4.502149785021498,34.61,3.0,4.0,3.38,2.0,4.0,1.12,3.75,3.5,3.0,3.0,2.5,3.0,1.62,1.62,2.38,2.62,1.25,1.75,1.75,2.88,1.75,1.25,1.0,3.0,3.38,2.25,2.25,1.62,3.12,1.0
43-4171.00,43-4171,Receptionists and Information Clerks,"Answer inquiries and provide information to the general public, customers, visitors, and other interested parties regarding activities conducted at establishment and location of departments, offices, and employees within the organization.",38010.0,910180.0,0.0711297071129707,0.9542143600416232,0.512672033577297,1.95,1.79,1.1,3.57,4.26,6.3,2.0,2.829,0.0,2.75,3.75,3.12,2.0,3.12,1.0,3.88,3.0,2.75,3.0,2.62,2.38,1.38,1.38,2.0,2.25,1.0,1.12,1.62,2.62,1.38,1.88,1.0,3.62,3.12,2.0,2.0,1.0,2.88,1.38
43-4181.00,43-4181,Reservation and Transportation Ticket Agents and Travel Clerks,"Make and confirm reservations for transportation or lodging, or sell transportation tickets. May check baggage and direct passengers to designated concourse, pier, or track; deliver tickets and contact individuals and groups to inform them of package tours; or provide tourists with travel or transportation information.",44390.0,118710.0,0.1600418410041841,0.668054110301769,0.4140479756529765,2.12,1.0,1.32,4.39,4.08,5.54,2.0,2.244975502449755,0.59,3.0,4.0,3.38,2.62,3.5,1.0,4.0,3.12,3.0,3.12,2.88,3.12,1.38,1.38,2.25,2.88,1.5,1.75,2.12,3.25,1.88,1.88,1.0,4.0,3.62,2.75,2.38,1.5,3.12,1.38
43-4199.00,43-4199,"Information and Record Clerks, All Other",All information and record clerks not listed separately.,49500.0,134920.0,0.2792887029288703,0.6857440166493236,0.4825163597890969,,,,,,,,,,,,,,,,,,,,,,,,,,,,,,,,,,,,,,,
43-5011.00,43-5011,Cargo and Freight Agents,"Expedite and route movement of incoming and outgoing cargo and freight shipments in airline, train, and trucking terminals and shipping docks. Take orders from customers and arrange pickup of freight and cargo for delivery to loading platform. Prepare and examine bills of lading to determine shipping charges and tariffs.",52260.0,97670.0,0.3383891213389121,0.6259105098855359,0.482149815612224,3.15,1.52,1.0,2.14,4.83,6.32,2.0,4.3188,30.75,2.75,3.5,3.25,2.25,3.25,1.0,3.62,3.0,3.0,3.0,2.5,2.75,1.38,2.12,2.12,3.12,1.62,2.0,2.38,2.88,1.38,2.25,1.5,3.0,3.0,2.25,2.0,1.38,3.12,2.0
43-5011.01,43-5011,Freight Forwarders,"Research rates, routings, or modes of transport for shipment of products. Maintain awareness of regulations affecting the international movement of cargo. Make arrangements for additional services, such as storage or inland transportation.",52260.0,97670.0,0.3383891213389121,0.6259105098855359,0.482149815612224,3.51,2.59,1.0,1.84,3.94,5.6,2.0,5.103899999999999,58.08,3.12,3.38,3.38,3.0,3.75,1.0,3.25,3.25,3.12,3.75,2.75,3.0,2.38,2.12,2.5,3.25,1.5,1.75,2.25,3.12,1.62,1.62,1.5,3.25,3.25,3.0,3.0,1.75,3.25,1.5
43-5021.00,43-5021,Couriers and Messengers,"Pick up and deliver messages, documents, packages, and other items between offices or departments within an establishment or directly to other business concerns, traveling by foot, bicycle, motorcycle, automobile, or public conveyance.",39200.0,68640.0,0.0920502092050209,0.5598335067637877,0.3259418579844043,4.47,1.07,1.0,2.96,2.86,5.07,2.0,2.4525,0.0,2.62,3.25,3.0,2.5,3.0,1.12,3.25,3.0,2.62,2.75,1.88,2.88,1.62,1.62,1.88,2.12,2.62,1.38,2.5,2.38,1.0,1.88,1.12,3.0,2.75,2.0,2.0,1.38,3.25,1.88
43-5031.00,43-5031,Public Safety Telecommunicators,"Operate telephone, radio, or other communication systems to receive and communicate requests for emergency assistance at 9-1-1 public safety answering points and emergency operations centers. Take information from the public and other sources regarding crimes, threats, disturbances, acts of terrorism, fires, medical emergencies, and other public safety matters. May coordinate and provide information to law enforcement and emergency response personnel. May access sensitive databases and other information sources as needed. May provide additional instructions to callers based on knowledge of and certification in law enforcement, fire, or emergency medical procedures.",53040.0,102500.0,0.3462343096234309,0.6326742976066597,0.4894543036150453,4.33,2.91,1.0,3.65,2.89,5.52,2.0,2.8241,4.74,3.12,4.38,3.75,2.0,3.62,1.38,4.12,3.0,3.25,3.75,3.0,3.38,1.88,2.0,2.5,2.88,2.0,2.0,2.5,3.12,1.88,2.0,1.62,3.75,3.88,2.62,2.0,1.75,2.88,2.12
43-5032.00,43-5032,"Dispatchers, Except Police, Fire, and Ambulance","Schedule and dispatch workers, work crews, equipment, or service vehicles for conveyance of materials, freight, or passengers, or for normal installation, service, or emergency repairs rendered outside the place of business. Duties may include using radio, telephone, or computer to transmit assignments and compiling statistics and reports on work progress.",50340.0,202810.0,0.3038702928870292,0.7752341311134235,0.5395522120002264,5.27,1.42,1.0,2.69,2.92,5.4,2.0,3.0502050205020503,7.01,3.0,4.0,3.12,2.12,3.75,1.12,4.0,3.12,3.12,3.88,2.75,3.12,1.75,1.88,2.38,2.62,1.25,1.62,2.0,2.75,1.38,2.0,1.0,3.12,3.12,2.88,2.75,1.62,3.75,1.62
43-5041.00,43-5041,"Meter Readers, Utilities","Read meter and record consumption of electricity, gas, water, or steam.",48150.0,19430.0,0.2458158995815899,0.2861602497398543,0.2659880746607221,4.91,2.53,1.0,2.15,1.28,6.58,2.0,2.7088,2.39,2.75,3.0,3.0,2.38,3.0,1.12,3.0,2.62,2.88,2.62,2.5,2.62,1.88,1.88,2.12,2.38,2.88,1.5,2.88,2.5,1.88,2.38,2.0,3.0,2.75,2.0,2.0,1.5,3.0,2.5
43-5051.00,43-5051,Postal Service Clerks,"Perform any combination of tasks in a United States Postal Service (USPS) post office, such as receive letters and parcels; sell postage and revenue stamps, postal cards, and stamped envelopes; fill out and sell money orders; place mail in pigeon holes of mail rack or in bags; and examine mail for correct postage. Includes postal service clerks employed by USPS contractors.",62130.0,73720.0,0.4539748953974895,0.5733610822060354,0.5136679888017625,3.21,1.0,1.0,2.57,2.71,6.55,2.0,2.348,0.0,2.62,3.38,3.0,2.75,3.12,1.0,3.25,2.88,2.75,2.75,2.0,2.88,1.88,1.88,2.12,2.25,1.75,1.5,2.0,2.62,1.62,2.0,1.0,3.12,3.0,2.0,2.0,1.5,3.0,1.88
43-5052.00,43-5052,Postal Service Mail Carriers,Sort and deliver mail for the United States Postal Service (USPS). Deliver mail on established route by vehicle or on foot. Includes postal service mail carriers employed by USPS contractors.,60550.0,328820.0,0.4320083682008368,0.8376690946930281,0.6348387314469325,3.56,1.0,1.0,2.69,2.91,6.27,2.0,1.9987,0.0,2.0,3.0,3.0,1.62,2.62,1.0,3.0,2.12,2.25,2.75,1.12,2.62,1.12,1.38,1.0,2.0,2.25,1.75,2.25,2.0,1.0,1.75,1.0,2.62,3.0,2.0,2.0,1.0,2.88,1.12
43-5053.00,43-5053,"Postal Service Mail Sorters, Processors, and Processing Machine Operators","Prepare incoming and outgoing mail for distribution for the United States Postal Service (USPS). Examine, sort, and route mail. Load, operate, and occasionally adjust and repair mail processing, sorting, and canceling machinery. Keep records of shipments, pouches, and sacks, and perform other duties related to mail handling within the postal service. Includes postal service mail sorters and processors employed by USPS contractors.",58470.0,105200.0,0.4027196652719665,0.6389177939646202,0.5208187296182933,4.6,1.54,1.0,1.83,1.66,5.91,2.0,1.998000199980002,0.0,2.12,2.88,3.0,2.0,3.0,1.0,3.0,2.25,2.5,3.0,2.25,2.88,1.0,1.0,2.12,1.75,2.75,1.5,2.88,2.0,1.62,2.25,1.38,2.5,2.75,2.12,1.88,1.0,2.88,2.12
43-5061.00,43-5061,"Production, Planning, and Expediting Clerks","Coordinate and expedite the flow of work and materials within or between departments of an establishment according to production schedule. Duties include reviewing and distributing production, work, and shipment schedules; conferring with department supervisors to determine progress of work and completion dates; and compiling reports on progress of work, inventory levels, costs, and production problems.",59650.0,390160.0,0.4215481171548117,0.8647242455775234,0.6431361813661676,3.12,1.2,1.14,2.11,4.91,5.92,2.0,2.718828117188281,0.0,2.75,3.5,3.38,2.62,3.62,1.12,3.62,3.12,3.12,3.0,2.12,2.88,2.25,2.62,2.5,2.62,1.5,1.62,2.12,2.62,1.88,2.25,1.0,2.62,2.88,2.88,2.75,1.88,3.5,2.0
43-5071.00,43-5071,"Shipping, Receiving, and Inventory Clerks",Verify and maintain records on incoming and outgoing shipments involving inventory. Duties include verifying and recording incoming merchandise or material and arranging for the transportation of products. May prepare items for shipment.,45260.0,816870.0,0.1746861924686192,0.943808532778356,0.5592473626234875,3.98,1.24,1.0,1.37,3.11,7.0,2.0,2.8313168683131686,10.76,2.38,3.12,3.0,2.25,3.12,1.0,3.25,2.62,2.88,2.88,2.5,2.88,1.88,2.0,2.12,2.38,2.0,1.38,2.25,2.75,1.62,2.12,1.0,2.62,2.88,2.12,2.12,1.88,3.0,2.0
43-5111.00,43-5111,"Weighers, Measurers, Checkers, and Samplers, Recordkeeping","Weigh, measure, and check materials, supplies, and equipment for the purpose of keeping relevant records. Duties are primarily clerical by nature. Includes workers who collect and keep record of samples of products or materials.",46380.0,53300.0,0.202928870292887,0.5036420395421436,0.3532854549175153,5.31,2.37,1.0,1.0,1.76,6.37,2.0,2.3805,0.51,2.75,3.0,3.38,2.88,3.25,1.5,3.12,2.88,2.88,3.0,2.5,2.88,1.62,1.62,2.38,2.5,2.0,1.25,2.62,2.88,1.75,3.0,1.62,3.0,3.0,2.38,2.25,1.38,2.88,1.75
43-6011.00,43-6011,Executive Secretaries and Executive Administrative Assistants,"Provide high-level administrative support by conducting research, preparing statistical reports, and handling information requests, as well as performing routine administrative functions such as preparing correspondence, receiving visitors, arranging conference calls, and scheduling meetings. May also train and supervise lower-level clerical staff.",76590.0,459910.0,0.6134937238493724,0.899063475546306,0.7562785996978392,1.32,1.94,1.35,3.94,5.51,6.41,3.0,4.489000000000001,19.85,3.12,4.0,3.25,2.75,4.0,1.38,3.88,3.75,2.88,3.38,2.88,3.12,1.88,2.0,2.38,3.0,1.25,1.5,1.75,2.88,1.88,2.12,1.12,3.75,3.25,2.75,2.62,1.75,3.25,1.0
43-6012.00,43-6012,Legal Secretaries and Administrative Assistants,"Perform secretarial duties using legal terminology, procedures, and documents. Prepare legal papers and correspondence, such as summonses, complaints, motions, and subpoenas. May also assist with legal research.",55570.0,156280.0,0.3671548117154811,0.7294484911550468,0.548301651435264,1.41,2.91,1.55,3.17,4.42,6.69,3.0,4.132,7.0,2.75,4.0,3.0,2.12,4.0,1.0,3.75,3.88,2.88,3.0,2.12,2.75,1.25,1.0,2.12,2.12,1.0,1.25,2.0,2.38,1.38,2.0,1.0,3.0,3.0,2.0,2.0,1.38,3.25,1.25
43-6013.00,43-6013,Medical Secretaries and Administrative Assistants,"Perform secretarial duties using specific knowledge of medical terminology and hospital, clinic, or laboratory procedures. Duties may include scheduling appointments, billing patients, and compiling and recording medical charts, reports, and correspondence.",45930.0,961610.0,0.1877615062761506,0.9573361082206036,0.5725488072483771,2.29,3.02,1.0,4.13,3.17,6.67,2.0,2.9482948294829487,0.0,2.25,3.88,3.12,2.12,3.5,1.12,4.0,3.12,3.12,3.12,2.12,2.88,1.38,1.62,2.62,1.88,1.25,1.62,1.75,2.12,1.38,1.12,1.0,3.62,3.0,2.0,2.0,1.25,3.12,1.0
43-6014.00,43-6014,"Secretaries and Administrative Assistants, Except Legal, Medical, and Executive","Perform routine administrative functions such as drafting correspondence, scheduling appointments, organizing and maintaining paper and electronic files, or providing information to callers.",47540.0,1706790.0,0.2280334728033473,0.9812695109261186,0.604651491864733,1.98,1.37,1.0,3.61,4.18,6.95,2.0,3.380138013801381,10.98,2.88,4.0,3.0,2.0,3.88,1.0,4.0,3.75,2.88,3.12,2.12,3.0,1.62,1.75,2.62,2.38,1.25,1.88,1.88,2.25,1.62,1.88,1.0,3.5,3.0,2.0,2.0,1.5,3.5,1.0
43-9021.00,43-9021,Data Entry Keyers,"Operate data entry device, such as keyboard or photo composing perforator. Duties may include verifying data and preparing materials for printing.",41340.0,127080.0,0.1171548117154811,0.6742976066597295,0.3957262091876053,3.05,2.31,1.0,1.19,1.67,7.0,2.0,2.9378,0.0,2.75,3.38,2.88,2.0,3.62,1.0,2.88,3.0,2.88,2.75,2.62,2.62,1.88,1.88,2.62,2.12,1.0,1.12,2.0,2.38,1.75,2.0,1.0,2.75,2.62,2.0,2.0,1.38,3.0,1.0
43-9022.00,43-9022,Word Processors and Typists,"Use word processor, computer, or typewriter to type letters, reports, forms, or other material from rough draft, corrected copy, or voice recording. May perform other clerical duties as assigned.",49280.0,35010.0,0.2761506276150627,0.4235171696149843,0.3498338986150235,2.87,1.94,2.26,2.23,1.86,6.59,2.0,2.9788,0.0,2.25,3.25,2.75,2.62,3.5,1.0,3.0,3.25,2.0,2.62,1.75,2.5,1.38,1.62,1.88,2.0,1.62,1.62,1.75,2.12,1.75,2.38,1.0,2.88,2.62,2.25,1.88,1.75,3.0,1.5
43-9031.00,43-9031,Desktop Publishers,Format typescript and graphic elements using computer software to produce publication-ready material.,55290.0,3350.0,0.3629707112970711,0.0520291363163371,0.2074999238067041,3.38,2.84,4.24,1.69,1.71,5.7,3.0,3.950800000000001,38.7,3.0,3.5,3.75,2.0,3.75,1.0,3.5,3.12,3.12,2.88,2.75,3.62,2.0,2.0,2.88,2.5,2.0,2.88,2.38,2.62,2.62,2.5,1.62,2.88,3.0,2.75,2.62,1.88,3.12,1.75
43-9041.00,43-9041,Insurance Claims and Policy Processing Clerks,"Process new insurance policies, modifications to existing policies, and claims forms. Obtain information from policyholders to verify the accuracy and completeness of information on claims forms, applications and related documents, and company records. Update existing policies and company records to reflect changes requested by policyholders and insurance company representatives.",49230.0,214260.0,0.2740585774058577,0.7804370447450573,0.5272478110754575,1.24,2.43,1.0,2.56,3.86,7.0,2.0,3.1556155615561554,6.58,2.62,3.25,3.25,2.38,3.5,1.12,3.38,3.12,3.0,3.12,2.5,3.0,1.5,1.38,2.0,2.88,1.25,1.38,1.88,2.75,1.62,1.62,1.0,3.12,3.12,2.62,2.62,1.12,3.5,1.12
43-9051.00,43-9051,"Mail Clerks and Mail Machine Operators, Except Postal Service","Prepare incoming and outgoing mail for distribution. Time-stamp, open, read, sort, and route incoming mail; and address, seal, stamp, fold, stuff, and affix postage to outgoing mail or packages. Duties may also include keeping necessary records and completed forms.",39280.0,55230.0,0.0930962343096234,0.5098855359001041,0.3014908851048637,4.01,1.0,1.0,2.01,2.14,6.46,2.0,1.7312,0.0,2.25,2.88,3.0,2.25,3.0,1.12,3.0,2.88,2.25,2.88,2.0,2.88,1.75,1.75,1.88,1.75,2.88,1.12,2.88,1.88,1.5,2.38,1.75,2.62,2.75,2.12,2.0,1.25,3.0,2.12
43-9061.00,43-9061,"Office Clerks, General","Perform duties too varied and diverse to be classified in any specific office clerical occupation, requiring knowledge of office systems and procedures. Clerical duties may be assigned in accordance with the office procedures of individual establishments and may include a combination of answering telephones, bookkeeping, typing or word processing, office machine operation, and filing.",45010.0,2464940.0,0.1705020920502092,0.9854318418314256,0.5779669669408174,2.92,1.85,1.0,3.06,3.2,6.84,2.0,3.4469,0.24,2.75,3.75,3.0,2.12,3.75,1.0,3.62,3.12,2.62,3.0,2.75,2.75,1.62,1.88,2.12,2.62,1.38,1.12,2.12,2.62,1.25,1.75,1.0,3.0,3.0,2.0,2.0,1.38,3.0,1.5
43-9071.00,43-9071,"Office Machine Operators, Except Computer","Operate one or more of a variety of office machines, such as photocopying, photographic, and duplicating machines, or other office machines.",40960.0,25130.0,0.1129707112970711,0.3485952133194589,0.230782962308265,4.55,2.13,1.16,1.68,2.06,6.57,2.0,2.9618,17.43,2.75,3.0,3.0,2.5,3.12,1.0,3.0,2.88,2.88,2.75,2.12,3.0,2.12,2.25,2.5,2.25,3.25,1.62,3.12,2.25,1.75,2.75,2.62,2.75,2.88,2.62,2.12,1.75,3.0,2.75
43-9081.00,43-9081,Proofreaders and Copy Markers,"Read transcript or proof type setup to detect and mark for correction any grammatical, typographical, or compositional errors. Excludes workers whose primary duty is editing copy. Includes proofreaders of braille.",51120.0,4580.0,0.3190376569037657,0.0723204994797086,0.1956790781917371,1.44,2.5,3.56,2.2,1.53,6.16,4.0,4.891489148914891,47.3,2.5,3.12,3.0,1.88,4.25,1.12,3.25,3.62,2.38,2.25,1.75,2.5,1.0,1.0,1.62,1.75,1.0,1.38,1.0,1.88,1.25,2.38,1.0,1.75,2.25,2.0,2.0,1.0,2.75,1.0
43-9111.00,43-9111,Statistical Assistants,Compile and compute data according to statistical formulas for use in statistical studies. May perform actuarial computations and compile charts and graphs for use by actuaries. Includes actuarial clerks.,50330.0,4710.0,0.3023012552301255,0.0749219562955254,0.1886116057628255,2.37,4.48,1.0,1.4,1.74,7.0,4.0,6.165616561656165,82.03,3.62,3.38,3.75,4.38,3.75,2.12,3.38,3.5,3.62,2.88,2.75,3.25,1.38,1.38,2.62,2.62,1.0,1.88,1.38,2.75,3.0,2.25,1.0,2.88,2.88,2.5,2.5,1.88,3.25,1.0
43-9199.00,43-9199,"Office and Administrative Support Workers, All Other",All office and administrative support workers not listed separately.,45670.0,192260.0,0.1809623430962343,0.7679500520291364,0.4744561975626853,,,,,,,,,,,,,,,,,,,,,,,,,,,,,,,,,,,,,,,
45-1011.00,45-1011,"First-Line Supervisors of Farming, Fishing, and Forestry Workers","Directly supervise and coordinate the activities of agricultural, forestry, aquacultural, and related workers.",59320.0,27960.0,0.4173640167364016,0.368366285119667,0.3928651509280343,5.53,2.23,1.0,2.89,6.01,4.66,3.0,3.7198,34.9,3.0,3.38,3.75,2.88,3.5,2.25,3.62,3.12,3.25,3.75,3.38,3.25,2.75,2.75,3.5,3.0,3.0,1.5,3.38,3.0,1.5,3.12,2.25,2.62,3.38,3.0,3.0,1.88,3.5,2.75
45-2011.00,45-2011,Agricultural Inspectors,"Inspect agricultural commodities, processing equipment, and facilities, and fish and logging operations, to ensure compliance with regulations and laws governing health, quality, and safety.",49940.0,14410.0,0.2897489539748954,0.2278876170655567,0.258818285520226,5.35,4.04,1.0,1.89,3.12,5.17,2.0,3.1029,12.12,3.25,3.75,3.62,2.62,3.75,2.75,3.5,3.12,3.12,3.12,3.0,3.25,1.62,1.75,2.62,2.88,2.5,1.75,3.25,2.88,1.5,4.12,1.0,2.88,2.75,3.12,3.12,1.75,2.88,2.0
45-2021.00,45-2021,Animal Breeders,"Select and breed animals according to their genealogy, characteristics, and offspring. May require knowledge of artificial insemination techniques and equipment use. May involve keeping records on heats, birth intervals, or pedigree.",51130.0,1330.0,0.3200836820083682,0.0156087408949011,0.1678462114516346,6.36,3.4,1.45,2.38,2.0,3.58,2.0,2.3153,4.0600000000000005,3.0,3.0,3.25,2.12,2.88,3.0,3.0,2.75,3.0,2.5,1.88,3.0,2.12,2.0,2.0,1.75,2.62,1.62,2.88,2.38,1.5,2.62,1.0,2.38,2.62,2.38,2.12,1.25,2.75,2.0
45-2041.00,45-2041,"Graders and Sorters, Agricultural Products","Grade, sort, or classify unprocessed food and other agricultural products by size, weight, color, or condition.",35730.0,25180.0,0.0376569037656903,0.3506763787721124,0.1941666412689013,5.64,2.48,1.67,1.5,2.16,5.0,2.0,1.5543,0.0,2.12,2.75,2.5,1.62,2.25,1.25,2.75,2.25,2.12,2.5,1.62,2.25,1.12,1.12,1.38,1.75,1.5,1.0,1.62,1.88,1.0,1.88,1.0,1.88,2.12,1.88,1.62,1.0,2.25,1.5
45-2091.00,45-2091,Agricultural Equipment Operators,"Drive and control equipment to support agricultural activities such as tilling soil; planting, cultivating, and harvesting crops; feeding and herding livestock; or removing animal waste. May perform tasks such as crop baling or hay bucking. May operate stationary equipment to perform post-harvest tasks such as husking, shelling, threshing, and ginning.",41730.0,28500.0,0.1244769874476987,0.3720083246618106,0.2482426560547546,7.0,2.5,1.0,1.0,1.34,3.67,2.0,1.7710771077107712,0.0,2.25,3.0,2.88,1.88,2.25,1.62,2.75,2.12,2.5,2.75,2.25,2.5,1.38,1.5,2.25,2.12,3.88,1.12,3.75,2.0,1.0,3.0,3.0,2.25,2.88,2.0,2.0,1.5,2.25,3.12
45-2092.00,45-2092,"Farmworkers and Laborers, Crop, Nursery, and Greenhouse","Manually plant, cultivate, and harvest vegetables, fruits, nuts, horticultural specialties, and field crops. Use hand tools, such as shovels, trowels, hoes, tampers, pruning hooks, shears, and knives. Duties may include tilling soil and applying fertilizers; transplanting, weeding, thinning, or pruning crops; applying pesticides; or cleaning, grading, sorting, packing, and loading harvested products. May construct trellises, repair fences and farm buildings, or participate in irrigation activities.",35660.0,265500.0,0.0345188284518828,0.813735691987513,0.4241272602196979,7.0,2.32,1.28,1.86,2.37,3.36,2.0,3.00979902009799,24.87,2.62,2.88,2.75,2.12,2.75,1.25,3.0,2.75,2.38,2.5,2.25,2.38,1.88,2.0,2.38,2.12,2.75,1.5,3.0,2.5,1.62,2.62,2.75,2.38,2.75,2.5,2.38,1.5,2.75,2.62
45-2093.00,45-2093,"Farmworkers, Farm, Ranch, and Aquacultural Animals","Attend to live farm, ranch, open range or aquacultural animals that may include cattle, sheep, swine, goats, horses and other equines, poultry, rabbits, finfish, shellfish, and bees. Attend to animals produced for animal products, such as meat, fur, skins, feathers, eggs, milk, and honey. Duties may include feeding, watering, herding, grazing, milking, castrating, branding, de-beaking, weighing, catching, and loading animals. May maintain records on animals; examine animals to detect diseases and injuries; assist in birth deliveries; and administer medications, vaccinations, or insecticides as appropriate. May clean and maintain animal housing areas. Includes workers who shear wool from sheep and collect eggs in hatcheries.",36670.0,32810.0,0.0507322175732217,0.4016649323621228,0.2261985749676723,6.78,2.66,1.42,2.5,1.92,2.95,2.0,2.9699,0.23,2.88,3.12,3.38,2.12,3.0,1.88,3.0,2.62,3.0,3.0,2.38,3.12,1.75,2.0,2.5,2.12,3.12,1.38,3.12,2.5,1.0,2.88,2.75,2.38,2.62,2.25,2.25,1.38,2.88,3.0
45-2099.00,45-2099,"Agricultural Workers, All Other",All agricultural workers not listed separately.,39850.0,3620.0,0.100418410041841,0.0582726326742976,0.0793455213580693,,,,,,,,,,,,,,,,,,,,,,,,,,,,,,,,,,,,,,,
45-3031.00,45-3031,Fishing and Hunting Workers,"Hunt, trap, catch, or gather wild animals or aquatic animals and plants. May use nets, traps, or other equipment. May haul catch onto ship or other vessel.",,,,,,7.0,2.27,1.06,1.03,1.99,3.29,2.0,2.1,5.0,2.5,2.75,3.12,2.12,2.75,1.62,3.0,2.25,2.75,3.12,2.75,3.12,2.12,2.5,2.62,2.12,2.62,1.25,2.62,2.12,1.12,2.25,2.25,2.25,2.62,2.38,2.12,1.5,2.88,2.62
45-4011.00,45-4011,Forest and Conservation Workers,"Under supervision, perform manual labor necessary to develop, maintain, or protect areas such as forests, forested areas, woodlands, wetlands, and rangelands through such activities as raising and transporting seedlings; combating insects, pests, and diseases harmful to plant life; and building structures to control water, erosion, and leaching of soil. Includes forester aides, seedling pullers, tree planters, and gatherers of nontimber forestry products such as pine straw.",43680.0,6050.0,0.1527196652719665,0.0946930280957336,0.12370634668385,7.0,3.33,1.0,2.71,3.03,4.07,2.0,4.2845,42.8,3.0,3.0,3.12,2.12,3.0,2.0,3.0,2.62,2.88,3.0,2.25,3.0,1.38,1.62,2.12,2.0,2.62,1.25,2.75,2.38,1.38,2.12,2.12,2.38,2.75,2.25,2.0,1.38,2.88,2.12
45-4021.00,45-4021,Fallers,Use axes or chainsaws to fell trees using knowledge of tree characteristics and cutting techniques to control direction of fall and minimize tree damage.,52100.0,3130.0,0.3331589958158996,0.0468262226847034,0.1899926092503015,7.0,2.48,1.13,1.92,1.57,3.32,2.0,1.4418,0.0,2.38,2.88,3.25,2.38,2.0,1.75,2.62,1.88,2.62,2.5,2.0,3.0,1.88,1.88,2.0,2.0,3.38,2.12,3.25,2.25,1.0,2.62,2.75,2.12,2.25,1.12,2.0,1.0,2.5,2.75
45-4022.00,45-4022,Logging Equipment Operators,"Drive logging tractor or wheeled vehicle equipped with one or more accessories, such as bulldozer blade, frontal shear, grapple, logging arch, cable winches, hoisting rack, or crane boom, to fell tree; to skid, load, unload, or stack logs; or to pull stumps or clear brush. Includes operating stand-alone logging machines, such as log chippers.",49740.0,21060.0,0.2876569037656903,0.3048907388137357,0.296273821289713,6.83,1.81,1.0,1.11,1.1,4.4,2.0,1.4547,0.0,2.25,3.0,2.88,2.38,2.5,1.5,2.75,2.75,2.88,2.75,2.25,2.88,1.75,1.88,2.25,2.25,4.0,1.5,3.75,2.38,1.0,3.0,2.88,2.25,2.75,2.38,2.25,1.25,2.88,3.0
45-4023.00,45-4023,Log Graders and Scalers,"Grade logs or estimate the marketable content or value of logs or pulpwood in sorting yards, millpond, log deck, or similar locations. Inspect logs for defects or measure logs to determine volume.",46330.0,3070.0,0.1982217573221757,0.0447450572320499,0.1214834072771128,4.98,2.37,1.0,1.1,1.76,6.31,2.0,2.2897,0.0,3.0,3.25,3.25,2.75,2.88,1.75,3.12,3.0,2.88,3.0,2.5,3.0,1.75,1.88,2.38,2.62,2.75,1.62,2.88,2.75,1.5,2.5,1.38,2.62,2.75,2.5,2.12,1.38,2.88,2.0
45-4029.00,45-4029,"Logging Workers, All Other",All logging workers not listed separately.,50840.0,1700.0,0.3138075313807531,0.023933402705515,0.1688704670431341,,,,,,,,,,,,,,,,,,,,,,,,,,,,,,,,,,,,,,,
47-1011.00,47-1011,First-Line Supervisors of Construction Trades and Extraction Workers,Directly supervise and coordinate activities of construction or extraction workers.,79920.0,812210.0,0.6595188284518828,0.9422476586888656,0.8008832435703743,4.67,1.9,1.0,2.92,6.0,4.95,3.0,2.9837983798379843,10.49,3.0,3.75,3.62,2.75,3.38,1.62,3.75,3.0,3.12,3.88,3.0,3.25,2.0,2.12,3.62,3.0,2.88,2.5,2.88,3.0,1.25,3.0,2.0,2.88,3.12,2.88,2.88,1.5,3.38,2.12
47-1011.03,47-1011,Solar Energy Installation Managers,Direct work crews installing residential or commercial solar photovoltaic or thermal systems.,79920.0,812210.0,0.6595188284518828,0.9422476586888656,0.8008832435703743,5.86,2.65,1.27,1.74,4.85,4.19,3.0,2.573357335733573,6.29,3.0,3.5,3.5,2.75,3.62,1.88,3.62,3.0,3.12,3.75,3.38,3.25,2.75,2.88,3.75,3.12,2.75,2.0,3.0,3.38,1.5,3.12,2.12,3.12,3.12,3.0,3.0,1.88,3.75,2.5
47-2011.00,47-2011,Boilermakers,"Construct, assemble, maintain, and repair stationary steam boilers and boiler house auxiliaries. Align structures or plate sections to assemble boiler frame tanks or vats, following blueprints. Work involves use of hand and power tools, plumb bobs, levels, wedges, dogs, or turnbuckles. Assist in testing assembled vessels. Direct cleaning of boilers and boiler furnaces. Inspect and repair boiler fittings, such as safety valves, regulators, automatic-control mechanisms, water columns, and auxiliary machines.",76410.0,10190.0,0.6098326359832636,0.1540062434963579,0.3819194397398108,7.0,2.31,1.0,1.0,1.0,3.72,2.0,2.6393360663933607,0.0,3.0,3.0,3.5,2.12,3.0,1.75,3.0,2.62,3.0,2.88,2.62,3.0,1.62,1.75,2.0,2.0,3.75,2.75,4.0,2.0,1.12,3.12,3.12,2.5,2.75,2.12,2.0,1.62,3.0,3.12
47-2021.00,47-2021,Brickmasons and Blockmasons,"Lay and bind building materials, such as brick, structural tile, concrete block, cinder block, glass block, and terra-cotta block, with mortar and other substances, to construct or repair walls, partitions, arches, sewers, and other structures.",62120.0,52550.0,0.452928870292887,0.5015608740894901,0.4772448721911886,6.95,2.02,1.67,1.11,1.21,3.82,2.0,2.2141214121412136,0.0,2.88,3.0,3.12,2.88,2.75,1.75,3.0,2.25,2.88,3.12,2.25,2.88,1.88,2.0,2.25,2.25,2.62,2.12,3.0,2.5,1.0,3.0,2.0,2.25,2.75,2.12,2.0,1.62,3.0,2.0
47-2022.00,47-2022,Stonemasons,"Build stone structures, such as piers, walls, and abutments. Lay walks, curbstones, or special types of masonry for vats, tanks, and floors.",57390.0,7820.0,0.3854602510460251,0.1155046826222684,0.2504824668341467,7.0,2.14,2.9,1.86,1.29,3.0,2.0,1.5792000000000002,0.0,2.75,3.0,3.5,3.0,3.0,1.62,3.0,2.62,3.25,3.12,2.62,3.25,1.62,2.25,2.88,2.62,2.88,1.75,3.12,2.62,1.0,2.75,2.25,2.62,2.62,2.62,2.25,1.88,3.25,2.25
47-2031.00,47-2031,Carpenters,"Construct, erect, install, or repair structures and fixtures made of wood and comparable materials, such as concrete forms; building frameworks, including partitions, joists, studding, and rafters; and wood stairways, window and door frames, and hardwood floors. May also install cabinets, siding, drywall, and batt or roll insulation. Includes brattice builders who build doors or brattices (ventilation walls or partitions) in underground passageways.",60580.0,670090.0,0.4330543933054393,0.9302809573361084,0.6816676753207738,6.75,1.91,2.18,1.9,1.79,3.46,2.0,2.2055,0.0,3.0,3.38,3.38,3.0,3.12,1.38,3.12,2.88,3.0,3.25,2.62,3.0,1.88,2.38,2.62,2.5,2.88,1.75,2.88,2.5,1.5,3.12,2.38,2.75,2.75,2.5,2.62,1.75,3.0,2.38
47-2041.00,47-2041,Carpet Installers,Lay and install carpet from rolls or blocks on floors. Install padding and trim flooring materials.,50340.0,13780.0,0.3038702928870292,0.2122788761706555,0.2580745845288424,7.0,1.13,1.94,1.29,1.0,3.5,2.0,1.9328,0.0,2.62,2.88,3.0,3.0,2.62,1.0,2.88,2.0,2.75,3.12,2.5,2.88,1.5,2.0,2.5,2.25,2.5,2.0,2.62,2.38,1.0,3.0,1.88,2.62,2.88,2.0,2.12,1.62,3.0,2.12
47-2042.00,47-2042,"Floor Layers, Except Carpet, Wood, and Hard Tiles","Apply blocks, strips, or sheets of shock-absorbing, sound-deadening, or decorative coverings to floors.",56460.0,23640.0,0.3744769874476987,0.3381893860561915,0.3563331867519451,7.0,1.39,1.83,1.56,1.0,3.68,2.0,1.993899389938994,0.0,2.75,3.12,2.88,2.12,2.38,1.25,3.12,2.38,2.75,2.88,2.38,2.88,1.12,1.25,2.38,2.5,2.38,1.88,2.25,2.38,1.0,2.0,1.0,2.38,2.88,1.75,1.75,1.25,2.88,1.62
47-2043.00,47-2043,Floor Sanders and Finishers,"Scrape and sand wooden floors to smooth surfaces using floor scraper and floor sanding machine, and apply coats of finish.",50440.0,3720.0,0.3064853556485356,0.0613943808532778,0.1839398682509067,7.0,1.39,1.37,1.43,1.54,3.33,2.0,1.745,0.0,2.62,3.0,2.75,2.0,2.62,1.12,2.75,2.12,2.75,3.0,2.12,2.62,1.38,1.62,1.88,2.0,3.12,1.38,2.88,2.12,1.0,2.62,2.12,2.5,2.38,2.0,2.0,1.38,2.88,2.12
47-2044.00,47-2044,Tile and Stone Setters,"Apply hard tile, stone, and comparable materials to walls, floors, ceilings, countertops, and roof decks.",55690.0,35850.0,0.3682008368200837,0.4287200832466181,0.3984604600333509,7.0,1.47,2.53,1.34,1.0,3.66,2.0,1.8899,0.0,2.38,3.12,3.0,3.0,2.88,1.12,3.0,2.0,3.0,3.0,2.62,2.75,1.5,2.0,2.25,2.38,2.25,1.75,2.5,2.25,1.0,2.62,2.0,2.62,2.5,2.12,2.0,1.62,3.0,2.0
47-2051.00,47-2051,Cement Masons and Concrete Finishers,"Smooth and finish surfaces of poured concrete, such as floors, walks, sidewalks, roads, or curbs using a variety of hand and power tools. Align forms for sidewalks, curbs, or gutters; patch voids; and use saws to cut expansion joints.",57020.0,206170.0,0.3828451882845188,0.7783558792924038,0.5806005337884613,7.0,2.29,1.66,1.0,1.0,3.27,2.0,1.6280628062806282,0.0,2.12,3.0,3.0,2.62,2.38,1.25,3.12,2.0,3.0,3.12,2.5,3.0,1.75,1.88,2.5,2.0,2.88,1.38,2.75,2.12,1.12,3.12,1.88,2.25,2.5,2.0,2.0,1.75,3.12,2.38
47-2053.00,47-2053,Terrazzo Workers and Finishers,"Apply a mixture of cement, sand, pigment, or marble chips to floors, stairways, and cabinet fixtures to fashion durable and decorative surfaces.",76170.0,1180.0,0.602510460251046,0.0114464099895941,0.3069784351203201,7.0,1.8,1.93,1.0,1.0,3.28,2.0,2.080791920807919,0.0,2.38,2.5,2.62,2.38,2.12,1.62,2.88,1.88,2.62,3.0,2.12,2.88,1.62,1.88,2.12,1.88,2.75,1.88,2.75,2.0,1.0,3.0,2.0,2.38,2.62,2.0,1.88,1.38,2.75,2.12
47-2061.00,47-2061,Construction Laborers,"Perform tasks involving physical labor at construction sites. May operate hand and power tools of all types: air hammers, earth tampers, cement mixers, small mechanical hoists, surveying and measuring equipment, and a variety of other equipment and instruments. May clean and prepare sites, dig trenches, set braces to support the sides of excavations, erect scaffolding, and clean up rubble, debris, and other waste materials. May assist other craft workers.",47120.0,1096780.0,0.2186192468619247,0.9667013527575442,0.5926602998097344,7.0,2.68,1.38,1.23,1.35,3.61,2.0,2.0922,0.0,2.12,3.12,2.75,2.0,2.75,1.5,3.25,2.25,2.75,3.12,2.12,2.38,1.5,1.62,2.0,2.0,3.12,1.62,3.0,2.0,1.0,2.12,2.25,2.12,2.62,1.88,2.0,1.5,2.5,2.25
47-2071.00,47-2071,"Paving, Surfacing, and Tamping Equipment Operators","Operate equipment used for applying concrete, asphalt, or other materials to road beds, parking lots, or airport runways and taxiways or for tamping gravel, dirt, or other materials. Includes concrete and asphalt paving machine operators, form tampers, tamping machine operators, and stone spreader operators.",53340.0,41820.0,0.348326359832636,0.4609781477627471,0.4046522537976915,7.0,1.72,1.0,1.0,1.0,3.69,2.0,1.7960000000000005,0.0,2.62,2.88,3.0,2.0,2.5,1.12,2.88,1.88,2.62,3.0,2.0,2.88,1.5,1.5,1.88,1.88,3.38,1.5,3.62,1.88,1.0,2.75,3.0,2.0,2.5,2.12,2.12,1.62,2.75,3.0
47-2072.00,47-2072,Pile Driver Operators,"Operate pile drivers mounted on skids, barges, crawler treads, or locomotive cranes to drive pilings for retaining walls, bulkheads, and foundations of structures such as buildings, bridges, and piers.",73300.0,2310.0,0.5721757322175732,0.0301768990634755,0.3011763156405244,7.0,1.94,1.0,1.02,1.15,3.61,2.0,2.1811818818118187,0.0,2.0,3.0,2.88,2.12,2.5,1.38,2.75,2.25,2.75,3.0,2.12,2.75,1.5,1.75,1.88,1.88,4.12,1.12,4.0,1.88,1.0,2.88,2.75,2.0,2.5,2.0,2.0,1.5,2.88,3.12
47-2073.00,47-2073,Operating Engineers and Other Construction Equipment Operators,"Operate one or several types of power construction equipment, such as motor graders, bulldozers, scrapers, compressors, pumps, derricks, shovels, tractors, or front-end loaders to excavate, move, and grade earth, erect structures, or pour concrete or other hard surface pavement. May repair and maintain equipment in addition to other duties.",59850.0,478090.0,0.4225941422594142,0.9042663891779396,0.6634302657186769,7.0,2.93,1.0,1.14,1.26,3.88,2.0,2.3184,0.0,2.88,3.0,2.88,2.0,2.88,1.5,2.88,2.0,2.88,2.88,2.38,2.88,1.75,1.88,2.12,2.0,4.12,1.75,3.25,2.25,1.12,2.88,2.88,2.25,2.75,2.0,2.0,1.75,3.0,3.0
47-2081.00,47-2081,Drywall and Ceiling Tile Installers,"Apply plasterboard or other wallboard to ceilings or interior walls of buildings. Apply or mount acoustical tiles or blocks, strips, or sheets of shock-absorbing materials to ceilings and walls of buildings to reduce or reflect sound. Materials may be of decorative quality. Includes lathers who fasten wooden, metal, or rockboard lath to walls, ceilings, or partitions of buildings to provide support base for plaster, fireproofing, or acoustical material.",58930.0,83080.0,0.4100418410041841,0.595213319458897,0.5026275802315405,7.0,1.96,2.3,1.18,1.0,3.14,2.0,2.1601,4.82,2.12,2.75,3.0,2.25,2.75,1.12,2.88,2.12,2.62,2.88,2.12,2.88,1.62,1.75,2.0,1.75,2.5,1.88,2.5,2.0,1.0,2.5,1.62,2.0,2.5,2.0,2.0,1.75,2.88,2.0
47-2082.00,47-2082,Tapers,Seal joints between plasterboard or other wallboard to prepare wall surface for painting or papering.,68270.0,12840.0,0.5329497907949791,0.196149843912591,0.364549817353785,6.49,1.64,1.73,1.45,1.08,3.44,2.0,1.9629,0.0,2.25,2.88,2.62,1.62,2.25,1.12,2.88,2.0,2.12,2.5,2.12,2.38,1.0,1.62,2.12,2.0,2.12,1.75,2.25,2.0,1.0,2.12,1.5,2.12,2.62,2.0,2.0,1.12,2.75,2.0
47-2111.00,47-2111,Electricians,"Install, maintain, and repair electrical wiring, equipment, and fixtures. Ensure that work is in accordance with relevant codes. May install or service street lights, intercom systems, or electrical control systems.",63190.0,757220.0,0.4728033472803347,0.9396462018730488,0.7062247745766919,7.0,2.7,1.24,1.32,1.81,4.09,3.0,2.7986201379862017,1.31,3.25,3.38,3.38,3.0,3.12,2.0,3.38,3.0,3.12,3.12,3.0,3.25,2.38,2.38,2.88,2.25,3.0,2.75,3.12,3.0,1.0,3.25,3.5,3.0,2.88,3.0,2.88,2.12,3.0,4.0
47-2121.00,47-2121,Glaziers,"Install glass in windows, skylights, store fronts, and display cases, or on surfaces, such as building fronts, interior walls, ceilings, and tabletops.",57080.0,58480.0,0.3838912133891213,0.5244536940686785,0.4541724537288999,6.32,2.09,2.33,1.68,1.67,3.59,2.0,1.923907609239076,0.0,2.25,2.88,3.0,2.0,3.0,1.5,3.0,2.25,2.88,3.0,2.12,2.88,1.88,1.88,2.12,2.12,2.88,1.75,2.88,2.25,1.0,2.25,1.88,2.5,2.88,2.0,2.0,1.75,3.0,2.0
47-2131.00,47-2131,"Insulation Workers, Floor, Ceiling, and Wall","Line and cover structures with insulating materials. May work with batt, roll, or blown insulation materials.",49120.0,44440.0,0.2719665271966527,0.4703433922996878,0.3711549597481702,6.78,1.78,1.3,1.05,1.0,3.97,2.0,1.7305,0.0,2.62,3.0,3.0,2.25,2.62,1.0,3.0,2.12,2.75,2.88,2.25,2.62,2.0,2.0,2.12,2.5,3.0,1.88,2.88,2.62,1.0,2.62,2.12,2.38,2.75,2.0,2.0,1.75,2.75,2.38
47-2132.00,47-2132,"Insulation Workers, Mechanical","Apply insulating materials to pipes or ductwork, or other mechanical systems in order to help control and maintain temperature.",58340.0,25660.0,0.3985355648535565,0.3537981269510926,0.3761668459023245,6.92,2.42,1.0,1.24,1.0,4.25,2.0,2.1327867213278675,0.0,2.75,3.0,3.0,2.12,2.75,1.38,2.88,2.0,2.62,3.0,2.5,2.88,1.38,1.75,2.25,2.12,2.62,1.88,2.75,2.0,1.0,2.75,1.38,2.12,2.62,2.0,2.0,1.5,3.0,2.12
47-2141.00,47-2141,"Painters, Construction and Maintenance","Paint walls, equipment, buildings, bridges, and other structural surfaces, using brushes, rollers, and spray guns. May remove old paint to prepare surface prior to painting. May mix colors or oils to obtain desired color or consistency.",49400.0,225190.0,0.2771966527196652,0.7908428720083247,0.534019762363995,7.0,1.47,2.51,1.26,1.0,3.5,2.0,2.3536,1.85,2.0,3.0,3.0,2.0,2.75,1.5,2.38,2.0,1.88,2.88,2.0,2.75,1.75,1.88,2.0,1.88,2.0,1.62,2.0,2.0,1.0,2.0,1.62,2.38,2.88,1.88,2.0,1.38,3.0,1.88
47-2142.00,47-2142,Paperhangers,"Cover interior walls or ceilings of rooms with decorative wallpaper or fabric, or attach advertising posters on surfaces such as walls and billboards. May remove old materials or prepare surfaces to be papered.",52140.0,1570.0,0.3357740585774058,0.0218522372528616,0.1788131479151337,5.86,1.0,2.97,1.58,1.14,3.9,2.0,2.1627,0.0,2.0,3.0,2.88,2.0,2.38,1.25,3.0,2.0,2.75,3.0,2.0,2.75,1.25,1.5,2.12,2.0,2.38,1.38,2.38,2.12,1.0,2.25,1.0,2.38,2.62,1.62,1.62,1.25,2.88,2.0
47-2151.00,47-2151,Pipelayers,"Lay pipe for storm or sanitation sewers, drains, and water mains. Perform any combination of the following tasks: grade trenches or culverts, position pipe, or seal joints.",49000.0,33050.0,0.2677824267782426,0.4037460978147763,0.3357642622965094,7.0,2.43,1.0,1.3,1.14,3.54,2.0,1.3632,0.0,2.0,3.0,3.0,2.0,2.88,1.0,3.0,2.0,2.38,3.0,2.0,2.88,1.5,1.5,2.0,2.0,3.12,1.0,3.0,2.0,1.0,3.0,2.75,2.0,2.62,2.0,1.88,1.62,2.88,2.75
47-2152.00,47-2152,"Plumbers, Pipefitters, and Steamfitters","Assemble, install, alter, and repair pipelines or pipe systems that carry water, steam, air, or other liquids or gases. May install heating and cooling equipment and mechanical control systems. Includes sprinkler fitters.",63800.0,465840.0,0.479602510460251,0.9006243496357961,0.6901134300480236,7.0,2.2,1.0,1.16,1.0,3.72,3.0,2.7259274072592743,0.0,2.62,2.88,3.5,2.62,2.88,1.75,3.0,2.75,3.0,3.0,2.62,3.25,1.88,1.88,2.5,2.0,3.0,1.75,3.0,2.25,1.5,2.75,3.25,2.75,2.75,2.88,2.88,1.88,3.0,3.25
47-2152.04,47-2152,Solar Thermal Installers and Technicians,"Install or repair solar energy systems designed to collect, store, and circulate solar-heated water for residential, commercial or industrial use.",63800.0,465840.0,0.479602510460251,0.9006243496357961,0.6901134300480236,7.0,2.69,1.13,1.7,1.6,3.66,3.0,3.6403,22.46,3.0,3.25,3.25,2.5,3.38,1.5,3.25,2.88,3.0,2.88,3.0,3.12,1.75,1.88,2.38,2.75,2.88,1.75,3.25,2.75,1.62,3.38,2.88,3.0,2.88,2.75,2.75,2.25,3.12,3.12
47-2161.00,47-2161,Plasterers and Stucco Masons,"Apply interior or exterior plaster, cement, stucco, or similar materials. May also set ornamental plaster.",57660.0,19310.0,0.3901673640167364,0.2840790842872008,0.3371232241519686,7.0,1.56,2.56,1.38,1.05,3.3,2.0,1.3893,0.0,2.75,3.0,2.75,2.0,2.75,1.12,2.88,2.12,2.75,2.88,2.5,2.75,1.88,2.25,2.62,2.25,2.75,1.88,2.88,2.25,1.0,3.0,1.62,2.88,2.75,2.12,2.12,1.75,3.0,2.12
47-2171.00,47-2171,Reinforcing Iron and Rebar Workers,"Position and secure steel bars or mesh in concrete forms in order to reinforce concrete. Use a variety of fasteners, rod-bending machines, blowtorches, and hand tools. Includes rod busters.",58970.0,13800.0,0.4121338912133891,0.2138397502601456,0.3129868207367674,7.0,2.18,1.12,1.2,1.33,3.5,2.0,1.9302,0.0,2.38,2.62,3.0,2.38,2.62,1.25,2.62,1.88,2.75,3.12,2.25,2.88,1.62,1.75,2.12,1.88,2.88,1.88,2.75,1.88,1.0,2.62,1.62,2.0,2.5,2.12,1.88,1.75,2.75,2.0
47-2181.00,47-2181,Roofers,"Cover roofs of structures with shingles, slate, asphalt, aluminum, wood, or related materials. May spray roofs, sidings, and walls with material to bind, seal, insulate, or soundproof sections of structures.",55440.0,135490.0,0.3650627615062761,0.6867845993756504,0.5259236804409633,7.0,1.3,1.21,1.48,1.59,3.54,2.0,2.5864172834566914,6.58,2.62,3.12,3.12,2.25,2.75,1.25,3.0,2.0,2.88,3.62,2.5,2.75,1.88,2.0,2.12,2.0,3.0,1.75,3.0,2.25,1.0,2.38,1.75,2.38,2.75,2.0,2.0,1.75,3.0,2.12
47-2211.00,47-2211,Sheet Metal Workers,"Fabricate, assemble, install, and repair sheet metal products and equipment, such as ducts, control boxes, drainpipes, and furnace casings. Work may involve any of the following: setting up and operating fabricating machines to cut, bend, and straighten sheet metal; shaping metal over anvils, blocks, or forms using hammer; operating soldering and welding equipment to join sheet metal parts; or inspecting, assembling, and smoothing seams and joints of burred surfaces. Includes sheet metal duct installers who install prefabricated sheet metal ducts used for heating, air conditioning, or other purposes.",61800.0,119770.0,0.4476987447698745,0.6690946930280958,0.5583967188989851,7.0,2.07,1.55,1.0,1.0,3.58,2.0,2.366063393660634,0.0,2.88,3.0,3.12,3.0,3.12,1.62,3.0,2.25,2.88,3.12,2.88,3.0,1.5,1.75,2.62,2.12,2.88,2.12,2.88,2.12,1.38,2.75,2.88,2.25,2.5,2.38,2.25,1.75,3.0,2.88
47-2221.00,47-2221,Structural Iron and Steel Workers,"Raise, place, and unite iron or steel girders, columns, and other structural members to form completed structures or structural frameworks. May erect metal storage tanks and assemble prefabricated metal buildings.",62780.0,68380.0,0.4696652719665272,0.5577523413111343,0.5137088066388307,7.0,2.79,1.41,1.17,1.24,3.73,2.0,2.106989301069893,5.03,3.0,3.12,3.12,2.12,2.75,1.12,3.0,2.25,3.0,3.62,2.88,3.0,1.75,2.0,2.88,2.12,3.62,2.0,3.62,2.38,1.0,3.0,2.25,2.75,2.88,2.0,2.0,2.0,3.0,2.5
47-2231.00,47-2231,Solar Photovoltaic Installers,"Assemble, install, or maintain solar photovoltaic (PV) systems on roofs or other structures in compliance with site assessment and schematics. May include measuring, cutting, assembling, and bolting structural framing and solar modules. May perform minor electrical work such as current checks.",53140.0,31350.0,0.3472803347280335,0.3943808532778355,0.3708305940029345,7.0,2.65,1.39,1.19,1.73,4.08,2.0,2.984301569843016,15.04,3.0,3.12,3.25,2.62,3.0,1.88,2.88,2.25,3.0,3.0,2.62,3.12,2.0,2.25,2.62,2.25,2.62,1.88,3.12,2.62,1.5,3.12,2.62,2.5,2.75,2.75,2.75,1.88,3.0,3.0
47-3011.00,47-3011,"Helpers--Brickmasons, Blockmasons, Stonemasons, and Tile and Marble Setters","Help brickmasons, blockmasons, stonemasons, or tile and marble setters by performing duties requiring less skill. Duties include using, supplying, or holding materials or tools, and cleaning work area and equipment.",47550.0,14170.0,0.2290794979079498,0.2247658688865765,0.2269226833972631,7.0,1.35,1.57,1.88,1.0,3.33,2.0,2.3722,6.23,2.38,2.88,3.0,2.25,2.38,1.25,2.75,2.0,2.62,3.0,2.5,2.88,1.62,1.88,1.88,1.88,3.0,1.88,2.75,1.88,1.0,2.5,2.25,2.0,2.75,2.0,2.0,1.88,3.0,2.75
47-3012.00,47-3012,Helpers--Carpenters,"Help carpenters by performing duties requiring less skill. Duties include using, supplying, or holding materials or tools, and cleaning work area and equipment.",43780.0,21680.0,0.153765690376569,0.3173777315296566,0.2355717109531128,6.91,1.29,1.4,2.14,1.61,3.46,2.0,2.1367000000000003,0.0,2.88,3.0,3.0,2.38,2.88,1.0,3.0,2.25,3.0,3.0,2.38,2.88,1.88,2.0,2.0,2.12,2.25,1.62,2.88,2.25,1.0,2.38,2.62,2.25,3.0,2.0,2.0,1.88,2.88,2.25
47-3013.00,47-3013,Helpers--Electricians,"Help electricians by performing duties requiring less skill. Duties include using, supplying, or holding materials or tools, and cleaning work area and equipment.",42670.0,63630.0,0.1385983263598326,0.5390218522372529,0.3388100892985427,7.0,2.21,1.0,2.05,1.0,3.94,2.0,2.1719,1.3,2.88,3.25,3.12,2.12,2.5,1.88,3.12,2.38,2.88,3.0,2.25,3.0,1.5,2.0,2.0,2.0,2.62,1.62,2.88,2.12,1.25,3.0,2.88,2.25,2.5,2.0,2.0,1.25,2.75,3.0
47-3014.00,47-3014,"Helpers--Painters, Paperhangers, Plasterers, and Stucco Masons","Help painters, paperhangers, plasterers, or stucco masons by performing duties requiring less skill. Duties include using, supplying, or holding materials or tools, and cleaning work area and equipment.",40470.0,7490.0,0.1098326359832636,0.1123829344432882,0.1111077852132759,6.52,1.11,1.78,2.43,1.36,3.47,2.0,1.4062,0.0,2.38,2.88,2.75,1.12,2.12,1.12,3.0,2.0,2.38,3.0,2.25,2.5,1.0,1.12,2.12,2.25,2.12,1.0,2.62,2.25,1.0,2.62,2.5,2.5,2.62,2.0,1.88,1.0,2.75,2.5
47-3015.00,47-3015,"Helpers--Pipelayers, Plumbers, Pipefitters, and Steamfitters","Help plumbers, pipefitters, steamfitters, or pipelayers by performing duties requiring less skill. Duties include using, supplying, or holding materials or tools, and cleaning work area and equipment.",42360.0,44330.0,0.1328451882845188,0.469302809573361,0.3010739989289399,6.96,1.37,1.0,1.86,1.25,3.66,2.0,2.977397739773977,9.69,2.62,2.88,2.88,2.25,2.38,1.12,2.5,2.0,2.62,2.75,2.0,2.88,1.62,2.12,1.88,2.0,2.38,1.25,2.25,2.0,1.0,2.12,2.62,2.38,2.5,1.88,1.75,1.62,2.5,2.38
47-3016.00,47-3016,Helpers--Roofers,"Help roofers by performing duties requiring less skill. Duties include using, supplying, or holding materials or tools, and cleaning work area and equipment.",44160.0,6030.0,0.1579497907949791,0.0936524453694068,0.1258011180821929,6.95,1.0,1.0,1.96,1.41,3.61,2.0,3.432343234323432,16.01,2.62,3.0,2.88,2.25,2.38,1.0,2.88,2.25,2.62,3.25,2.38,2.75,1.62,2.0,2.25,2.12,2.0,1.0,2.38,2.0,1.38,2.88,2.25,2.62,2.62,2.25,2.12,1.62,2.62,2.38
47-3019.00,47-3019,"Helpers, Construction Trades, All Other",All construction trades helpers not listed separately.,42670.0,24770.0,0.1385983263598326,0.3465140478668054,0.242556187113319,,,,,,,,,,,,,,,,,,,,,,,,,,,,,,,,,,,,,,,
47-4011.00,47-4011,Construction and Building Inspectors,"Inspect structures using engineering skills to determine structural soundness and compliance with specifications, building codes, and other regulations. Inspections may be general in nature or may be limited to a specific area, such as electrical systems or plumbing.",74690.0,146720.0,0.5883891213389121,0.7060353798126952,0.6472122505758036,6.17,4.1,1.22,1.46,2.15,5.41,3.0,3.44,20.0,3.12,3.75,3.88,3.0,4.0,2.5,3.75,3.12,3.38,2.88,3.0,3.38,1.5,1.88,2.88,3.0,1.88,2.0,2.75,3.12,1.62,3.0,1.0,2.62,3.0,3.0,3.25,1.75,3.25,1.88
47-4011.01,47-4011,Energy Auditors,"Conduct energy audits of buildings, building systems, or process systems. May also conduct investment grade audits of buildings or systems.",74690.0,146720.0,0.5883891213389121,0.7060353798126952,0.6472122505758036,4.53,4.17,1.0,1.89,3.34,5.93,3.0,3.3794,24.14,3.12,3.75,3.75,3.38,3.88,2.75,3.88,3.62,3.25,3.0,2.88,3.62,1.75,1.88,2.5,2.88,2.62,2.88,3.0,3.0,1.5,2.88,1.25,3.0,2.88,3.12,3.12,2.0,3.0,2.25
47-4021.00,47-4021,Elevator and Escalator Installers and Repairers,"Assemble, install, repair, or maintain electric or hydraulic freight or passenger elevators, escalators, or dumbwaiters.",109910.0,23790.0,0.8462343096234309,0.3392299687825182,0.5927321392029745,7.0,2.44,1.0,1.38,1.22,3.92,3.0,2.631,0.34,3.12,3.38,3.62,2.25,3.12,1.88,3.0,2.75,3.38,3.0,2.25,3.38,1.62,1.75,2.12,2.0,3.25,1.62,3.62,2.38,1.38,3.5,4.0,2.5,2.62,3.12,3.0,1.88,3.0,4.0
47-4031.00,47-4031,Fence Erectors,"Erect and repair fences and fence gates, using hand and power tools.",47980.0,24480.0,0.2405857740585774,0.3423517169614984,0.2914687455100379,7.0,2.08,1.35,1.35,1.0,3.68,2.0,2.1575157515751577,0.0,2.25,3.0,3.0,2.25,2.5,1.12,3.0,2.0,2.62,3.0,2.25,2.88,1.75,2.0,2.25,2.0,2.88,1.75,2.88,2.0,1.0,2.62,2.0,2.25,2.62,2.12,2.0,1.5,3.0,2.0
47-4041.00,47-4041,Hazardous Materials Removal Workers,"Identify, remove, pack, transport, or dispose of hazardous materials, including asbestos, lead-based paint, waste oil, fuel, transmission fluid, radioactive materials, or contaminated soil. Specialized training and certification in hazardous materials handling or a confined entry permit are generally required. May operate earth-moving equipment or trucks.",49450.0,51710.0,0.2782426778242677,0.4942767950052029,0.3862597364147353,7.0,2.57,1.0,1.48,1.19,4.36,3.0,2.8186818681868187,13.76,3.0,3.25,3.5,2.0,3.12,2.0,3.12,3.0,3.0,3.0,2.88,3.0,1.88,2.0,2.62,2.75,3.38,1.75,3.25,2.88,1.25,3.0,2.25,2.88,3.0,2.75,2.12,1.5,3.0,2.88
47-4051.00,47-4051,Highway Maintenance Workers,"Maintain highways, municipal and rural roads, airport runways, and rights-of-way. Duties include patching broken or eroded pavement and repairing guard rails, highway markers, and snow fences. May also mow or clear brush from along road, or plow snow from roadway.",50260.0,154960.0,0.2960251046025104,0.7263267429760666,0.5111759237892886,7.0,1.7,1.04,1.77,1.47,3.52,2.0,2.1143,0.0,2.38,3.0,2.88,2.12,2.75,1.0,3.0,2.12,3.0,3.12,2.38,2.88,1.62,1.62,2.12,2.38,3.62,1.12,3.5,2.5,1.12,2.88,2.38,2.38,2.88,2.0,2.0,1.62,2.75,2.88
47-4061.00,47-4061,Rail-Track Laying and Maintenance Equipment Operators,"Lay, repair, and maintain track for standard or narrow-gauge railroad equipment used in regular railroad service or in plant yards, quarries, sand and gravel pits, and mines. Includes ballast cleaning machine operators and railroad bed tamping machine operators.",70070.0,19580.0,0.5502092050209205,0.2882414151925078,0.4192253101067141,7.0,1.7,1.0,1.0,1.0,4.11,2.0,1.9022,0.0,2.62,3.0,3.12,2.25,2.38,1.25,2.88,2.25,2.88,3.12,2.38,3.0,1.75,1.88,2.5,1.88,3.75,1.75,3.75,2.12,1.0,3.12,3.12,2.25,2.75,2.12,2.12,1.75,3.0,3.25
47-4071.00,47-4071,Septic Tank Servicers and Sewer Pipe Cleaners,"Clean and repair septic tanks, sewer lines, or drains. May patch walls and partitions of tank, replace damaged drain tile, or repair breaks in underground piping.",49880.0,30650.0,0.2887029288702928,0.3902185223725286,0.3394607256214107,7.0,2.07,1.0,1.45,1.19,4.26,2.0,1.8572857285728572,0.0,2.75,3.0,3.12,2.38,2.75,1.25,2.75,2.5,2.88,2.88,2.5,2.75,2.0,2.0,2.38,2.38,3.88,1.5,3.62,2.38,1.0,3.0,3.0,2.75,2.75,2.12,2.25,1.88,3.0,3.0
47-4091.00,47-4091,Segmental Pavers,"Lay out, cut, and place segmental paving units. Includes installers of bedding and restraining materials for the paving units.",,,,,,6.93,1.6,1.97,1.3,1.22,3.4,2.0,2.3238,0.0,2.62,3.5,3.25,2.0,2.75,1.12,3.5,2.62,2.88,3.25,2.88,3.12,1.62,1.62,2.88,2.62,3.12,2.25,3.0,3.0,1.0,2.5,2.25,3.0,3.12,2.25,2.25,1.5,3.0,2.38
47-4099.00,47-4099,"Construction and Related Workers, All Other",All construction and related workers not listed separately.,,,,,,,,,,,,,,,,,,,,,,,,,,,,,,,,,,,,,,,,,,,,
47-4099.03,47-4099,Weatherization Installers and Technicians,"Perform a variety of activities to weatherize homes and make them more energy efficient. Duties include repairing windows, insulating ducts, and performing heating, ventilating, and air-conditioning (HVAC) work. May perform energy audits and advise clients on energy conservation measures.",,,,,,6.01,3.22,1.5,2.31,2.19,4.49,2.0,2.4783,0.0,2.88,3.12,3.25,2.75,3.0,2.0,3.12,2.88,2.88,3.0,2.75,3.25,2.38,2.25,2.75,2.75,3.0,2.12,3.12,2.75,1.62,3.0,2.75,3.0,2.88,3.12,3.0,2.12,3.0,3.0
47-5011.00,47-5011,"Derrick Operators, Oil and Gas",Rig derrick equipment and operate pumps to circulate mud or fluid through drill hole.,58620.0,10590.0,0.403765690376569,0.1618106139438085,0.2827881521601888,7.0,2.54,1.0,1.01,1.64,3.64,2.0,1.4719471947194718,0.0,2.75,3.25,3.5,2.38,2.88,1.25,3.38,2.75,3.25,3.0,2.88,3.12,1.88,2.25,3.0,2.5,3.88,1.38,4.0,2.5,1.0,3.25,3.38,2.38,2.88,2.25,2.5,1.12,2.88,3.25
47-5012.00,47-5012,"Rotary Drill Operators, Oil and Gas","Set up or operate a variety of drills to remove underground oil and gas, or remove core samples for testing during oil and gas exploration.",67890.0,12600.0,0.5271966527196653,0.1893860561914672,0.3582913544555662,7.0,3.04,1.0,1.16,2.2,3.78,2.0,2.579157915791579,8.91,2.88,3.38,3.62,2.38,3.12,1.25,3.25,3.0,3.12,3.25,3.38,3.12,1.25,1.62,2.88,2.88,3.62,1.75,3.62,2.88,1.0,3.0,3.0,2.38,2.88,2.12,2.12,1.38,2.88,3.0
47-5013.00,47-5013,"Service Unit Operators, Oil and Gas","Operate equipment to increase oil flow from producing wells or to remove stuck pipe, casing, tools, or other obstructions from drilling wells. Includes fishing-tool technicians.",58160.0,43140.0,0.3953974895397489,0.4661810613943808,0.4307892754670649,7.0,2.58,1.0,1.2,1.82,4.07,2.0,1.63,0.0,3.0,3.38,3.75,2.75,3.0,1.38,3.0,3.0,3.12,2.88,2.88,3.25,1.88,2.12,3.0,2.75,3.75,1.5,4.0,2.75,1.75,3.0,3.0,2.75,3.0,2.62,2.88,1.38,2.75,3.38
47-5022.00,47-5022,"Excavating and Loading Machine and Dragline Operators, Surface Mining","Operate or tend machinery at surface mining site, equipped with scoops, shovels, or buckets to excavate and load loose materials.",57430.0,34480.0,0.3870292887029288,0.4203954214360041,0.4037123550694665,7.0,2.4,1.0,1.0,1.0,3.55,2.0,1.8254,0.0,3.0,3.0,3.0,2.25,3.0,1.0,3.0,2.5,3.0,3.0,2.5,3.0,1.75,1.88,2.88,2.38,4.12,2.0,3.62,3.0,1.0,2.75,3.0,2.5,3.0,2.25,2.25,1.88,3.0,3.0
47-5023.00,47-5023,"Earth Drillers, Except Oil and Gas","Operate a variety of drills such as rotary, churn, and pneumatic to tap subsurface water and salt deposits, to remove core samples during mineral exploration or soil testing, and to facilitate the use of explosives in mining or construction. Includes horizontal and earth boring machine operators.",60190.0,19450.0,0.4278242677824267,0.287200832466181,0.3575125501243039,7.0,3.65,1.14,1.22,1.7,3.67,2.0,1.970797079707971,0.0,2.75,3.0,3.25,2.25,2.75,1.62,3.0,2.38,3.0,3.0,2.75,2.88,1.75,1.88,2.38,2.25,3.88,1.88,4.0,2.38,1.0,3.0,2.88,2.38,2.62,2.25,2.12,1.88,2.88,3.0
47-5032.00,47-5032,"Explosives Workers, Ordnance Handling Experts, and Blasters","Place and detonate explosives to demolish structures or to loosen, remove, or displace earth, rock, or other materials. May perform specialized handling, storage, and accounting procedures.",61390.0,5100.0,0.4414225941422594,0.0790842872008324,0.2602534406715459,6.9,3.77,1.25,1.3,1.83,4.19,2.0,2.4583,0.0,3.12,3.88,3.62,2.5,3.12,1.88,3.38,2.88,3.38,3.12,3.0,3.62,1.62,2.12,3.0,2.62,3.5,2.25,3.5,2.5,1.0,2.5,2.12,2.62,2.88,2.62,2.62,1.75,3.38,2.75
47-5041.00,47-5041,Continuous Mining Machine Operators,"Operate self-propelled mining machines that rip coal, metal and nonmetal ores, rock, stone, or sand from the mine face and load it onto conveyors, shuttle cars, or trucks in a continuous operation.",61810.0,14000.0,0.448744769874477,0.2190426638917794,0.3338937168831282,6.97,2.5,1.0,1.04,1.34,4.07,2.0,2.1594,0.0,2.75,3.0,3.25,2.0,2.75,1.38,3.0,2.12,3.0,2.75,2.38,3.12,1.38,1.38,2.62,2.0,3.88,1.88,3.88,2.12,1.0,2.88,3.12,2.38,2.75,2.12,2.12,1.62,3.0,3.25
47-5043.00,47-5043,"Roof Bolters, Mining",Operate machinery to install roof support bolts in underground mine.,78540.0,2160.0,0.641213389121339,0.0270551508844953,0.3341342700029171,7.0,2.46,1.0,1.0,1.01,3.34,2.0,1.8671,0.0,2.88,3.12,3.38,2.12,2.38,1.5,3.0,2.12,3.0,3.0,2.88,3.0,1.88,2.0,2.25,2.12,3.62,1.25,3.25,2.25,1.0,3.0,3.0,2.38,2.88,2.25,2.25,1.12,3.0,3.25
47-5044.00,47-5044,"Loading and Moving Machine Operators, Underground Mining","Operate underground loading or moving machine to load or move coal, ore, or rock using shuttle or mine car or conveyors. Equipment may include power shovels, hoisting engines equipped with cable-drawn scraper or scoop, or machines equipped with gathering arms and conveyor.",74500.0,5930.0,0.5847280334728033,0.0915712799167533,0.3381496566947783,7.0,2.15,1.0,1.0,1.0,3.7,2.0,1.7009000000000003,0.0,2.12,3.0,3.0,2.0,2.88,1.0,3.0,2.0,2.62,3.0,2.25,2.38,1.62,1.88,2.25,2.12,3.38,1.75,3.25,2.25,1.0,2.12,2.75,2.12,2.88,1.62,1.5,1.0,2.38,3.12
47-5049.00,47-5049,"Underground Mining Machine Operators, All Other",All underground mining machine operators not listed separately.,70130.0,3180.0,0.551255230125523,0.0478668054110301,0.2995610177682766,,,,,,,,,,,,,,,,,,,,,,,,,,,,,,,,,,,,,,,
47-5051.00,47-5051,"Rock Splitters, Quarry","Separate blocks of rough dimension stone from quarry mass using jackhammers, wedges, or chop saws.",48740.0,3320.0,0.2646443514644351,0.0499479708636836,0.1572961611640594,6.99,2.07,1.74,1.26,1.17,3.19,2.0,3.023,18.98,2.12,3.0,2.75,1.88,2.75,1.12,2.62,2.12,2.75,2.75,2.0,2.62,1.5,1.5,1.88,1.88,3.25,1.25,3.12,2.0,1.0,2.25,2.12,2.12,2.5,1.62,1.62,1.0,2.75,2.38
47-5071.00,47-5071,"Roustabouts, Oil and Gas",Assemble or repair oil field equipment using hand and power tools. Perform other tasks as needed.,46960.0,44970.0,0.2165271966527196,0.4713839750260146,0.3439555858393671,7.0,1.79,1.0,1.0,1.0,3.29,2.0,1.3701,0.0,2.5,2.88,3.12,2.0,2.12,1.0,2.75,2.12,2.62,2.75,2.25,3.0,1.62,1.88,2.38,2.0,3.0,1.12,3.0,2.0,1.0,3.0,2.88,2.12,2.88,2.0,2.0,1.5,2.88,2.75
47-5081.00,47-5081,Helpers--Extraction Workers,"Help extraction craft workers, such as earth drillers, blasters and explosives workers, derrick operators, and mining machine operators, by performing duties requiring less skill. Duties include supplying equipment or cleaning work area.",47730.0,6700.0,0.2343096234309623,0.1040582726326743,0.1691839480318183,7.0,2.14,1.0,1.79,1.58,3.69,2.0,2.0683931606839314,0.0,2.88,3.0,3.12,2.5,2.75,1.38,2.88,2.38,2.88,3.12,2.38,3.0,1.75,2.0,2.5,2.0,3.5,1.0,3.62,2.12,1.0,3.12,3.38,2.38,2.75,2.12,1.88,1.75,2.62,3.38
47-5099.00,47-5099,"Extraction Workers, All Other",All extraction workers not listed separately.,57010.0,5540.0,0.3817991631799163,0.086888657648283,0.2343439104140996,,,,,,,,,,,,,,,,,,,,,,,,,,,,,,,,,,,,,,,
49-1011.00,49-1011,"First-Line Supervisors of Mechanics, Installers, and Repairers","Directly supervise and coordinate the activities of mechanics, installers, and repairers. May also advise customers on recommended services. Excludes team or work leaders.",79860.0,617500.0,0.6558577405857741,0.9177939646201873,0.7868258526029807,4.13,1.73,1.01,3.56,5.99,4.75,3.0,3.0216978302169784,9.62,3.25,3.62,3.75,2.88,3.62,1.75,3.75,3.0,3.12,3.75,3.0,3.75,2.88,2.88,3.88,3.0,3.0,2.5,3.38,3.0,1.88,3.62,2.88,3.0,3.12,3.25,3.12,1.88,3.75,3.12
49-2011.00,49-2011,"Computer, Automated Teller, and Office Machine Repairers","Repair, maintain, or install computers, word processing systems, automated teller machines, and electronic office machines, such as duplicating and fax machines.",47810.0,65600.0,0.2353556485355648,0.5473465140478668,0.3913510812917158,5.83,2.65,1.0,1.75,1.79,5.5,3.0,3.4639536046395363,0.38,3.0,3.62,3.5,1.88,3.12,1.88,3.25,3.0,3.38,3.0,2.62,3.0,1.75,2.12,2.5,2.75,2.75,2.12,3.12,2.5,2.12,3.25,3.62,3.0,2.88,2.75,2.38,2.0,3.25,3.38
49-2021.00,49-2021,"Radio, Cellular, and Tower Equipment Installers and Repairers","Repair, install, or maintain mobile or stationary radio transmitting, broadcasting, and receiving equipment, and two-way radio communications systems used in cellular telecommunications, mobile broadband, ship-to-shore, aircraft-to-ground communications, and radio equipment in service and emergency vehicles. May test and analyze network coverage.",63520.0,11140.0,0.4764644351464435,0.1664932362122788,0.3214788356793612,6.73,3.48,1.05,1.37,1.36,4.53,3.0,3.395539553955395,9.75,3.0,3.25,3.25,2.75,3.25,1.75,3.25,3.0,3.0,3.0,2.75,3.0,1.88,1.88,2.38,2.38,2.88,1.25,3.12,2.62,2.0,3.12,3.5,2.5,3.0,3.0,2.88,1.88,3.12,3.0
49-2022.00,49-2022,"Telecommunications Equipment Installers and Repairers, Except Line Installers","Install, set up, rearrange, or remove switching, distribution, routing, and dialing equipment used in central offices or headends. Service or repair telephone, cable television, Internet, and other communications equipment on customers' property. May install communications equipment or communications wiring in buildings.",63890.0,140920.0,0.4843096234309623,0.6951092611862643,0.5897094423086133,6.43,2.42,1.0,1.81,1.6,4.83,3.0,3.3517648235176485,17.44,3.12,3.5,3.62,2.25,3.38,2.0,3.25,3.0,3.38,3.0,2.88,3.25,1.75,1.75,2.5,2.5,3.25,1.88,3.62,2.62,2.0,3.62,3.88,2.88,3.0,3.12,2.88,1.88,3.0,3.88
49-2091.00,49-2091,Avionics Technicians,"Install, inspect, test, adjust, or repair avionics equipment, such as radar, radio, navigation, and missile control systems in aircraft or space vehicles.",82280.0,18830.0,0.6908995815899581,0.2809573361082206,0.4859284588490893,7.0,4.31,1.16,1.38,1.06,4.41,3.0,3.3662,3.33,3.0,3.38,3.75,2.12,3.25,2.88,3.38,3.25,3.5,3.0,2.88,3.25,1.5,1.75,2.62,2.38,2.5,2.25,3.75,2.88,1.62,3.75,3.88,2.75,2.88,3.0,2.88,1.88,3.12,3.88
49-2092.00,49-2092,"Electric Motor, Power Tool, and Related Repairers","Repair, maintain, or install electric motors, wiring, or switches.",56210.0,14450.0,0.3713389121338912,0.2299687825182102,0.3006538473260507,7.0,2.73,1.0,1.19,1.01,4.25,3.0,3.1316868313168684,0.0,2.88,3.12,3.75,2.62,3.0,2.12,3.0,2.88,3.62,2.88,2.5,3.12,1.88,2.12,2.38,2.25,3.25,1.62,3.5,2.5,1.75,3.75,4.12,2.75,2.75,3.0,2.75,1.75,2.88,3.88
49-2093.00,49-2093,"Electrical and Electronics Installers and Repairers, Transportation Equipment","Install, adjust, or maintain mobile electronics communication equipment, including sound, sonar, security, navigation, and surveillance systems on trains, watercraft, or other mobile equipment.",84890.0,6940.0,0.7092050209205021,0.1071800208116545,0.4081925208660783,7.0,3.38,1.0,1.15,1.02,4.83,3.0,3.4833,14.35,2.25,3.38,3.62,2.12,3.12,2.12,3.0,3.0,3.12,3.0,2.12,3.0,2.0,2.0,2.25,2.25,3.0,2.12,3.25,2.88,1.62,3.25,3.12,2.25,3.0,2.25,2.25,2.0,3.0,3.0
49-2094.00,49-2094,"Electrical and Electronics Repairers, Commercial and Industrial Equipment","Repair, test, adjust, or install electronic equipment, such as industrial controls, transmitters, and antennas.",74090.0,65010.0,0.5784518828451883,0.54630593132154,0.5623789070833642,7.0,3.84,1.0,1.0,1.44,5.27,3.0,3.694,0.0,3.0,3.12,3.75,2.75,3.12,2.75,3.12,3.0,3.25,2.88,2.88,3.25,2.0,2.0,2.5,2.25,3.0,2.12,3.88,2.88,2.12,3.75,3.88,2.88,3.0,3.0,2.88,2.12,3.0,3.75
49-2095.00,49-2095,"Electrical and Electronics Repairers, Powerhouse, Substation, and Relay","Inspect, test, repair, or maintain electrical equipment in generating stations, substations, and in-service relays.",103020.0,20720.0,0.8106694560669456,0.3028095733610822,0.556739514714014,7.0,3.52,1.0,1.07,1.3,5.27,3.0,3.66,2.39,2.88,3.12,3.75,2.25,3.38,2.62,3.12,2.88,3.12,2.88,2.75,3.0,2.0,2.0,2.75,2.5,2.88,2.12,3.25,2.38,1.88,3.25,3.62,2.88,2.62,3.0,2.75,1.88,3.0,3.5
49-2096.00,49-2096,"Electronic Equipment Installers and Repairers, Motor Vehicles","Install, diagnose, or repair communications, sound, security, or navigation equipment in motor vehicles.",48420.0,8550.0,0.25,0.1311134235171696,0.1905567117585848,7.0,3.44,1.0,1.3,1.0,4.33,3.0,2.6017999999999994,0.0,2.75,3.38,3.5,2.25,3.12,1.88,3.0,2.88,3.12,3.0,2.62,2.88,2.12,2.0,2.12,2.75,2.88,1.88,3.5,2.75,1.88,3.0,3.62,3.0,2.88,2.38,2.25,2.12,3.12,3.62
49-2097.00,49-2097,Audiovisual Equipment Installers and Repairers,"Install, repair, or adjust audio or television receivers, stereo systems, camcorders, video systems, or other electronic entertainment equipment in homes or other venues. May perform routine maintenance.",52600.0,19780.0,0.3420502092050209,0.291363163371488,0.3167066862882545,6.85,2.62,1.66,1.64,1.12,4.61,3.0,3.093890610938906,5.23,2.88,3.12,3.12,2.25,3.12,1.75,3.38,2.75,3.38,2.88,2.75,3.25,1.88,2.12,2.38,2.12,2.88,1.88,3.12,2.5,1.62,3.62,3.62,3.0,2.75,2.88,2.75,1.75,3.0,3.62
49-2098.00,49-2098,Security and Fire Alarm Systems Installers,"Install, program, maintain, and repair security and fire alarm wiring and equipment. Ensure that work is in accordance with relevant codes.",60070.0,86340.0,0.4257322175732217,0.6024973985431842,0.514114808058203,6.67,3.35,1.0,1.37,1.58,4.94,3.0,2.702,0.0,2.88,3.25,3.38,2.12,3.12,1.75,3.38,2.88,3.12,2.88,2.62,3.12,1.75,1.88,2.12,2.0,2.88,1.88,3.12,2.12,1.75,3.12,3.0,2.88,2.88,2.62,2.62,1.88,3.0,3.0
49-3011.00,49-3011,Aircraft Mechanics and Service Technicians,"Diagnose, adjust, repair, or overhaul aircraft engines and assemblies, such as hydraulic and pneumatic systems.",79870.0,138090.0,0.6574267782426778,0.6899063475546305,0.6736665628986542,6.7,3.81,1.0,1.31,1.84,4.7,3.0,3.3010999999999995,0.63,3.12,3.5,4.0,2.88,4.12,2.38,3.25,3.0,3.88,2.88,2.88,3.5,1.62,2.12,2.62,2.12,3.75,2.12,4.25,2.75,1.62,3.75,4.88,2.75,2.88,3.25,3.25,1.88,3.0,4.5
49-3021.00,49-3021,Automotive Body and Related Repairers,Repair and refinish automotive vehicle bodies and straighten vehicle frames.,54890.0,149310.0,0.3587866108786611,0.7096774193548387,0.5342320151167499,7.0,1.6,1.43,1.06,1.45,3.34,2.0,2.1130113011301126,0.0,2.88,3.0,3.0,2.12,2.88,1.25,3.0,2.38,2.88,2.88,2.25,2.88,1.88,1.88,2.12,2.25,2.88,2.0,3.0,2.62,1.75,3.0,3.25,2.88,2.88,2.12,2.12,1.88,3.0,3.12
49-3022.00,49-3022,Automotive Glass Installers and Repairers,Replace or repair broken windshields and window glass in motor vehicles.,47630.0,20310.0,0.2301255230125523,0.2976066597294485,0.2638660913710003,7.0,2.24,1.0,1.28,1.39,3.7,2.0,1.9224922492249223,0.0,2.62,2.88,2.88,2.0,2.5,1.5,3.0,2.38,2.75,2.75,2.38,2.75,1.38,1.75,2.0,2.38,2.75,1.75,2.75,2.38,1.12,2.75,2.38,2.88,2.88,2.12,2.0,1.62,2.88,2.25
49-3023.00,49-3023,Automotive Service Technicians and Mechanics,"Diagnose, adjust, repair, or overhaul automotive vehicles.",50620.0,704640.0,0.3101464435146444,0.935483870967742,0.6228151572411931,7.0,3.58,1.0,1.45,1.6,4.31,3.0,2.6592,0.0,2.75,3.25,3.5,2.25,2.88,1.5,3.12,2.75,3.12,2.88,2.5,3.25,1.88,1.75,2.25,2.25,3.25,1.38,3.5,2.62,1.62,3.12,3.75,2.88,3.0,3.0,3.0,1.75,3.0,3.62
49-3031.00,49-3031,Bus and Truck Mechanics and Diesel Engine Specialists,"Diagnose, adjust, repair, or overhaul buses and trucks, or maintain and repair any type of diesel engines. Includes mechanics working primarily with automobile or marine diesel engines.",61770.0,289960.0,0.4461297071129707,0.8241415192507804,0.6351356131818755,7.0,3.27,1.0,1.54,1.29,3.73,3.0,2.843884388438844,0.0,2.75,3.0,3.25,2.0,2.88,1.75,3.12,2.62,3.0,2.88,2.12,3.12,1.88,1.88,2.0,2.0,3.0,1.88,3.5,2.0,1.88,3.25,4.0,2.12,2.75,2.88,2.75,1.88,3.0,4.0
49-3041.00,49-3041,Farm Equipment Mechanics and Service Technicians,"Diagnose, adjust, repair, or overhaul farm machinery and vehicles, such as tractors, harvesters, dairy equipment, and irrigation systems.",56550.0,37870.0,0.3760460251046025,0.4422476586888658,0.4091468418967341,7.0,3.02,1.0,1.3,1.08,4.3,3.0,2.6334,0.0,3.0,3.12,3.5,2.62,3.0,2.0,3.12,2.88,3.38,2.75,2.25,3.12,1.88,2.12,2.25,2.0,3.75,1.62,3.38,2.38,1.62,3.38,4.25,2.5,2.75,3.0,2.88,1.88,3.0,4.0
49-3042.00,49-3042,"Mobile Heavy Equipment Mechanics, Except Engines","Diagnose, adjust, repair, or overhaul mobile mechanical, hydraulic, and pneumatic equipment, such as cranes, bulldozers, graders, and conveyors, used in construction, logging, and mining.",65510.0,176600.0,0.5052301255230126,0.7523413111342352,0.6287857183286238,7.0,3.54,1.0,1.0,1.0,4.35,3.0,2.835016498350165,0.0,3.0,3.0,3.25,2.88,3.12,1.88,3.0,3.0,3.12,2.88,2.75,3.12,1.75,2.5,2.75,2.38,3.62,1.88,3.75,2.5,1.62,3.38,4.12,2.62,2.88,2.75,2.5,1.88,3.0,4.12
49-3043.00,49-3043,Rail Car Repairers,"Diagnose, adjust, repair, or overhaul railroad rolling stock, mine cars, or mass transit rail cars.",67530.0,21350.0,0.5240585774058577,0.3100936524453694,0.4170761149256136,7.0,2.77,1.21,1.48,1.16,3.87,2.0,2.405040504050405,0.0,2.75,3.0,3.25,2.12,2.88,1.75,3.0,2.88,2.75,2.88,2.5,2.88,1.75,1.88,2.5,2.12,3.12,1.75,3.25,2.25,1.0,3.25,4.0,2.38,2.75,2.62,2.62,1.88,2.88,4.0
49-3051.00,49-3051,Motorboat Mechanics and Service Technicians,Repair and adjust electrical and mechanical equipment of inboard or inboard-outboard boat engines.,57550.0,23220.0,0.3891213389121339,0.3340270551508845,0.3615741970315091,7.0,2.86,1.0,1.01,1.61,3.88,3.0,2.8377000000000003,0.0,2.38,3.12,3.38,2.25,2.75,2.0,3.0,2.5,3.12,2.5,1.88,3.12,1.75,2.0,1.88,1.88,3.62,1.5,3.5,2.0,1.62,3.12,4.0,2.62,2.62,2.25,2.25,1.88,2.75,3.75
49-3052.00,49-3052,Motorcycle Mechanics,"Diagnose, adjust, repair, or overhaul motorcycles, scooters, mopeds, dirt bikes, or similar motorized vehicles.",48580.0,13510.0,0.2604602510460251,0.2070759625390218,0.2337681067925234,7.0,3.12,1.23,1.44,1.0,3.64,3.0,3.1947,10.74,3.12,3.12,3.12,2.25,3.0,1.88,3.12,2.75,3.12,3.0,2.62,3.12,1.38,1.88,2.12,2.12,3.12,2.0,3.12,2.5,1.25,3.12,3.88,2.88,2.75,2.38,2.25,1.88,3.12,3.88
49-3053.00,49-3053,Outdoor Power Equipment and Other Small Engine Mechanics,"Diagnose, adjust, repair, or overhaul small engines used to power lawn mowers, chain saws, recreational sporting equipment, and related equipment.",47880.0,36060.0,0.2364016736401673,0.4308012486992716,0.3336014611697195,7.0,2.48,1.0,1.2,1.26,3.97,2.0,2.5478,0.0,2.75,3.12,3.25,2.0,2.88,1.75,2.88,2.62,3.0,2.75,2.12,2.88,1.75,2.0,1.88,2.0,3.25,1.5,3.38,2.12,1.38,3.12,3.88,2.38,2.75,2.25,2.38,1.75,2.75,3.75
49-3091.00,49-3091,Bicycle Repairers,Repair and service bicycles.,42780.0,12170.0,0.1412133891213389,0.18210197710718,0.1616576831142594,7.0,1.82,1.17,1.62,1.49,3.34,2.0,1.8608,0.0,2.88,3.62,3.62,2.12,3.0,1.25,3.38,2.88,3.0,2.88,2.75,2.88,1.88,2.0,2.5,2.88,2.62,1.62,2.75,2.88,1.12,3.25,3.88,3.38,3.25,2.5,2.38,1.88,2.75,3.62
49-3092.00,49-3092,Recreational Vehicle Service Technicians,"Diagnose, inspect, adjust, repair, or overhaul recreational vehicles including travel trailers. May specialize in maintaining gas, electrical, hydraulic, plumbing, or chassis/towing systems as well as repairing generators, appliances, and interior components. Includes workers who perform customized van conversions.",52000.0,17430.0,0.3315899581589958,0.2663891779396462,0.298989568049321,7.0,2.61,1.0,1.57,1.24,4.12,2.0,1.7741999999999998,0.0,3.0,3.0,3.0,2.0,3.0,1.62,3.0,2.62,3.12,2.88,2.5,3.0,1.75,1.88,1.88,2.5,3.12,1.62,3.12,2.5,1.5,3.12,4.0,3.0,2.75,2.88,2.88,1.62,2.88,3.62
49-3093.00,49-3093,Tire Repairers and Changers,Repair and replace tires.,37710.0,108410.0,0.0679916317991631,0.644120707596254,0.3560561696977086,7.0,1.8,1.0,1.79,1.58,3.41,2.0,2.262573742625737,2.41,2.25,3.0,3.0,2.0,2.5,1.0,3.0,2.25,2.75,2.75,2.25,2.62,1.75,2.12,2.38,2.25,2.75,1.0,2.88,2.25,1.0,2.88,2.88,3.0,2.75,2.0,2.0,1.38,3.0,2.88
49-9011.00,49-9011,Mechanical Door Repairers,"Install, service, or repair automatic door mechanisms and hydraulic doors. Includes garage door mechanics.",55720.0,27120.0,0.3692468619246862,0.3662851196670135,0.3677659907958499,6.87,1.78,1.0,1.46,1.0,3.96,2.0,1.9479,0.0,3.0,3.12,3.5,2.5,3.12,1.0,3.12,2.75,3.0,3.0,3.0,2.88,1.88,1.88,2.88,2.62,2.75,1.88,3.0,2.88,1.0,3.25,3.0,3.0,3.0,2.12,2.25,2.0,2.88,2.88
49-9012.00,49-9012,"Control and Valve Installers and Repairers, Except Mechanical Door","Install, repair, and maintain mechanical regulating and controlling devices, such as electric meters, gas regulators, thermostats, safety and flow valves, and other mechanical governors.",74340.0,48240.0,0.5826359832635983,0.4859521331945889,0.5342940582290936,7.0,2.85,1.0,1.2,1.0,4.51,3.0,2.7383,1.44,2.88,3.12,3.38,2.12,3.0,1.75,3.12,3.0,3.0,3.0,2.25,3.12,1.88,1.75,2.0,2.12,3.0,1.62,3.12,2.0,1.62,3.12,3.25,2.5,2.88,2.25,2.12,1.88,2.75,3.12
49-9021.00,49-9021,"Heating, Air Conditioning, and Refrigeration Mechanics and Installers","Install or repair heating, central air conditioning, HVAC, or refrigeration systems, including oil burners, hot-air furnaces, and heating stoves.",61010.0,409670.0,0.4382845188284519,0.8740894901144641,0.656187004471458,6.96,2.82,1.04,1.47,1.2,4.29,3.0,2.662100000000001,0.0,3.12,3.25,3.5,2.5,3.38,1.75,3.12,2.88,3.25,3.0,2.88,3.12,1.75,2.25,2.88,2.38,3.0,1.62,3.62,2.75,1.62,3.25,3.38,2.88,3.0,3.0,3.0,1.75,2.88,3.5
49-9031.00,49-9031,Home Appliance Repairers,"Repair, adjust, or install all types of electric or gas household appliances, such as refrigerators, washers, dryers, and ovens.",50990.0,32150.0,0.3179916317991632,0.3995837669094693,0.3587876993543162,7.0,2.33,1.16,1.63,1.36,4.84,2.0,2.21957804219578,0.0,2.88,3.38,3.75,2.12,3.12,1.75,3.5,2.75,3.12,2.75,2.25,3.0,2.0,2.12,2.5,2.25,2.88,1.88,3.5,2.75,1.62,3.5,3.88,3.0,2.75,2.62,2.25,1.88,3.0,3.62
49-9041.00,49-9041,Industrial Machinery Mechanics,"Repair, install, adjust, or maintain industrial production and processing machinery or refinery and pipeline distribution systems. May also install, dismantle, or move machinery and heavy equipment according to plans.",64520.0,439640.0,0.4926778242677824,0.8959417273673257,0.694309775817554,7.0,3.01,1.01,1.0,1.17,4.33,3.0,2.883111688831117,0.0,3.12,3.12,3.62,2.38,2.88,1.75,3.0,2.75,3.12,3.0,2.62,3.12,1.62,1.75,2.62,1.88,4.0,1.88,4.0,2.12,1.75,3.75,4.0,2.25,2.75,2.88,2.88,2.0,3.0,4.0
49-9043.00,49-9043,"Maintenance Workers, Machinery","Lubricate machinery, change parts, or perform other routine machinery maintenance.",60850.0,60020.0,0.4372384937238494,0.5296566077003122,0.4834475507120808,7.0,2.04,1.0,1.0,1.2,4.25,3.0,2.748125187481252,2.59,2.75,3.0,3.0,2.0,3.0,1.75,2.88,2.38,2.88,3.0,2.25,3.0,1.75,1.88,2.12,2.12,3.62,1.88,3.75,2.12,1.75,3.12,3.75,2.12,2.62,2.12,2.0,1.88,3.0,3.75
49-9044.00,49-9044,Millwrights,"Install, dismantle, or move machinery and heavy equipment according to layout plans, blueprints, or other drawings.",65700.0,40330.0,0.5062761506276151,0.4547346514047867,0.4805054010162009,7.0,2.68,1.59,1.0,1.09,3.63,2.0,2.6364,0.0,2.75,3.12,3.62,2.62,3.0,1.75,3.0,2.75,3.12,3.0,2.88,3.12,2.0,2.0,2.62,2.88,3.38,1.88,3.62,2.88,1.75,3.25,3.62,3.0,3.0,2.75,2.62,1.88,3.25,3.75
49-9045.00,49-9045,"Refractory Materials Repairers, Except Brickmasons","Build or repair equipment such as furnaces, kilns, cupolas, boilers, converters, ladles, soaking pits, and ovens, using refractory materials.",61290.0,1080.0,0.4403765690376569,0.0083246618106139,0.2243506154241354,7.0,2.2,1.31,1.02,1.0,3.55,2.0,2.3063,0.0,2.38,3.0,2.88,2.0,2.88,1.0,2.75,2.5,2.62,2.88,2.5,2.75,1.5,1.62,2.25,2.0,3.0,2.0,3.25,2.0,1.0,2.62,3.12,2.38,2.75,1.88,1.75,1.62,2.88,2.88
49-9051.00,49-9051,Electrical Power-Line Installers and Repairers,Install or repair cables or wires used in electrical power or distribution systems. May erect poles and light or heavy duty transmission towers.,95320.0,131070.0,0.747907949790795,0.6784599375650364,0.7131839436779157,7.0,2.66,1.0,1.28,1.78,3.8,2.0,2.4316,2.81,3.0,3.38,3.12,2.0,3.0,1.75,2.88,2.5,3.12,3.12,2.5,3.12,1.5,1.62,2.88,2.0,3.25,1.88,3.25,2.62,1.25,3.12,3.12,2.62,2.75,3.12,2.88,1.88,3.0,3.38
49-9052.00,49-9052,Telecommunications Line Installers and Repairers,"Install and repair telecommunications cable, including fiber optics.",74330.0,97720.0,0.5815899581589958,0.627471383975026,0.6045306710670109,6.48,2.49,1.0,1.58,2.01,4.17,2.0,2.2836000000000003,0.0,2.75,3.0,3.12,2.0,2.88,1.75,3.12,2.62,3.12,3.0,2.12,3.0,1.75,1.75,2.0,2.12,3.0,1.88,3.12,2.25,1.62,2.88,2.88,2.75,2.88,2.38,2.25,1.88,2.88,3.0
49-9061.00,49-9061,Camera and Photographic Equipment Repairers,"Repair and adjust cameras and photographic equipment, including commercial video and motion picture camera equipment.",52720.0,1650.0,0.3430962343096234,0.0228928199791883,0.1829945271444059,6.93,2.66,1.93,1.19,1.0,4.83,3.0,2.89048904890489,7.08,3.0,3.12,3.5,2.38,3.12,2.12,3.0,2.62,3.12,2.25,1.62,3.12,2.0,2.25,2.0,2.0,2.12,1.88,3.0,2.12,1.75,3.38,3.75,2.38,2.75,2.12,2.12,2.12,3.12,3.88
49-9062.00,49-9062,Medical Equipment Repairers,"Test, adjust, or repair biomedical or electromedical equipment.",61660.0,65990.0,0.4445606694560669,0.5494276795005203,0.4969941744782936,7.0,4.59,1.0,1.96,1.0,4.8,3.0,3.565956595659566,0.0,3.0,3.0,3.12,2.88,3.12,2.12,2.88,2.75,3.0,2.75,2.62,3.0,2.0,2.0,2.25,2.12,2.88,2.0,3.5,2.5,2.0,3.38,4.25,2.75,2.88,3.0,2.5,2.12,3.0,3.88
49-9063.00,49-9063,Musical Instrument Repairers and Tuners,"Repair percussion, stringed, reed, or wind instruments. May specialize in one area, such as piano tuning.",46420.0,5380.0,0.2044979079497908,0.0842872008324661,0.1443925543911285,6.39,2.64,3.46,1.58,1.0,3.54,3.0,2.9547045295470458,9.09,2.75,3.0,3.62,2.0,3.0,1.62,3.0,2.75,3.12,2.38,2.38,3.12,2.0,2.25,1.88,2.12,2.88,1.88,2.88,2.38,1.25,3.88,3.75,3.12,2.88,2.75,2.88,1.88,3.0,3.75
49-9064.00,49-9064,Watch and Clock Repairers,"Repair, clean, and adjust mechanisms of timing instruments, such as watches and clocks. Includes watchmakers, watch technicians, and mechanical timepiece repairers.",67230.0,1310.0,0.5230125523012552,0.0145681581685744,0.2687903552349148,6.54,1.98,1.34,1.41,1.13,4.44,3.0,3.323232323232323,1.68,2.25,3.0,3.12,2.0,2.88,1.75,3.0,2.25,2.88,2.25,2.0,3.0,2.12,2.25,2.0,2.25,2.75,2.0,3.12,2.12,1.0,3.0,3.88,2.75,2.75,2.0,2.12,1.88,2.38,3.0
49-9069.00,49-9069,"Precision Instrument and Equipment Repairers, All Other",All precision instrument and equipment repairers not listed separately.,68990.0,9400.0,0.5376569037656904,0.1446409989594172,0.3411489513625538,,,,,,,,,,,,,,,,,,,,,,,,,,,,,,,,,,,,,,,
49-9071.00,49-9071,"Maintenance and Repair Workers, General","Perform work involving the skills of two or more maintenance or craft occupations to keep machines, mechanical equipment, or the structure of a building in repair. Duties may involve pipe fitting; HVAC maintenance; insulating; welding; machining; carpentry; repairing electrical or mechanical equipment; installing, aligning, and balancing new equipment; and repairing buildings, floors, or stairs.",49590.0,1529700.0,0.2803347280334728,0.9791883454734652,0.629761536753469,7.0,2.53,1.2,1.75,1.53,4.17,3.0,2.921184236847369,1.52,3.12,3.0,3.25,2.38,3.0,1.88,3.0,2.88,3.12,3.0,2.38,3.0,2.12,2.25,2.38,2.38,3.12,2.12,3.12,2.25,1.38,3.12,3.88,2.38,2.75,2.5,2.25,2.12,3.0,3.75
49-9081.00,49-9081,Wind Turbine Service Technicians,"Inspect, diagnose, adjust, or repair wind turbines. Perform maintenance on wind turbine equipment including resolving electrical, mechanical, and hydraulic malfunctions.",64120.0,9980.0,0.4884937238493724,0.1519250780437044,0.3202094009465384,7.0,3.6,1.0,1.62,1.77,4.29,3.0,3.2317768223177685,0.0,3.12,3.12,3.5,2.12,3.25,2.0,3.12,2.88,3.25,3.0,3.0,3.12,1.62,2.25,2.62,2.12,3.12,1.62,4.0,2.0,1.62,3.25,4.0,2.25,2.75,3.12,3.12,1.75,3.0,4.0
49-9091.00,49-9091,"Coin, Vending, and Amusement Machine Servicers and Repairers","Install, service, adjust, or repair coin, vending, or amusement machines including video games, juke boxes, pinball machines, or slot machines.",47450.0,26410.0,0.2259414225941422,0.3610822060353798,0.293511814314761,6.08,1.81,1.0,1.22,1.89,5.7,2.0,2.1001,0.0,2.62,2.88,2.88,2.0,2.88,1.62,2.88,2.62,2.88,2.62,1.88,2.88,1.88,2.0,2.0,1.88,3.0,1.5,3.0,2.0,1.38,3.0,3.5,2.88,2.62,2.88,2.75,1.0,2.88,3.25
49-9092.00,49-9092,Commercial Divers,"Work below surface of water, using surface-supplied air or scuba equipment to inspect, repair, remove, or install equipment and structures. May use a variety of power and hand tools, such as drills, sledgehammers, torches, and welding equipment. May conduct tests or experiments, rig explosives, or photograph structures or marine life.",72990.0,3450.0,0.5653765690376569,0.0556711758584807,0.3105238724480688,7.0,3.6,1.35,1.1,1.66,3.1,3.0,3.338033803380338,5.02,3.0,3.75,3.88,2.12,3.25,2.5,3.62,3.0,3.25,3.25,3.12,3.25,1.62,2.0,2.75,3.0,3.38,1.88,3.75,2.88,1.0,3.5,3.25,2.75,3.0,2.88,2.62,1.75,3.38,3.25
49-9094.00,49-9094,Locksmiths and Safe Repairers,"Repair and open locks, make keys, change locks and safe combinations, and install and repair safes.",51320.0,15040.0,0.3232217573221757,0.2372528616024974,0.2802373094623365,6.09,2.11,1.0,1.57,1.42,5.0,2.0,2.6927,7.7,2.62,3.12,3.38,2.62,3.0,1.0,3.12,2.75,3.0,2.5,2.38,2.88,2.0,2.12,2.38,2.12,3.0,1.25,2.88,2.25,1.62,3.12,3.5,3.12,2.75,2.5,2.12,1.75,3.25,3.0
49-9095.00,49-9095,Manufactured Building and Mobile Home Installers,Move or install mobile homes or prefabricated buildings.,45990.0,3020.0,0.1903765690376569,0.0426638917793964,0.1165202304085266,6.83,1.9,1.52,1.71,1.17,3.9,2.0,1.4201,0.0,3.38,3.38,3.75,2.62,3.12,1.62,3.38,2.62,3.38,3.5,3.25,3.5,2.25,2.62,3.38,3.12,3.75,2.25,3.62,3.0,1.0,3.75,3.12,3.12,3.0,2.75,2.62,2.0,3.38,3.25
49-9096.00,49-9096,Riggers,"Set up or repair rigging for construction projects, manufacturing plants, logging yards, ships and shipyards, or for the entertainment industry.",62640.0,22530.0,0.4665271966527197,0.3267429760665973,0.3966350863596585,7.0,2.37,1.41,1.02,1.95,3.64,2.0,1.9481,0.0,2.62,3.12,3.12,1.62,3.12,1.38,3.0,2.38,3.0,3.12,2.12,3.0,1.38,1.38,2.5,2.12,3.25,2.12,3.12,2.25,1.0,2.88,2.75,2.38,2.75,2.12,2.12,1.5,3.0,2.88
49-9097.00,49-9097,Signal and Track Switch Repairers,"Install, inspect, test, maintain, or repair electric gate crossings, signals, signal equipment, track switches, section lines, or intercommunications systems within a railroad system.",92460.0,8720.0,0.733786610878661,0.1331945889698231,0.4334905999242421,6.49,2.64,1.0,1.19,1.01,4.46,3.0,2.2067,0.0,2.88,3.0,3.75,2.5,2.88,1.75,2.88,2.88,3.38,2.75,2.62,3.0,1.62,1.75,2.0,2.25,3.12,1.12,3.75,2.12,2.0,3.88,4.0,2.12,2.75,2.38,2.38,1.5,3.0,4.12
49-9098.00,49-9098,"Helpers--Installation, Maintenance, and Repair Workers","Help installation, maintenance, and repair workers in maintenance, parts replacement, and repair of vehicles, industrial machinery, and electrical and electronic equipment. Perform duties such as furnishing tools, materials, and supplies to other workers; cleaning work area, machines, and tools; and holding materials or tools for other workers.",39630.0,95580.0,0.0983263598326359,0.6212278876170656,0.3597771237248508,6.99,1.97,1.1,1.82,1.63,4.04,2.0,3.312962592518504,0.01,2.62,3.12,3.12,2.0,2.62,1.12,3.0,2.12,2.62,3.0,2.12,2.88,1.25,1.5,1.88,1.88,3.12,1.62,3.12,1.88,1.38,3.0,3.12,2.38,2.62,2.12,2.12,1.62,2.75,3.12
49-9099.00,49-9099,"Installation, Maintenance, and Repair Workers, All Other","All installation, maintenance, and repair workers not listed separately.",49230.0,176300.0,0.2740585774058577,0.7507804370447451,0.5124195072253014,,,,,,,,,,,,,,,,,,,,,,,,,,,,,,,,,,,,,,,
49-9099.01,49-9099,Geothermal Technicians,"Perform technical activities at power plants or individual installations necessary for the generation of power from geothermal energy sources. Monitor and control operating activities at geothermal power generation facilities and perform maintenance and repairs as necessary. Install, test, and maintain residential and commercial geothermal heat pumps.",49230.0,176300.0,0.2740585774058577,0.7507804370447451,0.5124195072253014,6.38,3.44,1.0,1.68,1.78,4.99,2.0,2.4954,0.0,3.12,3.0,3.25,2.75,3.25,2.12,3.0,3.0,3.12,3.0,2.62,3.12,2.0,2.0,2.62,2.38,3.38,2.0,3.88,2.25,1.88,3.25,3.12,2.88,2.88,3.0,2.88,1.88,2.88,3.62
51-1011.00,51-1011,First-Line Supervisors of Production and Operating Workers,"Directly supervise and coordinate the activities of production and operating workers, such as inspectors, precision workers, machine setters and operators, assemblers, fabricators, and plant and system operators. Excludes team or work leaders.",74450.0,673430.0,0.5836820083682008,0.9344432882414152,0.759062648304808,4.3,1.58,1.0,2.87,6.3,5.05,3.0,3.2121,12.82,3.12,3.88,3.75,2.38,3.5,1.5,3.88,3.12,3.12,3.75,3.0,3.62,2.25,2.12,3.88,3.0,2.75,2.88,3.12,3.0,1.25,3.0,2.25,3.0,3.75,3.12,3.0,2.0,3.88,2.25
51-2011.00,51-2011,"Aircraft Structure, Surfaces, Rigging, and Systems Assemblers","Assemble, fit, fasten, and install parts of airplanes, space vehicles, or missiles, such as tails, wings, fuselage, bulkheads, stabilizers, landing gear, rigging and control equipment, or heating and ventilating systems.",65380.0,34020.0,0.50418410041841,0.4172736732570239,0.4607288868377169,7.0,2.66,1.74,1.0,1.37,3.82,2.0,3.0625,15.65,2.88,3.12,3.12,2.5,3.0,1.75,3.0,2.75,3.0,2.88,2.88,3.0,2.0,2.12,2.25,2.25,2.88,1.88,2.88,2.25,1.5,3.38,2.88,2.38,2.75,2.88,2.88,2.0,3.0,2.88
51-2021.00,51-2021,"Coil Winders, Tapers, and Finishers","Wind wire coils used in electrical components, such as resistors and transformers, and in electrical equipment and instruments, such as field cores, bobbins, armature cores, electrical motors, generators, and control equipment.",48220.0,12840.0,0.2468619246861924,0.196149843912591,0.2215058842993917,6.54,2.28,1.0,1.12,1.4,4.17,2.0,2.401340134013401,0.0,2.25,3.0,2.88,1.75,2.88,1.0,2.88,2.12,2.38,2.88,2.0,2.75,1.5,1.5,1.88,1.75,3.0,1.5,3.12,1.88,1.0,2.12,1.38,1.88,2.62,2.0,1.88,1.75,2.38,2.0
51-2022.00,51-2022,Electrical and Electronic Equipment Assemblers,"Assemble or modify electrical or electronic equipment, such as computers, test equipment telemetering systems, electric motors, and batteries.",,,,,,7.0,3.26,1.7,1.21,1.0,3.96,2.0,2.0604,0.0,2.62,3.0,3.0,2.12,3.25,1.88,2.88,2.88,2.62,3.0,2.5,3.12,1.5,1.75,2.25,2.12,2.88,1.62,3.12,2.12,1.25,2.88,2.25,2.25,2.62,2.38,2.25,1.75,2.88,2.5
51-2023.00,51-2023,Electromechanical Equipment Assemblers,"Assemble or modify electromechanical equipment or devices, such as servomechanisms, gyros, dynamometers, magnetic drums, tape drives, brakes, control linkage, actuators, and appliances.",,,,,,7.0,3.35,1.41,1.06,1.0,4.98,2.0,3.0687,0.58,2.38,2.88,3.0,2.0,3.0,2.0,3.0,2.5,2.5,2.38,1.88,2.88,1.62,1.75,1.88,1.88,2.62,1.75,3.25,1.88,1.5,3.25,2.75,2.0,2.5,2.12,2.12,1.88,2.88,3.0
51-2031.00,51-2031,Engine and Other Machine Assemblers,"Construct, assemble, or rebuild machines, such as engines, turbines, and similar equipment used in such industries as construction, extraction, textiles, and paper manufacturing.",53710.0,34000.0,0.350418410041841,0.4162330905306972,0.3833257502862691,7.0,2.69,1.23,1.0,1.07,4.39,2.0,2.5437,7.2,2.38,3.0,3.0,2.0,3.12,1.88,3.0,2.25,2.88,2.75,2.12,2.62,1.62,2.0,2.12,2.12,2.88,1.75,3.38,2.25,1.75,3.12,2.88,2.25,2.88,2.38,2.12,1.88,2.88,2.88
51-2041.00,51-2041,Structural Metal Fabricators and Fitters,"Fabricate, position, align, and fit parts of structural metal products.",51330.0,52360.0,0.3242677824267782,0.4994797086368366,0.4118737455318074,7.0,2.6,1.73,1.0,1.12,3.91,2.0,1.9189,0.0,2.25,3.0,3.0,2.12,3.0,1.75,3.0,2.25,2.12,2.38,2.25,2.38,1.38,1.38,2.12,2.0,2.38,1.88,2.88,2.12,1.0,2.25,1.88,2.12,2.62,1.62,1.62,1.62,2.62,2.12
51-2051.00,51-2051,Fiberglass Laminators and Fabricators,"Laminate layers of fiberglass on molds to form boat decks and hulls, bodies for golf carts, automobiles, or other products.",46880.0,16170.0,0.2154811715481171,0.250780437044745,0.2331308042964311,6.74,2.02,2.22,1.0,1.16,3.49,2.0,1.82018201820182,0.63,2.88,3.0,2.88,2.38,3.0,1.75,3.0,2.88,3.0,2.88,2.88,2.88,1.88,2.0,2.38,2.38,2.88,1.12,3.12,2.38,1.0,2.88,1.62,2.38,2.75,2.25,2.12,1.88,2.88,2.38
51-2061.00,51-2061,Timing Device Assemblers and Adjusters,"Perform precision assembling or adjusting, within narrow tolerances, of timing devices such as digital clocks or timing devices with electrical or electronic components.",62620.0,250.0,0.4654811715481171,0.0020811654526534,0.2337811685003853,6.74,2.12,1.19,1.0,1.14,4.61,2.0,2.3418999999999994,4.16,2.12,2.88,2.88,2.0,2.75,2.0,2.75,2.5,2.75,2.25,2.12,2.75,1.5,1.5,2.0,1.62,2.75,1.62,3.0,2.0,1.38,3.25,3.38,2.62,2.75,2.12,2.0,1.62,2.75,3.25
51-2092.00,51-2092,Team Assemblers,"Work as part of a team having responsibility for assembling an entire product or component of a product. Team assemblers can perform all tasks conducted by the team in the assembly process and rotate through all or most of them, rather than being assigned to a specific task on a permanent basis. May participate in making management decisions affecting the work. Includes team leaders who work as part of the team.",,,,,,5.37,1.43,1.6,2.42,3.93,4.58,2.0,2.396860313968603,6.74,2.25,3.12,3.0,2.0,3.0,1.0,3.0,2.75,2.88,3.0,3.0,2.75,1.88,2.0,2.75,2.25,2.75,1.38,3.0,2.38,1.62,3.12,2.0,2.25,3.0,2.25,2.12,1.5,3.0,2.12
51-2099.00,51-2099,"Assemblers and Fabricators, All Other",All assemblers and fabricators not listed separately.,,,,,,,,,,,,,,,,,,,,,,,,,,,,,,,,,,,,,,,,,,,,
51-3011.00,51-3011,Bakers,"Mix and bake ingredients to produce breads, rolls, cookies, cakes, pies, pastries, or other baked goods.",37160.0,236200.0,0.055439330543933,0.7939646201873048,0.4247019753656189,6.29,1.66,2.39,1.73,2.1,4.2,2.0,2.0203,0.0,3.0,3.0,3.0,2.25,2.88,1.75,3.0,2.25,2.25,3.0,2.0,3.0,1.75,2.0,2.0,2.12,2.25,2.0,2.88,2.0,1.0,2.88,1.12,2.5,2.75,2.0,2.0,1.75,3.0,2.12
51-3021.00,51-3021,Butchers and Meat Cutters,"Cut, trim, or prepare consumer-sized portions of meat for use or sale in retail establishments.",40140.0,136430.0,0.104602510460251,0.6878251821019771,0.396213846281114,6.26,1.41,1.78,1.89,2.78,3.92,2.0,1.9662000000000004,0.0,2.5,3.12,3.0,2.38,3.0,1.25,3.0,2.25,2.88,2.88,2.62,2.88,2.12,2.25,2.62,2.75,2.38,1.75,2.5,2.75,1.12,2.62,1.62,3.0,3.0,2.38,2.38,1.38,3.0,2.0
51-3022.00,51-3022,"Meat, Poultry, and Fish Cutters and Trimmers","Use hands or hand tools to perform routine cutting and trimming of meat, poultry, and seafood.",38300.0,145700.0,0.0815899581589958,0.7034339229968782,0.392511940577937,7.0,1.77,1.0,1.37,1.42,3.92,2.0,1.4926,1.3,2.38,3.12,3.0,2.25,2.38,1.0,3.0,2.12,2.38,2.88,2.62,3.0,1.75,1.88,2.62,2.25,2.25,1.12,2.5,2.25,1.0,2.12,1.75,2.75,2.88,1.62,1.62,1.25,2.88,2.25
51-3023.00,51-3023,Slaughterers and Meat Packers,"Perform nonroutine or precision functions involving the preparation of large portions of meat. Work may include specialized slaughtering tasks, cutting standard or premium cuts of meat for marketing, making sausage, or wrapping meats. Work typically occurs in slaughtering, meat packing, or wholesale establishments.",40130.0,69950.0,0.1035564853556485,0.562955254942768,0.3332558701492082,6.62,2.24,1.31,1.67,2.12,3.53,2.0,1.9251,0.0,2.0,2.62,2.38,1.75,1.88,1.0,2.75,1.75,1.88,2.0,1.88,2.0,1.5,1.62,1.88,1.75,2.12,1.12,2.25,1.88,1.0,2.12,1.38,2.0,2.38,1.88,1.88,1.0,2.0,2.12
51-3091.00,51-3091,"Food and Tobacco Roasting, Baking, and Drying Machine Operators and Tenders","Operate or tend food or tobacco roasting, baking, or drying equipment, including hearth ovens, kiln driers, roasters, char kilns, and vacuum drying equipment.",44810.0,20370.0,0.1673640167364016,0.2986472424557752,0.2330056295960884,6.86,1.6,1.11,1.26,1.83,4.16,2.0,2.045,0.0,2.5,3.12,3.12,1.5,3.12,1.75,3.0,2.88,3.0,3.0,2.62,3.0,1.25,1.38,2.12,2.25,3.12,1.88,3.62,2.5,1.25,3.12,2.12,2.62,3.0,2.25,2.0,1.5,2.88,2.25
51-3092.00,51-3092,Food Batchmakers,Set up and operate equipment that mixes or blends ingredients used in the manufacturing of food products. Includes candy makers and cheese makers.,42290.0,174520.0,0.131276150627615,0.7481789802289281,0.4397275654282716,6.09,2.11,1.91,1.5,2.62,4.65,2.0,2.6108610861086112,0.0,2.75,3.0,3.12,2.75,3.12,2.0,3.0,2.88,2.88,3.0,2.12,2.88,1.25,1.5,2.12,2.0,3.0,1.88,3.25,2.0,1.12,2.75,1.5,2.12,2.75,2.0,2.0,1.5,2.75,2.12
51-3093.00,51-3093,Food Cooking Machine Operators and Tenders,"Operate or tend cooking equipment, such as steam cooking vats, deep fry cookers, pressure cookers, kettles, and boilers, to prepare food products.",41590.0,31250.0,0.1192468619246862,0.3922996878251821,0.2557732748749342,6.82,1.98,1.15,1.34,1.68,4.67,2.0,2.1399,0.0,2.62,3.0,3.0,2.0,3.12,1.88,2.62,2.75,2.88,2.88,2.0,2.75,1.62,1.88,2.0,1.88,3.12,1.62,3.5,2.0,1.25,2.75,1.38,2.0,2.62,2.0,2.12,1.38,2.62,1.88
51-3099.00,51-3099,"Food Processing Workers, All Other",All food processing workers not listed separately.,39680.0,65000.0,0.0993723849372384,0.5452653485952134,0.3223188667662259,,,,,,,,,,,,,,,,,,,,,,,,,,,,,,,,,,,,,,,
51-4021.00,51-4021,"Extruding and Drawing Machine Setters, Operators, and Tenders, Metal and Plastic","Set up, operate, or tend machines to extrude or draw thermoplastic or metal materials into tubes, rods, hoses, wire, bars, or structural shapes.",47720.0,60840.0,0.2332635983263598,0.5338189386056191,0.3835412684659894,6.7,2.23,1.43,1.08,1.0,4.31,2.0,2.1163,0.45,2.62,2.88,3.12,2.5,2.88,1.88,3.0,2.62,3.0,3.0,2.25,3.12,1.75,1.75,2.25,1.75,3.38,1.75,3.5,2.38,1.5,3.12,2.75,2.25,2.75,2.38,2.38,1.88,2.88,3.0
51-4022.00,51-4022,"Forging Machine Setters, Operators, and Tenders, Metal and Plastic","Set up, operate, or tend forging machines to taper, shape, or form metal or plastic parts.",49030.0,8930.0,0.2688284518828452,0.1363163371488033,0.2025723945158242,6.74,2.62,1.03,1.0,1.19,4.39,2.0,1.823,0.0,2.38,3.12,2.88,2.12,3.12,1.38,2.88,2.75,2.62,2.75,2.25,2.75,1.38,1.5,2.38,2.25,3.12,1.88,3.25,2.38,1.25,2.88,2.5,2.12,2.88,2.0,2.0,1.88,3.0,2.88
51-4023.00,51-4023,"Rolling Machine Setters, Operators, and Tenders, Metal and Plastic","Set up, operate, or tend machines to roll steel or plastic forming bends, beads, knurls, rolls, or plate, or to flatten, temper, or reduce gauge of material.",50140.0,25250.0,0.2939330543933054,0.3517169614984391,0.3228250079458722,6.76,1.67,1.01,1.01,1.0,3.96,2.0,2.1051,0.0,3.0,3.12,3.12,2.38,3.0,1.38,3.25,2.62,3.0,3.0,2.75,3.0,1.75,1.88,2.75,2.0,4.0,1.75,4.0,1.88,1.62,3.62,3.0,2.38,2.88,2.75,2.75,1.75,3.0,3.0
51-4031.00,51-4031,"Cutting, Punching, and Press Machine Setters, Operators, and Tenders, Metal and Plastic","Set up, operate, or tend machines to saw, cut, shear, slit, punch, crimp, notch, bend, or straighten metal or plastic material.",46330.0,171200.0,0.1982217573221757,0.7460978147762747,0.4721597860492252,6.86,2.22,1.06,1.0,1.0,4.3,2.0,2.3571,0.0,2.75,3.0,3.0,2.0,2.75,1.5,3.0,2.5,2.62,2.75,2.0,2.88,1.38,1.38,2.0,1.88,3.38,1.75,3.5,2.0,1.0,3.0,2.62,1.88,2.62,1.88,2.0,1.75,2.75,3.0
51-4032.00,51-4032,"Drilling and Boring Machine Tool Setters, Operators, and Tenders, Metal and Plastic","Set up, operate, or tend drilling machines to drill, bore, ream, mill, or countersink metal or plastic work pieces.",49080.0,4680.0,0.2698744769874477,0.0738813735691987,0.1718779252783232,7.0,2.75,1.0,1.0,1.0,4.27,2.0,2.8137,7.12,2.75,3.0,3.0,2.5,3.12,1.75,3.0,2.25,3.0,2.12,2.25,3.0,1.62,1.88,2.0,2.0,3.12,1.75,3.62,2.12,1.25,2.88,2.62,2.0,2.75,2.12,2.0,1.88,3.0,2.75
51-4033.00,51-4033,"Grinding, Lapping, Polishing, and Buffing Machine Tool Setters, Operators, and Tenders, Metal and Plastic","Set up, operate, or tend grinding and related tools that remove excess material or burrs from surfaces, sharpen edges or corners, or buff, hone, or polish metal or plastic work pieces.",46550.0,67000.0,0.207112970711297,0.5515088449531738,0.3793109078322354,7.0,2.14,1.18,1.0,1.0,3.91,2.0,2.212578742125787,0.0,2.62,2.88,3.0,2.75,3.12,1.5,3.0,2.38,2.88,2.88,2.25,3.0,1.62,2.12,2.12,2.0,4.0,1.62,4.0,2.0,1.75,3.5,2.62,2.12,2.62,2.38,2.25,1.62,2.75,3.0
51-4034.00,51-4034,"Lathe and Turning Machine Tool Setters, Operators, and Tenders, Metal and Plastic","Set up, operate, or tend lathe and turning machines to turn, bore, thread, form, or face metal or plastic materials, such as wire, rod, or bar stock.",50620.0,16710.0,0.3101464435146444,0.2570239334027055,0.283585188458675,7.0,2.12,1.0,1.0,1.0,4.34,2.0,3.2908290829082905,9.72,2.0,3.0,2.62,2.12,3.0,1.75,2.75,2.25,2.62,2.62,2.12,2.88,1.88,2.0,2.0,1.88,3.38,1.75,3.5,2.0,1.88,3.0,2.25,2.0,2.5,2.0,2.0,1.75,2.75,2.62
51-4035.00,51-4035,"Milling and Planing Machine Setters, Operators, and Tenders, Metal and Plastic","Set up, operate, or tend milling or planing machines to mill, plane, shape, groove, or profile metal or plastic work pieces.",52800.0,12460.0,0.3441422594142259,0.1873048907388137,0.2657235750765198,7.0,2.41,1.19,1.0,1.0,4.38,2.0,2.9891989198919893,18.83,2.62,3.0,3.12,2.62,2.88,1.38,2.88,2.62,2.75,2.75,2.12,2.62,1.5,1.62,2.0,1.75,3.38,1.88,3.88,1.88,1.5,2.88,2.38,2.0,2.62,2.12,2.0,1.62,2.62,2.75
51-4041.00,51-4041,Machinists,"Set up and operate a variety of machine tools to produce precision parts and instruments out of metal. Includes precision instrument makers who fabricate, modify, or repair mechanical instruments. May also fabricate and modify parts to make or repair machine tools or maintain industrial machines, applying knowledge of mechanics, mathematics, metal properties, layout, and machining procedures.",58750.0,287050.0,0.4069037656903765,0.8231009365244537,0.6150023511074152,7.0,3.7,1.95,1.16,1.21,4.4,3.0,2.5417,0.0,2.75,3.0,3.12,2.88,2.88,1.5,3.0,2.5,3.0,3.0,2.5,2.75,1.62,1.75,2.0,2.38,3.25,2.0,3.12,2.25,1.75,3.0,2.88,2.25,2.88,2.5,2.5,1.88,2.88,3.0
51-4051.00,51-4051,Metal-Refining Furnace Operators and Tenders,"Operate or tend furnaces, such as gas, oil, coal, electric-arc or electric induction, open-hearth, or oxygen furnaces, to melt and refine metal before casting or to produce specified types of steel.",54430.0,16780.0,0.3556485355648535,0.2580645161290322,0.3068565258469429,6.88,2.75,1.05,1.01,1.0,3.97,2.0,1.6414000000000002,0.0,2.88,3.0,3.0,2.5,3.0,2.0,3.0,2.75,3.0,2.75,2.62,2.75,1.75,2.0,2.62,2.12,3.75,1.75,3.88,2.25,1.0,3.0,2.75,2.12,2.88,2.38,2.62,1.25,2.88,2.88
51-4052.00,51-4052,"Pourers and Casters, Metal",Operate hand-controlled mechanisms to pour and regulate the flow of molten metal into molds to produce castings or ingots.,51810.0,4560.0,0.3294979079497908,0.0707596253902185,0.2001287666700046,7.0,2.45,1.14,1.05,1.0,3.76,2.0,1.7996,0.0,2.25,3.0,3.0,2.0,2.75,1.88,2.75,2.0,2.5,2.88,2.0,3.0,1.75,2.12,2.0,2.0,3.12,1.75,3.12,2.0,1.25,2.88,2.12,2.0,2.5,2.0,1.88,1.38,2.88,2.5
51-4061.00,51-4061,"Model Makers, Metal and Plastic","Set up and operate machines, such as lathes, milling and engraving machines, and jig borers to make working models of metal or plastic objects. Includes template makers.",63340.0,2610.0,0.4738493723849372,0.0343392299687825,0.2540943011768599,6.86,2.91,2.66,1.05,1.0,4.03,3.0,2.8938,0.83,2.5,2.75,3.25,2.62,2.88,1.62,2.62,2.38,2.75,2.5,1.88,3.0,1.62,1.88,1.88,1.75,3.62,2.38,3.5,1.88,2.0,3.25,2.88,1.5,2.25,2.25,2.12,2.0,3.0,3.0
51-4062.00,51-4062,"Patternmakers, Metal and Plastic","Lay out, machine, fit, and assemble castings and parts to metal or plastic foundry patterns, core boxes, or match plates.",58000.0,1470.0,0.3922594142259414,0.0176899063475546,0.204974660286748,6.21,1.73,3.37,1.0,1.0,4.21,3.0,2.946794679467947,0.11,2.62,3.0,3.0,2.38,3.0,1.5,3.0,2.25,3.0,2.62,2.38,2.88,1.25,1.38,2.0,2.0,3.12,2.38,3.38,2.0,2.12,3.12,2.12,2.0,2.62,2.12,2.12,2.0,2.88,2.25
51-4071.00,51-4071,Foundry Mold and Coremakers,Make or form wax or sand cores or molds used in the production of metal castings in foundries.,48110.0,12790.0,0.2447698744769874,0.1945889698231009,0.2196794221500442,6.82,2.27,2.14,1.05,1.0,3.5,2.0,1.6437,0.0,2.38,2.88,2.88,2.0,2.25,1.25,2.62,2.0,2.62,2.25,2.12,2.62,1.75,1.75,2.0,2.0,2.62,1.62,3.0,2.0,1.0,2.38,2.0,2.0,2.25,2.0,1.88,1.38,2.88,2.12
51-4072.00,51-4072,"Molding, Coremaking, and Casting Machine Setters, Operators, and Tenders, Metal and Plastic","Set up, operate, or tend metal or plastic molding, casting, or coremaking machines to mold or cast metal or thermoplastic parts or products.",44350.0,150470.0,0.1589958158995816,0.7117585848074922,0.4353772003535369,6.97,2.28,1.35,1.08,1.08,4.28,2.0,1.8396,0.0,2.88,3.25,3.0,2.25,3.12,1.12,3.0,2.62,2.75,2.38,2.25,2.75,1.5,1.5,2.25,2.12,3.12,1.88,3.38,2.12,1.38,3.0,2.88,2.12,2.88,1.62,2.12,1.38,3.0,2.88
51-4081.00,51-4081,"Multiple Machine Tool Setters, Operators, and Tenders, Metal and Plastic","Set up, operate, or tend more than one type of cutting or forming machine tool or robot.",47180.0,124590.0,0.2207112970711297,0.6722164412070759,0.4464638691391028,7.0,2.27,1.0,1.08,1.0,4.59,2.0,2.2961,0.0,2.88,3.0,3.0,2.25,3.0,1.25,3.0,2.75,3.0,2.88,2.75,3.12,2.0,2.0,2.12,2.25,3.12,2.0,4.0,2.38,1.88,3.38,3.0,2.38,3.0,2.38,2.25,1.88,2.88,3.0
51-4111.00,51-4111,Tool and Die Makers,"Analyze specifications, lay out metal stock, set up and operate machine tools, and fit and assemble parts to make and repair dies, cutting tools, jigs, fixtures, gauges, and machinists' hand tools.",64050.0,56930.0,0.4864016736401673,0.518210197710718,0.5023059356754427,6.94,2.98,1.9,1.0,1.0,4.19,3.0,2.6079000000000003,0.0,3.0,3.0,3.12,2.75,2.88,1.75,2.88,2.25,3.0,2.88,2.12,3.12,1.38,1.62,1.88,1.88,3.25,2.88,3.25,1.88,1.62,3.25,2.88,1.75,2.5,2.75,2.38,2.75,3.12,3.0
51-4121.00,51-4121,"Welders, Cutters, Solderers, and Brazers","Use hand-welding, flame-cutting, hand-soldering, or brazing equipment to weld or join metal components or to fill holes, indentations, or seams of fabricated metal products.",53750.0,416210.0,0.3514644351464435,0.8751300728407908,0.6132972539936171,7.0,2.08,1.4,1.08,1.53,3.65,2.0,2.223822382238224,0.94,2.25,2.62,2.88,2.12,2.5,1.62,2.62,1.75,2.5,2.38,2.0,2.88,1.62,1.62,1.88,1.88,2.62,1.75,2.75,1.88,1.0,3.12,1.88,2.12,2.25,2.25,2.12,1.5,2.75,2.5
51-4122.00,51-4122,"Welding, Soldering, and Brazing Machine Setters, Operators, and Tenders","Set up, operate, or tend welding, soldering, or brazing machines or robots that weld, braze, solder, or heat treat metal products, components, or assemblies. Includes workers who operate laser cutters or laser-beam machines.",47920.0,31600.0,0.2379707112970711,0.3975026014568158,0.3177366563769435,7.0,2.02,1.29,1.13,1.5,3.9,2.0,2.3481,0.0,2.62,3.0,3.0,2.12,3.0,1.75,3.0,2.25,3.0,2.62,2.12,2.75,1.62,2.0,2.12,2.0,3.25,1.88,3.38,2.0,1.12,2.25,2.25,2.0,2.38,2.12,2.12,1.62,2.62,2.25
51-4191.00,51-4191,"Heat Treating Equipment Setters, Operators, and Tenders, Metal and Plastic","Set up, operate, or tend heating equipment, such as heat-treating furnaces, flame-hardening machines, induction machines, soaking pits, or vacuum equipment to temper, harden, anneal, or heat treat metal or plastic objects.",48750.0,14000.0,0.2656903765690376,0.2190426638917794,0.2423665202304085,6.82,2.2,1.0,1.57,1.0,4.07,2.0,1.9059,0.0,2.75,3.12,3.0,2.88,2.88,2.0,3.12,2.88,2.75,2.88,2.88,3.0,1.62,1.75,2.38,1.88,3.75,1.88,3.75,1.88,1.75,3.12,2.75,2.12,2.62,2.12,2.12,1.0,2.75,2.75
51-4192.00,51-4192,"Layout Workers, Metal and Plastic","Lay out reference points and dimensions on metal or plastic stock or workpieces, such as sheets, plates, tubes, structural shapes, castings, or machine parts, for further processing. Includes shipfitters.",63870.0,5970.0,0.4832635983263598,0.0926118626430801,0.28793773048472,6.48,2.83,2.88,1.02,1.0,3.89,2.0,2.627537246275372,0.0,2.75,2.88,3.0,3.12,3.0,1.25,2.88,2.5,3.0,2.88,2.38,3.0,1.5,1.5,1.88,1.88,2.88,2.25,3.0,2.12,1.12,3.0,2.0,2.0,2.75,2.12,2.12,1.62,2.75,2.12
51-4193.00,51-4193,"Plating Machine Setters, Operators, and Tenders, Metal and Plastic","Set up, operate, or tend plating machines to coat metal or plastic products with chromium, zinc, copper, cadmium, nickel, or other metal to protect or decorate surfaces. Typically, the product being coated is immersed in molten metal or an electrolytic solution.",43960.0,32410.0,0.1548117154811715,0.4006243496357961,0.2777180325584838,7.0,2.23,1.41,1.0,1.0,4.1,2.0,1.6576,3.43,2.12,3.12,3.0,2.0,3.12,2.0,3.0,2.75,2.62,3.0,2.25,2.88,1.5,1.88,2.12,2.38,3.12,1.88,3.25,2.38,1.0,3.0,2.25,2.25,2.62,2.0,2.0,1.38,3.0,2.38
51-4194.00,51-4194,"Tool Grinders, Filers, and Sharpeners","Perform precision smoothing, sharpening, polishing, or grinding of metal objects.",50060.0,5600.0,0.2918410041841004,0.0884495317377731,0.1901452679609367,7.0,2.02,1.25,1.0,1.0,4.15,2.0,2.405959404059594,0.0,2.75,2.75,3.25,2.75,2.88,1.12,2.5,2.5,2.88,2.38,2.5,2.88,2.0,2.12,2.38,2.25,3.75,1.88,3.88,2.25,1.5,3.5,3.38,2.12,2.5,2.5,2.25,1.88,2.75,3.0
51-4199.00,51-4199,"Metal Workers and Plastic Workers, All Other",All metal workers and plastic workers not listed separately.,45950.0,15900.0,0.1893305439330544,0.2497398543184183,0.2195351991257363,,,,,,,,,,,,,,,,,,,,,,,,,,,,,,,,,,,,,,,
51-5111.00,51-5111,Prepress Technicians and Workers,Format and proof text and images submitted by designers and clients into finished pages that can be printed. Includes digital and photo typesetting. May produce printing plates.,48690.0,23840.0,0.2625523012552301,0.3402705515088449,0.3014114263820375,5.01,1.96,3.1,1.65,1.35,5.76,3.0,3.39013901390139,5.2,2.88,3.12,3.12,2.0,3.0,1.62,3.12,2.88,3.0,3.0,2.75,3.0,1.5,1.75,2.25,2.62,2.62,2.0,3.0,2.88,1.75,2.75,2.12,2.62,2.88,2.38,2.38,1.75,3.12,2.12
51-5112.00,51-5112,Printing Press Operators,"Set up and operate digital, letterpress, lithographic, flexographic, gravure, or other printing machines. Includes short-run offset printing presses.",45780.0,144260.0,0.1851464435146443,0.7023933402705516,0.4437698918925979,4.8,1.18,1.74,1.71,1.77,5.43,2.0,2.3054,0.0,2.88,3.12,3.12,2.12,3.12,1.0,3.12,2.38,3.0,3.0,2.25,3.12,1.62,2.12,2.12,2.0,3.25,1.62,3.62,2.38,1.5,3.88,3.12,2.12,2.75,2.25,2.25,1.5,3.12,3.12
51-5113.00,51-5113,Print Binding and Finishing Workers,Bind books and other publications or finish printed products by hand or machine. May set up binding and finishing machines.,42290.0,33180.0,0.131276150627615,0.4058272632674297,0.2685517069475224,5.44,1.2,2.05,1.47,1.23,5.49,2.0,2.100989901009899,0.0,2.5,2.88,3.25,2.12,3.12,1.12,3.0,2.75,3.0,2.88,2.88,3.12,1.62,1.62,2.5,2.12,2.88,1.25,3.38,2.12,1.62,3.0,2.88,2.62,2.62,2.5,2.38,1.62,2.88,2.62
51-6011.00,51-6011,Laundry and Dry-Cleaning Workers,"Operate or tend washing or dry-cleaning machines to wash or dry-clean industrial or household articles, such as cloth garments, suede, leather, furs, blankets, draperies, linens, rugs, and carpets. Includes spotters and dyers of these articles.",34890.0,198040.0,0.0156903765690376,0.7721123829344433,0.3939013797517404,6.38,1.0,1.18,1.36,1.54,4.26,2.0,1.354,0.0,2.62,3.0,2.75,1.62,2.75,1.0,2.88,2.12,2.38,2.5,2.38,2.75,1.62,1.62,2.25,2.25,2.75,1.62,2.88,2.25,1.0,2.25,1.75,2.38,2.88,2.0,2.0,1.0,2.88,2.12
51-6021.00,51-6021,"Pressers, Textile, Garment, and Related Materials",Press or shape articles by hand or machine.,35060.0,26120.0,0.0198744769874477,0.3600416233090531,0.1899580501482504,6.38,1.46,2.31,1.15,1.0,3.5,2.0,2.7132000000000005,14.15,2.12,2.0,2.5,1.62,2.0,1.0,2.12,1.75,2.25,2.0,1.25,2.12,1.5,1.5,1.5,1.75,3.0,1.5,2.5,1.75,1.0,2.12,1.75,1.88,2.0,1.62,1.88,1.5,2.5,2.25
51-6031.00,51-6031,Sewing Machine Operators,"Operate or tend sewing machines to join, reinforce, decorate, or perform related sewing operations in the manufacture of garment or nongarment products.",36670.0,104880.0,0.0507322175732217,0.6378772112382934,0.3443047144057576,6.78,1.37,1.75,1.16,1.15,3.97,2.0,1.626962696269627,0.0,2.12,2.75,2.75,2.0,2.62,1.0,2.12,2.0,2.75,2.5,2.0,2.75,1.75,1.75,1.75,1.75,2.62,1.62,2.75,1.75,1.0,2.75,1.88,1.75,2.38,1.88,1.88,1.0,2.75,2.12
51-6041.00,51-6041,Shoe and Leather Workers and Repairers,"Construct, decorate, or repair leather and leather-like products, such as luggage, shoes, and saddles. May use hand tools.",37800.0,7450.0,0.0700836820083682,0.1103017689906347,0.0901927254995014,6.94,1.63,3.13,1.32,1.53,3.19,2.0,1.5638999999999998,0.0,2.38,3.0,3.0,1.88,2.88,1.0,3.0,2.12,2.38,2.88,2.25,2.88,1.62,1.88,2.12,2.0,2.25,1.62,2.88,2.25,1.0,2.5,1.5,2.88,2.88,1.88,1.5,1.38,2.75,2.0
51-6042.00,51-6042,Shoe Machine Operators and Tenders,"Operate or tend a variety of machines to join, decorate, reinforce, or finish shoes and shoe parts.",35650.0,3280.0,0.0334728033472803,0.0489073881373569,0.0411900957423186,6.71,1.77,1.67,1.3,1.54,3.88,2.0,1.8509,0.0,2.12,3.0,3.0,2.0,3.12,1.12,2.75,2.12,2.62,2.25,2.12,2.62,1.88,1.88,2.12,2.12,3.0,1.75,3.0,2.12,1.25,2.88,2.62,2.12,2.25,2.12,2.12,1.38,2.75,2.75
51-6051.00,51-6051,"Sewers, Hand","Sew, join, reinforce, or finish, usually with needle and thread, a variety of manufactured items. Includes weavers and stitchers.",36480.0,2190.0,0.0481171548117154,0.028095733610822,0.0381064442112687,6.48,1.0,2.39,1.56,1.15,3.25,2.0,1.3657,0.52,2.38,2.62,2.5,2.0,2.5,1.0,2.62,1.88,2.62,2.12,2.0,2.88,1.5,1.88,2.0,1.88,2.25,1.88,2.25,1.88,1.12,2.25,1.0,2.12,2.12,2.0,1.75,1.38,2.75,2.0
51-6052.00,51-6052,"Tailors, Dressmakers, and Custom Sewers","Design, make, alter, repair, or fit garments.",41640.0,13920.0,0.1223849372384937,0.2174817898022892,0.1699333635203915,5.88,1.16,3.96,1.99,2.44,3.13,2.0,2.3698,9.46,2.62,3.0,3.0,1.88,2.62,1.0,3.0,2.5,2.62,2.62,2.12,2.75,1.75,1.62,2.0,2.12,2.25,2.38,2.5,2.12,1.0,2.12,2.0,2.62,2.88,2.0,2.0,1.88,3.12,2.12
51-6061.00,51-6061,Textile Bleaching and Dyeing Machine Operators and Tenders,"Operate or tend machines to bleach, shrink, wash, dye, or finish textiles or synthetic or glass fibers.",38180.0,5310.0,0.0774058577405857,0.0832466181061394,0.0803262379233626,6.77,2.07,1.27,1.27,1.21,4.18,2.0,1.8851114888511151,0.0,2.12,3.0,2.88,2.5,2.88,1.62,2.88,2.5,2.62,2.75,2.0,2.88,1.62,1.75,2.0,2.0,3.38,1.62,3.75,2.0,1.38,2.88,2.5,2.0,2.62,2.12,2.12,1.62,3.0,2.62
51-6062.00,51-6062,"Textile Cutting Machine Setters, Operators, and Tenders","Set up, operate, or tend machines that cut textiles.",38760.0,9000.0,0.0857740585774058,0.1404786680541103,0.113126363315758,6.36,1.55,1.51,1.22,1.56,4.49,2.0,1.6769,0.0,2.5,3.0,2.88,2.12,2.75,1.0,3.0,2.62,2.75,3.0,2.25,2.88,1.75,1.88,2.38,1.88,3.38,1.75,3.75,1.88,1.75,3.12,3.0,1.88,2.5,2.38,2.12,1.75,2.88,3.0
51-6063.00,51-6063,"Textile Knitting and Weaving Machine Setters, Operators, and Tenders","Set up, operate, or tend machines that knit, loop, weave, or draw in textiles.",39530.0,13030.0,0.0972803347280334,0.1997918834547346,0.148536109091384,6.95,1.81,1.56,1.02,1.36,4.28,2.0,1.9468,0.0,2.0,3.0,2.88,1.88,2.75,1.12,2.88,2.38,2.5,2.38,2.12,2.5,1.5,1.5,2.0,1.88,3.0,1.75,3.38,1.62,1.25,2.88,2.25,2.12,2.25,2.12,2.0,1.25,2.62,2.5
51-6064.00,51-6064,"Textile Winding, Twisting, and Drawing Out Machine Setters, Operators, and Tenders","Set up, operate, or tend machines that wind or twist textiles; or draw out and combine sliver, such as wool, hemp, or synthetic fibers. Includes slubber machine and drawing frame operators.",38670.0,22020.0,0.0847280334728033,0.3184183142559833,0.2015731738643933,6.5,1.48,1.33,1.0,1.53,4.32,2.0,1.4616,0.0,2.38,3.0,3.0,2.0,2.5,1.0,3.12,2.38,2.5,2.62,2.38,2.62,1.75,1.75,2.38,1.88,3.5,1.75,3.62,1.88,1.0,3.12,2.5,2.0,2.5,2.25,2.25,1.38,2.5,2.88
51-6091.00,51-6091,"Extruding and Forming Machine Setters, Operators, and Tenders, Synthetic and Glass Fibers","Set up, operate, or tend machines that extrude and form continuous filaments from synthetic materials, such as liquid polymer, rayon, and fiberglass.",46350.0,12850.0,0.2018828451882845,0.1977107180020811,0.1997967815951828,6.5,2.21,1.27,1.22,1.41,4.05,2.0,1.8705,0.0,2.75,3.0,2.88,2.0,2.88,1.25,3.0,2.62,3.0,3.0,2.25,3.0,1.75,2.0,2.12,2.12,3.75,2.0,4.0,2.25,1.25,3.0,2.88,2.12,2.62,2.0,2.0,1.5,3.0,2.88
51-6092.00,51-6092,Fabric and Apparel Patternmakers,Draw and construct sets of precision master fabric patterns or layouts. May also mark and cut fabrics and apparel.,62750.0,2950.0,0.4686192468619247,0.0405827263267429,0.2546009865943338,5.65,1.34,5.4,1.31,1.45,4.17,3.0,3.512851285128513,26.36,3.12,3.38,3.75,3.12,3.12,1.12,3.12,3.0,3.0,2.88,2.88,3.25,2.0,2.0,2.12,2.5,2.5,2.88,3.0,2.62,2.0,3.12,1.25,2.88,2.88,2.75,2.75,2.12,3.25,2.12
51-6093.00,51-6093,Upholsterers,"Make, repair, or replace upholstery for household furniture or transportation vehicles.",46340.0,20140.0,0.2003138075313807,0.2965660770031217,0.2484399422672512,6.81,1.84,2.92,1.38,1.0,2.92,2.0,1.5618,0.0,3.0,3.0,3.5,2.5,3.12,1.25,3.0,2.62,3.0,2.75,2.5,3.0,2.12,2.0,2.38,2.38,2.75,2.12,2.88,2.5,1.0,2.75,2.5,2.88,2.88,2.12,2.25,1.88,3.0,2.38
51-6099.00,51-6099,"Textile, Apparel, and Furnishings Workers, All Other","All textile, apparel, and furnishings workers not listed separately.",37280.0,13530.0,0.057531380753138,0.2081165452653486,0.1328239630092433,,,,,,,,,,,,,,,,,,,,,,,,,,,,,,,,,,,,,,,
51-7011.00,51-7011,Cabinetmakers and Bench Carpenters,"Cut, shape, and assemble wooden articles or set up and operate a variety of woodworking machines, such as power saws, jointers, and mortisers to surface, cut, or shape lumber or to fabricate parts for wood products.",46680.0,77170.0,0.209205020920502,0.5848074921956296,0.3970062565580658,7.0,2.05,2.5,1.11,1.23,3.38,2.0,2.1526,0.0,2.75,2.88,3.0,2.88,2.88,1.38,3.0,2.38,2.88,2.75,2.25,3.0,1.75,1.75,2.5,2.0,3.12,3.0,3.5,2.25,1.62,3.38,2.88,2.38,2.62,2.0,2.25,1.88,3.0,3.0
51-7021.00,51-7021,Furniture Finishers,"Shape, finish, and refinish damaged, worn, or used furniture or new high-grade furniture to specified color or finish.",44540.0,14480.0,0.1631799163179916,0.2320499479708636,0.1976149321444276,7.0,1.45,2.93,1.25,1.0,2.87,2.0,1.6770999999999998,0.0,2.75,3.12,3.12,2.0,2.75,1.12,3.0,2.38,2.88,2.88,2.75,3.0,1.88,2.12,2.62,2.25,2.75,2.12,3.0,2.5,1.12,2.88,2.38,2.88,2.75,2.12,2.12,1.5,3.0,2.5
51-7031.00,51-7031,"Model Makers, Wood",Construct full-size and scale wooden precision models of products. Includes wood jig builders and loft workers.,56550.0,280.0,0.3760460251046025,0.0031217481789802,0.1895838866417913,7.0,2.57,3.79,1.38,1.59,3.99,3.0,2.6659,14.33,2.75,2.88,3.0,2.38,3.0,1.62,3.0,2.62,2.75,2.75,2.25,3.0,1.38,1.62,2.12,1.75,2.88,2.88,3.12,2.12,1.0,2.88,1.75,2.38,2.75,2.12,2.0,1.75,3.0,2.12
51-7032.00,51-7032,"Patternmakers, Wood","Plan, lay out, and construct wooden unit or sectional patterns used in forming sand molds for castings.",49630.0,220.0,0.2834728033472803,0.0010405827263267,0.1422566930368035,6.58,2.06,4.06,1.29,1.26,4.04,3.0,2.5695,0.0,2.75,3.0,3.0,3.0,3.12,1.75,2.88,2.62,3.12,2.5,2.12,2.88,2.38,2.25,2.12,1.75,3.12,2.88,3.12,1.88,1.62,3.0,2.25,2.12,2.88,2.25,2.25,1.88,2.88,2.38
51-7041.00,51-7041,"Sawing Machine Setters, Operators, and Tenders, Wood","Set up, operate, or tend wood sawing machines. May operate computer numerically controlled (CNC) equipment. Includes lead sawyers.",42770.0,40850.0,0.1401673640167364,0.4568158168574401,0.2984915904370883,7.0,2.36,1.0,1.16,1.0,3.87,2.0,2.0675,0.0,2.12,2.75,3.0,2.0,2.38,1.25,2.62,1.75,2.62,2.62,2.0,2.75,1.5,1.75,2.0,1.88,3.12,1.88,3.12,1.88,1.12,3.0,2.62,1.88,2.5,2.0,2.0,1.38,2.75,3.0
51-7042.00,51-7042,"Woodworking Machine Setters, Operators, and Tenders, Except Sawing","Set up, operate, or tend woodworking machines, such as drill presses, lathes, shapers, routers, sanders, planers, and wood nailing machines. May operate computer numerically controlled (CNC) equipment.",43380.0,61420.0,0.1485355648535564,0.5348595213319459,0.3416975430927512,7.0,2.38,1.13,1.2,1.02,4.14,2.0,1.9076,1.72,2.5,2.88,3.0,2.38,2.75,1.5,3.0,1.88,2.75,2.12,1.88,2.88,1.62,1.75,1.88,1.88,3.5,1.88,3.62,1.88,1.75,3.25,2.88,1.88,2.25,1.75,2.0,1.88,2.75,3.0
51-7099.00,51-7099,"Woodworkers, All Other",All woodworkers not listed separately.,44530.0,5490.0,0.1621338912133891,0.0853277835587929,0.123730837386091,,,,,,,,,,,,,,,,,,,,,,,,,,,,,,,,,,,,,,,
51-8011.00,51-8011,Nuclear Power Reactor Operators,"Operate or control nuclear reactors. Move control rods, start and stop equipment, monitor and adjust controls, and record data in logs. Implement emergency procedures when needed. May respond to abnormalities, determine cause, and recommend corrective action.",122890.0,5150.0,0.8828451882845189,0.0801248699271592,0.481485029105839,5.4,3.12,1.0,2.07,2.6,5.14,3.0,3.273527352735273,15.32,3.12,3.88,3.88,2.75,4.0,2.75,3.25,3.5,3.75,3.25,3.0,3.5,2.0,2.0,3.0,2.75,4.0,1.38,4.0,2.88,2.0,3.25,1.38,2.88,3.0,3.12,2.88,1.38,3.38,3.0
51-8012.00,51-8012,Power Distributors and Dispatchers,"Coordinate, regulate, or distribute electricity or steam.",106730.0,8520.0,0.8378661087866108,0.1300728407908428,0.4839694747887268,5.2,2.43,1.0,1.98,3.09,5.11,3.0,3.5191,5.64,3.0,3.62,3.62,2.75,3.62,1.88,3.5,3.12,3.25,3.0,2.75,3.25,1.62,1.75,2.75,2.62,3.12,2.12,3.25,2.62,1.38,2.75,1.75,2.62,2.75,2.88,2.75,1.62,3.0,2.25
51-8013.00,51-8013,Power Plant Operators,"Control, operate, or maintain machinery to generate electric power. Includes auxiliary equipment operators.",102040.0,29320.0,0.8007322175732218,0.3818938605619146,0.5913130390675683,6.84,2.84,1.0,1.25,1.94,5.11,2.0,3.0121,12.54,2.88,3.25,3.75,2.0,3.12,2.0,3.38,3.0,3.25,3.0,2.12,3.12,1.88,1.88,2.25,2.0,3.88,1.75,4.0,2.12,1.75,3.12,3.0,2.38,2.88,2.88,2.25,1.75,2.88,3.0
51-8013.03,51-8013,Biomass Plant Technicians,Control and monitor biomass plant activities and perform maintenance as needed.,102040.0,29320.0,0.8007322175732218,0.3818938605619146,0.5913130390675683,6.97,3.12,1.0,1.22,1.75,4.82,2.0,2.9071,9.72,3.0,3.0,3.12,2.75,3.0,2.25,3.0,3.0,3.0,3.0,2.75,3.12,1.88,2.0,2.12,2.75,3.88,2.12,4.0,2.62,1.75,3.0,2.75,2.75,2.75,2.75,2.75,1.88,3.0,2.75
51-8013.04,51-8013,Hydroelectric Plant Technicians,"Monitor and control activities associated with hydropower generation. Operate plant equipment, such as turbines, pumps, valves, gates, fans, electric control boards, and battery banks. Monitor equipment operation and performance and make necessary adjustments to ensure optimal performance. Perform equipment maintenance and repair as necessary.",102040.0,29320.0,0.8007322175732218,0.3818938605619146,0.5913130390675683,7.0,3.28,1.0,1.21,1.77,4.68,3.0,4.0830916908309165,6.88,3.0,3.12,3.88,3.0,3.25,2.38,3.12,3.0,3.0,3.0,2.62,3.12,1.88,2.0,2.12,2.12,3.75,1.5,3.88,2.5,1.75,3.0,3.5,2.62,2.88,2.75,2.75,1.88,3.0,3.38
51-8021.00,51-8021,Stationary Engineers and Boiler Operators,"Operate or maintain stationary engines, boilers, or other mechanical equipment to provide utilities for buildings or industrial processes. Operate equipment such as steam engines, generators, motors, turbines, and steam boilers.",78620.0,28250.0,0.6438284518828452,0.3704474505723205,0.5071379512275829,7.0,3.16,1.0,1.1,1.22,4.4,3.0,2.8777,0.0,3.12,3.25,3.25,2.12,3.12,2.25,3.0,2.88,3.12,3.12,2.75,3.12,1.5,1.88,2.38,2.38,3.38,1.62,4.0,2.5,1.38,3.12,3.25,2.12,2.75,2.62,2.88,1.5,3.0,3.25
51-8031.00,51-8031,Water and Wastewater Treatment Plant and System Operators,"Operate or control an entire process or system of machines, often through the use of control boards, to transfer or treat water or wastewater.",60020.0,128490.0,0.4246861924686193,0.6753381893860562,0.5500121909273377,6.75,2.55,1.0,1.57,1.62,4.6,2.0,2.6667,0.0,2.75,3.12,3.0,2.88,3.0,2.62,3.12,2.75,3.0,3.0,2.75,3.0,1.62,2.0,2.0,2.0,4.0,1.62,3.88,2.0,1.62,3.12,3.12,2.5,2.75,2.88,2.88,1.5,3.0,3.12
51-8091.00,51-8091,Chemical Plant and System Operators,Control or operate entire chemical processes or system of machines.,78120.0,16610.0,0.6338912133891214,0.2559833506763788,0.44493728203275,6.22,3.18,1.0,1.22,1.6,5.16,2.0,3.5139,36.78,3.25,3.38,3.5,2.62,3.25,2.88,3.12,3.0,3.25,2.88,2.62,3.25,1.88,1.88,2.75,2.25,4.0,2.12,4.12,2.38,1.75,3.62,2.75,2.5,2.62,2.62,2.88,1.0,3.25,2.88
51-8092.00,51-8092,Gas Plant Operators,Distribute or process gas for utility companies and others by controlling compressors to maintain specified pressures on main pipelines.,87820.0,18030.0,0.7144351464435147,0.2715920915712799,0.4930136190073972,6.65,2.58,1.0,1.46,2.28,5.19,2.0,2.6258,0.0,2.88,3.0,3.5,2.88,3.12,2.0,3.0,3.0,3.0,3.0,2.75,3.25,2.0,2.0,2.75,2.5,3.75,1.88,4.12,2.62,1.62,3.25,2.88,2.25,2.88,2.75,2.62,1.88,3.0,3.0
51-8093.00,51-8093,"Petroleum Pump System Operators, Refinery Operators, and Gaugers","Operate or control petroleum refining or processing units. May specialize in controlling manifold and pumping systems, gauging or testing oil in storage tanks, or regulating the flow of oil into pipelines.",96710.0,33160.0,0.7562761506276151,0.404786680541103,0.5805314155843591,6.17,2.44,1.0,1.33,2.24,5.06,2.0,2.0427,0.0,3.0,3.0,3.0,2.62,3.5,2.0,3.12,3.0,3.12,2.88,2.62,3.0,1.88,1.88,2.5,2.25,3.75,1.88,4.0,2.12,1.88,2.88,2.62,2.25,2.88,2.75,2.5,1.5,3.0,2.88
51-8099.00,51-8099,"Plant and System Operators, All Other",All plant and system operators not listed separately.,62470.0,14080.0,0.4623430962343096,0.2211238293444329,0.3417334627893713,,,,,,,,,,,,,,,,,,,,,,,,,,,,,,,,,,,,,,,
51-8099.01,51-8099,Biofuels Processing Technicians,"Calculate, measure, load, mix, and process refined feedstock with additives in fermentation or reaction process vessels and monitor production process. Perform, and keep records of, plant maintenance, repairs, and safety inspections.",62470.0,14080.0,0.4623430962343096,0.2211238293444329,0.3417334627893713,5.87,3.28,1.0,1.0,2.13,5.33,2.0,2.3971,0.0,2.88,3.25,3.12,2.88,3.5,2.88,3.25,3.12,2.88,3.12,3.0,2.88,1.75,2.25,2.5,2.88,3.75,1.12,3.88,2.88,1.62,3.38,3.0,3.0,3.12,2.88,2.88,1.5,2.88,3.0
51-9011.00,51-9011,Chemical Equipment Operators and Tenders,"Operate or tend equipment to control chemical changes or reactions in the processing of industrial or consumer products. Equipment used includes devulcanizers, steam-jacketed kettles, and reactor vessels.",58040.0,139630.0,0.3933054393305439,0.6919875130072841,0.542646476168914,6.57,3.16,1.0,1.12,1.27,4.56,2.0,3.0056,1.77,3.0,3.38,3.38,2.88,3.38,2.62,3.12,3.0,3.12,3.0,2.62,3.38,1.5,2.0,2.5,2.0,3.88,2.0,3.88,2.12,1.62,3.0,2.38,2.5,2.75,2.75,2.75,1.75,3.0,3.0
51-9012.00,51-9012,"Separating, Filtering, Clarifying, Precipitating, and Still Machine Setters, Operators, and Tenders","Set up, operate, or tend continuous flow or vat-type equipment; filter presses; shaker screens; centrifuges; condenser tubes; precipitating, fermenting, or evaporating tanks; scrubbing towers; or batch stills. These machines extract, sort, or separate liquids, gases, or solids from other materials to recover a refined product. Includes dairy processing equipment operators.",51610.0,60100.0,0.3284518828451883,0.5306971904266389,0.4295745366359136,6.27,2.29,1.0,1.1,1.09,4.47,2.0,2.0478,1.08,2.88,3.0,3.12,2.62,3.0,2.5,2.88,2.88,2.88,2.88,2.62,3.0,1.88,2.0,2.75,2.12,3.12,1.75,3.75,2.5,1.75,3.12,2.88,2.38,2.75,2.62,2.0,1.88,3.0,2.88
51-9021.00,51-9021,"Crushing, Grinding, and Polishing Machine Setters, Operators, and Tenders","Set up, operate, or tend machines to crush, grind, or polish materials, such as coal, glass, grain, stone, food, or rubber.",48540.0,26000.0,0.2573221757322175,0.3579604578563995,0.3076413167943085,6.84,2.12,1.0,1.0,1.41,4.59,2.0,2.1716,0.0,2.75,3.0,2.88,2.38,3.0,1.88,3.0,2.88,2.88,3.0,2.88,3.0,1.62,1.88,2.38,2.0,3.88,1.25,3.88,2.5,1.25,3.12,2.75,2.38,2.75,2.88,2.62,1.25,3.0,2.88
51-9022.00,51-9022,"Grinding and Polishing Workers, Hand","Grind, sand, or polish, using hand tools or hand-held power tools, a variety of metal, wood, stone, clay, plastic, or glass objects. Includes chippers, buffers, and finishers.",42660.0,10510.0,0.1370292887029288,0.1602497398543184,0.1486395142786236,7.0,1.51,2.0,1.07,1.0,3.25,2.0,2.2109,0.0,2.38,2.88,2.88,2.12,2.75,1.12,2.88,2.38,2.75,2.62,2.25,2.75,1.75,1.88,2.12,2.12,3.12,1.62,3.25,2.25,1.25,3.38,3.0,2.25,2.62,2.25,2.12,1.88,2.75,2.88
51-9023.00,51-9023,"Mixing and Blending Machine Setters, Operators, and Tenders","Set up, operate, or tend machines to mix or blend materials, such as chemicals, tobacco, liquids, color pigments, or explosive ingredients.",48990.0,94920.0,0.2667364016736401,0.6181061394380853,0.4424212705558628,6.56,1.94,1.13,1.09,1.16,4.24,2.0,2.2296,0.0,2.75,2.88,3.12,2.38,3.12,1.88,3.0,2.75,2.75,3.0,2.12,3.0,1.38,1.62,2.0,1.88,3.62,1.12,3.62,1.88,1.38,3.12,3.12,2.0,2.62,2.62,2.12,1.38,3.12,3.12
51-9031.00,51-9031,"Cutters and Trimmers, Hand","Use hand tools or hand-held power tools to cut and trim a variety of manufactured items, such as carpet, fabric, stone, glass, or rubber.",38020.0,6060.0,0.0726987447698744,0.0957336108220603,0.0842161777959674,6.24,1.22,2.2,1.13,1.0,3.75,2.0,1.5399,0.0,2.12,2.88,2.62,2.0,2.75,1.0,2.88,2.12,2.5,2.25,2.12,2.75,1.25,1.5,2.25,2.0,2.25,1.25,2.25,2.12,1.0,2.25,1.0,2.25,2.75,2.0,2.0,1.0,2.88,2.0
51-9032.00,51-9032,"Cutting and Slicing Machine Setters, Operators, and Tenders","Set up, operate, or tend machines that cut or slice materials, such as glass, stone, cork, rubber, tobacco, food, paper, or insulating material.",46570.0,44980.0,0.2081589958158995,0.4724245577523413,0.3402917767841205,6.71,1.61,1.02,1.0,1.2,4.45,2.0,1.707970797079708,0.29,2.62,2.88,3.0,2.62,3.12,1.5,2.62,2.38,2.88,3.0,2.12,2.75,1.62,1.88,2.25,2.0,3.62,1.62,3.75,2.0,1.88,3.5,2.75,2.0,2.75,2.62,2.25,1.75,2.75,3.0
51-9041.00,51-9041,"Extruding, Forming, Pressing, and Compacting Machine Setters, Operators, and Tenders","Set up, operate, or tend machines, such as glass-forming machines, plodder machines, and tuber machines, to shape and form products such as glassware, food, rubber, soap, brick, tile, clay, wax, tobacco, or cosmetics.",45760.0,58770.0,0.1841004184100418,0.5254942767950052,0.3547973476025235,6.54,2.23,1.28,1.04,1.25,4.3,2.0,2.5608000000000004,3.9,2.62,3.0,3.0,2.12,3.0,1.75,3.12,2.75,2.88,2.75,2.25,2.88,1.62,1.75,2.12,1.75,3.75,2.0,3.75,2.0,1.25,3.0,2.75,2.0,2.88,2.25,2.12,1.75,2.75,3.0
51-9051.00,51-9051,"Furnace, Kiln, Oven, Drier, and Kettle Operators and Tenders","Operate or tend heating equipment other than basic metal, plastic, or food processing equipment. Includes activities such as annealing glass, drying lumber, curing rubber, removing moisture from materials, or boiling soap.",48040.0,14280.0,0.2426778242677824,0.2268470343392299,0.2347624293035062,6.83,2.08,1.0,1.29,1.21,4.38,2.0,2.1256,1.84,2.38,3.12,3.12,2.25,3.12,1.88,3.12,2.62,2.38,2.5,2.12,2.38,1.25,1.38,2.12,2.12,3.12,1.5,3.88,2.12,1.25,3.0,1.75,2.12,2.25,2.0,2.0,1.38,2.38,2.12
51-9061.00,51-9061,"Inspectors, Testers, Sorters, Samplers, and Weighers","Inspect, test, sort, sample, or weigh nonagricultural raw materials or processed, machined, fabricated, or assembled parts or products for defects, wear, and deviations from specifications. May use precision measuring instruments and complex test equipment.",48570.0,597370.0,0.2594142259414226,0.9167533818938606,0.5880838039176416,5.73,3.42,1.0,1.0,1.38,5.36,2.0,2.3415,0.0,2.38,3.12,3.25,2.62,3.12,1.62,3.12,3.25,2.88,2.88,2.0,3.12,1.75,1.88,2.12,2.12,2.88,2.0,3.0,2.25,1.5,3.75,1.62,2.38,2.88,2.12,2.12,1.62,3.0,2.25
51-9071.00,51-9071,Jewelers and Precious Stone and Metal Workers,"Design, fabricate, adjust, repair, or appraise jewelry, gold, silver, other precious metals, or gems.",52540.0,22440.0,0.3404811715481171,0.3241415192507804,0.3323113453994488,6.59,2.6,3.7,1.03,1.51,3.35,3.0,3.777522247775222,15.669999999999998,2.38,3.12,3.0,2.0,2.75,1.25,3.0,2.5,2.62,2.88,2.5,2.88,1.62,1.88,2.12,2.25,2.0,1.25,2.12,2.25,1.38,2.12,1.88,2.62,2.88,2.0,1.88,1.75,2.62,1.88
51-9071.06,51-9071,Gem and Diamond Workers,"Fabricate, finish, or evaluate the quality of gems and diamonds used in jewelry or industrial tools.",52540.0,22440.0,0.3404811715481171,0.3241415192507804,0.3323113453994488,5.46,3.09,2.88,1.15,2.14,4.11,3.0,2.8328,19.01,2.5,3.12,3.0,2.75,2.88,1.38,3.12,2.62,2.75,2.62,2.0,2.88,2.12,2.25,2.12,2.25,2.25,2.5,2.75,2.5,1.0,3.38,1.88,2.75,2.75,2.0,1.88,2.0,2.5,2.0
51-9081.00,51-9081,Dental Laboratory Technicians,Construct and repair full or partial dentures or dental appliances.,49610.0,34410.0,0.2813807531380753,0.4193548387096774,0.3503677959238763,6.61,4.46,1.52,2.67,1.0,4.12,2.0,2.6702,7.55,3.0,3.0,3.25,2.0,3.38,2.12,3.0,2.88,3.0,2.75,2.75,3.12,1.88,1.88,2.38,2.38,2.75,1.75,3.12,2.38,1.25,2.88,2.25,2.38,2.88,2.25,2.0,1.88,3.25,2.25
51-9082.00,51-9082,Medical Appliance Technicians,"Construct, maintain, or repair medical supportive devices such as braces, orthotics and prosthetic devices, joints, arch supports, and other surgical and medical appliances.",48030.0,11280.0,0.2416317991631799,0.1701352757544224,0.2058835374588012,7.0,3.96,1.58,3.2,1.0,3.66,3.0,4.316431643164316,27.96,3.0,3.88,3.75,2.75,3.62,1.88,3.62,3.0,3.38,3.0,3.0,3.25,1.88,2.12,2.62,2.75,2.75,2.38,3.5,2.88,1.38,3.75,3.0,3.12,3.5,2.88,2.5,2.38,3.0,3.62
51-9083.00,51-9083,Ophthalmic Laboratory Technicians,"Cut, grind, and polish eyeglasses, contact lenses, or other precision optical elements. Assemble and mount lenses into frames or process other optical elements. Includes precision lens polishers or grinders, centerer-edgers, and lens mounters.",39460.0,18660.0,0.0962343096234309,0.2747138397502601,0.1854740746868455,6.37,2.87,1.7,1.9,1.37,4.13,2.0,3.011001100110011,8.82,2.75,2.88,3.0,2.12,3.0,1.75,2.88,2.75,2.62,2.62,2.25,3.0,1.75,1.75,2.5,2.12,3.25,1.62,3.12,2.25,1.75,3.12,2.62,2.75,2.62,2.25,2.12,1.75,3.12,2.38
51-9111.00,51-9111,Packaging and Filling Machine Operators and Tenders,Operate or tend machines to prepare industrial or consumer products for storage or shipment. Includes cannery workers who pack food products.,43220.0,379060.0,0.1443514644351464,0.8595213319458896,0.501936398190518,6.63,1.37,1.0,1.02,1.84,4.91,2.0,1.9021,0.0,2.38,3.0,2.88,2.12,2.88,1.0,2.75,2.62,2.75,3.0,2.62,2.75,1.25,1.25,2.25,2.25,3.0,1.0,3.25,2.25,1.12,2.88,2.38,2.38,2.88,2.12,2.12,1.38,2.88,2.75
51-9123.00,51-9123,"Painting, Coating, and Decorating Workers","Paint, coat, or decorate articles, such as furniture, glass, plateware, pottery, jewelry, toys, books, or leather.",41600.0,7940.0,0.1208158995815899,0.1207075962539021,0.120761747917746,6.93,1.34,3.42,1.57,1.0,3.4,2.0,1.7778,0.0,2.12,2.88,2.75,1.88,2.75,1.0,2.75,2.25,2.12,2.88,2.12,2.5,1.5,1.62,2.12,2.0,1.5,1.62,2.12,2.0,1.0,2.12,1.38,2.38,2.88,2.0,2.0,1.5,2.62,2.0
51-9124.00,51-9124,"Coating, Painting, and Spraying Machine Setters, Operators, and Tenders","Set up, operate, or tend spraying or rolling machines to coat or paint any of a wide variety of products, including glassware, cloth, ceramics, metal, plastic, paper, or wood, with lacquer, silver, copper, rubber, varnish, glaze, enamel, oil, or rust-proofing materials. Includes painters of transportation vehicles such as painters in auto body repair facilities.",48250.0,158740.0,0.2479079497907949,0.7325702393340271,0.490239094562411,6.98,1.49,2.11,1.23,1.05,3.64,2.0,1.8761,0.0,2.5,2.62,2.75,2.0,2.62,1.12,2.62,2.25,2.88,2.88,2.12,2.62,1.62,1.88,2.0,1.88,3.12,1.5,3.62,1.88,1.38,3.12,3.0,2.12,2.75,2.25,2.12,1.38,2.88,2.88
51-9141.00,51-9141,Semiconductor Processing Technicians,"Perform any or all of the following functions in the manufacture of electronic semiconductors: load semiconductor material into furnace; saw formed ingots into segments; load individual segment into crystal growing chamber and monitor controls; locate crystal axis in ingot using x-ray equipment and saw ingots into wafers; and clean, polish, and load wafers into series of special purpose furnaces, chemical baths, and equipment used to form circuitry and change conductive properties.",51430.0,31460.0,0.3253138075313807,0.3954214360041623,0.3603676217677715,6.4,3.07,1.0,1.11,1.46,5.15,2.0,1.9986,0.32,2.5,3.25,3.38,1.88,3.38,1.88,2.88,2.75,2.75,2.88,2.25,2.88,1.5,1.62,2.25,2.0,2.88,2.12,3.62,2.25,1.62,3.25,2.5,2.12,2.88,2.25,2.0,1.75,2.75,2.88
51-9151.00,51-9151,Photographic Process Workers and Processing Machine Operators,Perform work involved in developing and processing photographic images from film or digital media. May perform precision tasks such as editing photographic negatives and prints.,40610.0,4800.0,0.1108786610878661,0.0759625390218522,0.0934206000548591,5.49,2.13,2.92,1.11,1.11,5.19,2.0,2.401159884011599,5.2,2.88,3.38,3.12,2.0,3.25,1.62,3.25,2.75,3.12,2.75,2.75,3.0,2.0,2.12,2.25,2.88,3.12,1.5,3.5,2.88,2.38,3.38,2.38,3.25,2.88,2.75,2.5,2.0,3.0,2.88
51-9161.00,51-9161,Computer Numerically Controlled Tool Operators,"Operate computer-controlled tools, machines, or robots to machine or process parts, tools, or other work pieces made of metal, plastic, wood, stone, or other materials. May also set up and maintain equipment.",50690.0,169450.0,0.3127615062761506,0.745057232049948,0.5289093691630493,6.44,2.88,1.19,1.0,1.37,5.39,2.0,2.8538,3.22,2.88,3.12,3.62,2.75,2.88,1.62,3.0,2.62,3.12,2.88,2.75,3.0,1.5,1.62,2.38,2.0,4.12,2.5,4.12,1.88,2.12,3.38,3.0,2.0,2.88,2.88,2.88,1.75,3.0,3.12
51-9162.00,51-9162,Computer Numerically Controlled Tool Programmers,"Develop programs to control machining or processing of materials by automatic machine tools, equipment, or systems. May also set up, operate, or maintain equipment.",68120.0,28500.0,0.5313807531380753,0.3720083246618106,0.4516945388999429,4.88,3.62,1.53,1.45,1.68,5.92,2.0,3.2109000000000005,1.86,2.88,3.0,3.0,3.12,3.0,1.88,3.0,2.88,3.12,2.75,2.5,3.0,1.75,1.75,2.12,1.75,3.0,2.88,3.12,2.0,3.75,3.0,2.12,2.0,2.62,3.12,3.0,2.12,3.0,3.0
51-9191.00,51-9191,Adhesive Bonding Machine Operators and Tenders,"Operate or tend bonding machines that use adhesives to join items for further processing or to form a completed product. Processes include joining veneer sheets into plywood; gluing paper; or joining rubber and rubberized fabric parts, plastic, simulated leather, or other materials.",46460.0,11500.0,0.2060669456066945,0.173777315296566,0.1899221304516303,6.49,2.06,1.08,1.0,1.11,4.39,2.0,2.0739073907390737,0.0,2.62,3.12,2.88,2.5,3.0,1.5,3.12,2.75,2.75,3.0,2.25,2.62,1.75,1.75,1.88,1.88,3.88,1.75,3.75,2.0,1.62,3.12,3.0,2.25,2.88,2.75,2.12,1.25,3.0,3.0
51-9192.00,51-9192,"Cleaning, Washing, and Metal Pickling Equipment Operators and Tenders","Operate or tend machines to wash or clean products, such as barrels or kegs, glass items, tin plate, food, pulp, coal, plastic, or rubber, to remove impurities.",43530.0,14760.0,0.1495815899581589,0.2341311134235171,0.1918563516908381,7.0,1.68,1.0,1.0,1.0,4.41,2.0,1.885011498850115,0.0,2.12,2.88,2.88,2.0,2.75,1.5,2.88,2.25,2.5,2.75,2.12,2.62,1.25,1.38,2.25,2.0,3.25,1.38,3.12,2.0,1.12,2.5,1.75,2.12,2.75,2.0,2.0,1.0,2.88,2.25
51-9193.00,51-9193,Cooling and Freezing Equipment Operators and Tenders,"Operate or tend equipment such as cooling and freezing units, refrigerators, batch freezers, and freezing tunnels, to cool or freeze products, food, blood plasma, and chemicals.",41330.0,6900.0,0.1161087866108786,0.105098855359001,0.1106038209849398,6.99,2.32,1.0,1.41,1.12,4.29,2.0,1.9029,0.0,3.0,3.0,3.62,2.38,3.0,1.75,3.12,2.88,3.5,2.88,2.75,3.12,1.75,1.88,2.75,2.38,3.75,1.88,3.88,2.5,1.75,3.12,3.12,2.38,2.75,2.38,2.25,1.62,3.0,3.12
51-9194.00,51-9194,Etchers and Engravers,"Engrave or etch metal, wood, rubber, or other materials. Includes such workers as etcher-circuit processors, pantograph engravers, and silk screen etchers.",43310.0,7750.0,0.1453974895397489,0.1144640998959417,0.1299307947178453,6.52,2.45,3.75,1.38,1.0,3.44,2.0,2.0625062506250624,0.0,2.38,3.0,3.0,2.0,3.12,1.12,3.0,2.25,2.62,2.5,2.25,2.88,1.88,1.88,2.12,2.0,3.0,1.88,3.12,2.12,1.62,3.0,2.12,2.25,2.75,2.0,2.0,2.12,2.75,2.62
51-9195.00,51-9195,"Molders, Shapers, and Casters, Except Metal and Plastic","Mold, shape, form, cast, or carve products such as food products, figurines, tile, pipes, and candles consisting of clay, glass, plaster, concrete, stone, or combinations of materials.",46170.0,33190.0,0.1945606694560669,0.4084287200832466,0.3014946947696568,6.64,2.25,2.14,1.01,1.0,4.29,2.0,,,2.25,2.88,2.62,2.0,2.88,1.0,2.75,2.62,2.5,2.62,2.25,2.38,1.62,1.88,2.5,2.12,3.0,1.38,2.88,2.0,1.0,2.75,2.12,2.25,2.62,1.88,1.88,1.62,2.62,2.25
51-9195.03,51-9195,"Stone Cutters and Carvers, Manufacturing",Cut or carve stone according to diagrams and patterns.,46170.0,33190.0,0.1945606694560669,0.4084287200832466,0.3014946947696568,7.0,1.88,3.83,1.23,1.0,3.75,2.0,2.1020000000000003,0.97,2.5,3.0,3.0,2.25,2.88,1.38,2.88,2.25,2.75,2.62,2.12,3.0,1.62,1.88,2.12,2.12,2.5,2.12,2.5,2.0,1.5,2.38,1.75,2.25,2.75,2.12,2.12,1.75,2.88,2.0
51-9195.04,51-9195,"Glass Blowers, Molders, Benders, and Finishers",Shape molten glass according to patterns.,46170.0,33190.0,0.1945606694560669,0.4084287200832466,0.3014946947696568,6.79,2.5,1.46,1.0,1.48,5.12,2.0,1.8253174682531748,0.0,2.88,3.0,3.0,2.62,3.0,1.75,2.75,2.62,2.75,2.5,2.12,2.75,1.88,2.12,2.38,2.12,3.38,1.88,3.38,2.38,1.38,3.38,2.5,2.0,2.5,2.38,2.25,1.75,2.75,2.5
51-9195.05,51-9195,"Potters, Manufacturing","Operate production machines such as pug mill, jigger machine, or potter's wheel to process clay in manufacture of ceramic, pottery and stoneware products.",46170.0,33190.0,0.1945606694560669,0.4084287200832466,0.3014946947696568,6.92,1.64,2.16,1.0,1.19,3.69,3.0,3.4117,22.610000000000003,2.0,3.0,3.0,2.12,2.75,1.5,2.88,2.38,2.62,2.62,1.88,2.62,1.62,2.12,2.0,1.75,3.12,2.0,3.25,2.0,1.12,2.88,1.38,2.38,2.88,2.12,2.0,1.62,2.38,2.12
51-9196.00,51-9196,"Paper Goods Machine Setters, Operators, and Tenders","Set up, operate, or tend paper goods machines that perform a variety of functions, such as converting, sawing, corrugating, banding, wrapping, boxing, stitching, forming, or sealing paper or paperboard sheets into products.",50270.0,96130.0,0.2970711297071129,0.6222684703433923,0.4596698000252526,6.53,1.72,1.26,1.0,1.45,4.55,2.0,2.00969903009699,0.0,2.88,3.0,3.0,2.12,2.75,1.0,3.0,2.25,2.88,2.88,2.12,2.75,1.62,1.88,2.25,2.25,3.25,2.0,3.62,2.38,1.0,3.12,2.25,2.38,2.88,2.25,2.25,1.88,3.0,2.75
51-9197.00,51-9197,Tire Builders,Operate machines to build tires.,57390.0,20770.0,0.3854602510460251,0.3038501560874089,0.344655203566717,7.0,2.28,1.0,1.09,1.0,3.78,2.0,1.8606,0.53,2.0,3.0,3.0,1.88,2.25,1.0,2.62,2.0,2.25,2.0,2.0,2.75,1.5,1.62,1.88,1.75,3.25,1.38,3.12,1.88,1.25,2.62,1.75,2.12,2.38,1.88,1.75,1.62,2.75,2.12
51-9198.00,51-9198,Helpers--Production Workers,"Help production workers by performing duties requiring less skill. Duties include supplying or holding materials or tools, and cleaning work area and equipment.",39070.0,165700.0,0.0889121338912133,0.7440166493236212,0.4164643916074173,6.54,1.3,1.14,1.67,1.89,4.4,2.0,1.8705,0.0,2.0,2.88,2.75,2.0,2.62,1.25,2.75,1.88,2.25,2.62,2.0,2.25,1.62,1.75,1.88,1.88,2.62,1.62,2.75,1.88,1.25,2.62,2.12,2.12,2.62,2.0,1.88,1.25,2.25,2.12
51-9199.00,51-9199,"Production Workers, All Other",All production workers not listed separately.,40110.0,251700.0,0.102510460251046,0.8074921956295525,0.4550013279402993,,,,,,,,,,,,,,,,,,,,,,,,,,,,,,,,,,,,,,,
53-1041.00,53-1041,Aircraft Cargo Handling Supervisors,"Supervise and coordinate the activities of ground crew in the loading, unloading, securing, and staging of aircraft cargo or baggage. May determine the quantity and orientation of cargo and compute aircraft center of gravity. May accompany aircraft as member of flight crew and monitor and handle cargo in flight, and assist and brief passengers on safety and emergency procedures. Includes loadmasters.",58170.0,9760.0,0.3964435146443514,0.1488033298647242,0.2726234222545378,4.6,2.19,1.0,2.47,5.37,4.79,2.0,2.7568,18.46,3.0,3.62,3.75,3.0,3.25,1.5,3.62,3.12,3.12,3.5,3.12,3.38,1.75,2.12,3.75,2.5,2.75,1.75,2.75,2.75,1.62,2.62,2.0,2.88,3.25,3.0,2.75,1.75,3.62,2.38
53-1042.00,53-1042,"First-Line Supervisors of Helpers, Laborers, and Material Movers, Hand","Directly supervise and coordinate the activities of helpers, laborers, or material movers, hand.",,,,,,3.38,1.13,1.11,3.73,6.16,4.88,2.0,3.2945294529452944,8.52,2.75,3.5,3.38,2.25,3.12,1.38,3.62,3.12,3.38,3.75,3.12,3.12,2.12,2.25,3.62,3.0,2.12,1.75,2.75,2.88,1.25,2.38,1.5,2.75,3.0,2.62,2.88,1.5,3.38,2.0
53-1042.01,53-1042,Recycling Coordinators,Supervise curbside and drop-off recycling programs for municipal governments or private firms.,,,,,,4.0,2.25,1.0,3.37,4.77,4.57,2.0,3.8894110588941104,30.11,3.12,3.62,3.62,2.5,3.5,1.25,3.88,3.12,3.0,3.62,2.88,3.38,2.25,2.25,3.75,2.62,2.25,1.5,2.38,3.12,1.38,2.25,1.0,3.0,3.25,2.88,2.88,1.75,3.62,1.75
53-1043.00,53-1043,First-Line Supervisors of Material-Moving Machine and Vehicle Operators,Directly supervise and coordinate activities of material-moving machine and vehicle operators and helpers.,,,,,,4.76,1.83,1.0,2.56,5.2,4.79,3.0,4.0173000000000005,25.22,3.12,4.0,3.62,2.75,3.62,1.25,3.88,3.38,3.5,4.0,3.12,3.62,1.75,2.5,4.0,3.12,2.25,2.5,2.5,3.0,1.25,2.38,2.25,3.0,3.62,2.88,2.88,1.38,4.0,2.25
53-1044.00,53-1044,First-Line Supervisors of Passenger Attendants,Supervise and coordinate activities of passenger attendants.,,,,,,2.6,1.05,1.0,4.08,6.52,5.23,3.0,,,,,,,,,,,,,,,,,,,,,,,,,,,,,,,,
53-1049.00,53-1049,"First-Line Supervisors of Transportation Workers, All Other",All first-line supervisors of transportation workers not listed separately.,,,,,,,,,,,,,,,,,,,,,,,,,,,,,,,,,,,,,,,,,,,,
53-2011.00,53-2011,"Airline Pilots, Copilots, and Flight Engineers","Pilot and navigate the flight of fixed-wing aircraft, usually on scheduled air carrier routes, for the transport of passengers and cargo. Requires Federal Air Transport certificate and rating for specific aircraft type used. Includes regional, national, and international airline pilots and flight instructors of airline pilots.",232140.0,103560.0,0.9728033472803348,0.63579604578564,0.8042996965329874,4.74,3.15,1.44,2.5,3.81,4.7,4.0,4.629037096290371,61.02,3.75,4.12,4.12,3.12,3.88,2.75,3.75,3.12,3.62,3.62,3.0,4.0,1.62,1.88,2.88,2.62,4.88,2.12,4.62,2.75,1.5,3.12,1.12,2.88,3.25,3.25,3.25,1.62,3.88,3.12
53-2012.00,53-2012,Commercial Pilots,"Pilot and navigate the flight of fixed-wing aircraft on nonscheduled air carrier routes, or helicopters. Requires Commercial Pilot certificate. Includes charter pilots with similar certification, and air ambulance and air tour pilots. Excludes regional, national, and international airline pilots.",123220.0,47630.0,0.893305439330544,0.4797086368366285,0.6865070380835863,4.79,2.55,1.1,2.57,3.92,4.82,3.0,2.669,1.81,3.62,3.88,4.0,2.75,3.75,2.62,3.75,3.0,3.62,3.25,3.0,3.88,1.62,1.88,2.88,2.12,4.75,1.62,4.38,2.88,1.5,2.62,1.88,2.88,3.0,3.12,3.0,1.5,3.0,3.12
53-2021.00,53-2021,Air Traffic Controllers,"Control air traffic on and within vicinity of airport, and movement of air traffic between altitude sectors and control centers, according to established procedures and policies. Authorize, regulate, and control commercial airline flights according to government or company regulations to expedite and ensure flight safety.",148080.0,22510.0,0.9461297071129708,0.3257023933402705,0.6359160502266207,4.55,2.45,1.0,2.68,4.29,4.99,3.0,3.6267626762676266,21.94,3.75,4.38,4.12,2.88,3.75,1.75,4.25,3.12,4.0,3.88,3.12,4.12,1.75,1.75,2.88,2.62,2.5,2.75,3.25,2.88,1.75,2.75,1.12,3.12,3.38,3.25,3.12,1.75,3.5,2.0
53-2022.00,53-2022,Airfield Operations Specialists,"Ensure the safe takeoff and landing of commercial and military aircraft. Duties include coordination between air-traffic control and maintenance personnel, dispatching, using airfield landing and navigational aids, implementing airfield safety procedures, monitoring and maintaining flight records, and applying knowledge of weather information.",56850.0,15190.0,0.3797071129707113,0.2414151925078043,0.3105611527392578,4.63,3.54,1.0,2.49,4.47,4.93,3.0,4.346699999999999,50.86,3.25,4.0,3.75,2.12,3.75,1.62,3.75,3.38,3.38,3.75,3.25,3.25,1.62,2.0,2.88,2.88,2.75,2.5,3.0,2.75,1.38,2.25,1.0,3.0,3.12,3.12,3.12,1.75,3.12,1.62
53-2031.00,53-2031,Flight Attendants,"Monitor safety of the aircraft cabin. Provide services to airline passengers, explain safety information, serve food and beverages, and respond to emergency incidents.",63580.0,131650.0,0.4780334728033473,0.6795005202913632,0.5787669965473552,4.04,2.04,1.27,4.19,3.63,4.41,2.0,2.7553,12.35,3.12,3.88,3.12,2.0,3.12,1.38,4.12,3.0,2.88,3.62,2.88,3.0,1.88,1.88,2.5,2.88,2.0,1.62,2.38,3.0,1.38,2.12,1.0,3.75,3.75,2.0,2.0,1.75,3.12,2.0
53-3011.00,53-3011,"Ambulance Drivers and Attendants, Except Emergency Medical Technicians","Drive ambulance or assist ambulance driver in transporting sick, injured, or convalescent persons. Assist in lifting patients.",35450.0,12630.0,0.030857740585774,0.1930280957336108,0.1119429181596924,6.45,2.45,1.0,4.73,1.53,3.57,2.0,2.6483648364836485,0.0,3.12,3.38,3.5,2.0,3.12,1.62,3.12,2.88,2.88,2.88,3.0,3.0,1.38,2.12,2.25,2.75,3.0,1.75,2.75,2.75,1.12,2.0,2.12,3.5,3.12,2.0,1.88,1.38,2.88,2.38
53-3031.00,53-3031,Driver/Sales Workers,"Drive truck or other vehicle over established routes or within an established territory and sell or deliver goods, such as food products, including restaurant take-out items, or pick up or deliver items such as commercial laundry. May also take orders, collect payment, or stock merchandise at point of delivery.",38770.0,409180.0,0.0868200836820083,0.8730489073881373,0.4799344955350728,5.34,1.0,1.0,2.43,3.67,4.67,2.0,1.649,0.0,2.75,3.75,3.12,2.62,3.0,1.0,3.62,2.75,3.0,2.75,2.12,2.88,1.75,1.75,2.0,2.75,2.75,1.12,2.5,2.88,1.0,2.0,1.25,3.12,3.0,2.0,2.0,1.38,3.0,2.0
53-3032.00,53-3032,Heavy and Tractor-Trailer Truck Drivers,"Drive a tractor-trailer combination or a truck with a capacity of at least 26,001 pounds Gross Vehicle Weight (GVW). May be required to unload truck. Requires commercial drivers' license. Includes tow truck drivers.",58640.0,2062040.0,0.4048117154811715,0.9823100936524454,0.6935609045668085,7.0,1.92,1.0,1.33,1.3,4.1,2.0,1.950895089508951,0.0,2.5,2.88,3.0,2.0,3.0,1.0,3.0,2.75,2.62,2.75,1.88,2.88,1.75,1.88,1.88,2.0,3.75,1.75,3.75,1.88,1.0,2.62,2.88,2.5,2.75,2.12,2.0,1.38,3.0,3.0
53-3033.00,53-3033,Light Truck Drivers,"Drive a light vehicle, such as a truck or van, with a capacity of less than 26,001 pounds Gross Vehicle Weight (GVW), primarily to pick up merchandise or packages from a distribution center and deliver. May load and unload vehicle.",44860.0,983300.0,0.1684100418410042,0.9583766909469302,0.5633933663939672,6.88,1.54,1.02,1.36,2.1,4.42,2.0,1.7946,0.0,2.12,3.12,3.0,2.25,3.12,1.12,3.12,2.75,2.62,2.5,2.25,2.62,1.5,1.62,2.0,1.88,3.12,1.62,2.75,2.0,1.0,2.12,2.0,2.75,2.75,2.12,2.12,1.25,3.0,2.0
53-3051.00,53-3051,"Bus Drivers, School",Drive a school bus to transport students. Ensure adherence to safety rules. May assist students in boarding or exiting.,47920.0,402930.0,0.2379707112970711,0.8709677419354839,0.5544692266162775,5.5,1.61,1.21,4.45,2.18,4.7,2.0,1.6617000000000002,0.0,2.5,3.38,3.38,1.75,3.0,1.0,3.12,2.62,2.38,3.0,2.38,2.88,1.25,1.25,2.0,2.25,2.88,1.12,3.12,2.38,1.0,2.25,1.5,3.0,3.25,1.88,1.75,1.25,2.88,2.38
53-3052.00,53-3052,"Bus Drivers, Transit and Intercity","Drive bus or motor coach, including regular route operations, charters, and private carriage. May assist passengers with baggage. May collect fares or tickets.",59050.0,159240.0,0.4131799163179916,0.7346514047866806,0.5739156605523361,5.95,1.0,1.0,3.6,2.81,4.7,2.0,1.916291629162916,0.0,2.62,3.12,3.12,2.0,2.75,1.0,3.0,2.5,2.38,2.62,2.0,2.75,1.75,1.75,2.12,2.12,3.88,1.0,3.62,2.5,1.0,2.12,1.62,3.12,3.0,1.88,1.88,1.75,3.12,2.0
53-3053.00,53-3053,Shuttle Drivers and Chauffeurs,Drive a motor vehicle to transport passengers on a planned or scheduled basis. May collect a fare. Includes nonemergency medical transporters and hearse drivers.,37290.0,248530.0,0.0585774058577405,0.8022892819979188,0.4304333439278297,6.5,1.0,1.0,3.04,2.12,4.16,2.0,2.3606,0.17,2.62,3.38,3.25,1.88,2.88,1.0,3.12,2.5,2.38,2.88,2.12,2.75,1.5,1.5,1.75,2.25,3.25,1.25,3.12,2.38,1.12,2.38,1.88,3.12,3.12,1.88,2.0,1.5,2.88,2.38
53-3054.00,53-3054,Taxi Drivers,"Drive a motor vehicle to transport passengers on an unplanned basis and charge a fare, usually based on a meter.",42100.0,41050.0,0.1276150627615062,0.4578563995837669,0.2927357311726365,5.73,1.1,1.0,2.8,2.49,4.8,2.0,,,,,,,,,,,,,,,,,,,,,,,,,,,,,,,,
53-3099.00,53-3099,"Motor Vehicle Operators, All Other",All motor vehicle operators not listed separately.,37180.0,46880.0,0.0564853556485355,0.477627471383975,0.2670564135162553,,,,,,,,,,,,,,,,,,,,,,,,,,,,,,,,,,,,,,,
53-4011.00,53-4011,Locomotive Engineers,"Drive electric, diesel-electric, steam, or gas-turbine-electric locomotives to transport passengers or freight. Interpret train orders, electronic or manual signals, and railroad rules and regulations.",81410.0,33470.0,0.6830543933054394,0.4110301768990634,0.5470422851022514,7.0,3.49,1.0,1.85,1.89,4.65,2.0,2.34,0.0,3.12,3.75,3.62,2.5,3.38,1.38,3.62,3.0,3.12,3.0,2.38,3.38,1.62,1.75,2.5,2.0,4.12,1.75,4.0,2.0,1.0,2.88,1.88,2.38,2.75,2.25,2.12,1.25,3.12,2.75
53-4013.00,53-4013,"Rail Yard Engineers, Dinkey Operators, and Hostlers","Drive switching or other locomotive or dinkey engines within railroad yard, industrial plant, quarry, construction project, or similar location.",60600.0,3920.0,0.434623430962343,0.0665972944849115,0.2506103627236273,6.78,2.02,1.0,1.76,2.07,4.3,2.0,2.0924,0.0,3.0,3.38,3.25,2.38,3.12,1.5,3.5,2.88,3.38,3.12,2.75,3.12,1.75,1.88,2.75,1.88,3.75,1.38,3.62,2.38,1.25,3.12,2.88,2.62,2.62,2.75,2.75,1.25,3.12,3.12
53-4022.00,53-4022,"Railroad Brake, Signal, and Switch Operators and Locomotive Firers","Operate or monitor railroad track switches or locomotive instruments. May couple or uncouple rolling stock to make up or break up trains. Watch for and relay traffic signals. May inspect couplings, air hoses, journal boxes, and hand brakes. May watch for dragging equipment or obstacles on rights-of-way.",68840.0,12400.0,0.5355648535564853,0.1852237252861602,0.3603942894213228,7.0,2.07,1.0,1.22,1.43,4.25,2.0,,,2.62,3.25,3.25,2.12,3.12,1.0,2.88,2.62,2.75,3.0,2.75,3.0,1.75,1.88,2.38,2.12,3.25,1.25,3.38,2.5,1.0,2.75,1.88,2.5,3.0,2.12,2.0,1.12,3.0,2.38
53-4031.00,53-4031,Railroad Conductors and Yardmasters,"Coordinate activities of switch-engine crew within railroad yard, industrial plant, or similar location. Conductors coordinate activities of train crew on passenger or freight trains. Yardmasters review train schedules and switching orders and coordinate activities of workers engaged in railroad traffic operations, such as the makeup or breakup of trains and yard switching.",78000.0,46440.0,0.6323221757322176,0.4755463059313215,0.5539342408317696,5.8,1.97,1.0,1.85,3.77,4.87,2.0,2.2638,0.0,3.0,3.5,3.62,2.25,3.12,1.5,3.75,3.0,3.25,3.75,2.88,3.5,1.75,1.88,3.0,2.5,3.25,1.88,3.38,3.0,1.5,3.0,1.0,2.88,2.88,3.0,3.0,1.38,3.5,2.25
53-4041.00,53-4041,Subway and Streetcar Operators,"Operate subway or elevated suburban trains with no separate locomotive, or electric-powered streetcar, to transport passengers. May handle fares.",86380.0,10200.0,0.7112970711297071,0.1550468262226847,0.4331719486761959,5.91,1.37,1.0,2.8,2.28,4.26,2.0,2.1806,0.0,3.0,3.62,3.0,2.38,3.12,1.0,3.38,2.75,3.0,3.0,2.38,3.12,2.0,2.0,2.12,2.62,3.88,1.75,3.88,2.75,1.0,2.5,2.12,3.12,3.0,2.0,2.0,1.0,3.0,2.62
53-4099.00,53-4099,"Rail Transportation Workers, All Other",All rail transportation workers not listed separately.,56360.0,1120.0,0.3723849372384937,0.0104058272632674,0.1913953822508805,,,,,,,,,,,,,,,,,,,,,,,,,,,,,,,,,,,,,,,
53-5011.00,53-5011,Sailors and Marine Oilers,"Stand watch to look for obstructions in path of vessel, measure water depth, turn wheel on bridge, or use emergency equipment as directed by captain, mate, or pilot. Break out, rig, overhaul, and store cargo-handling gear, stationary rigging, and running gear. Perform a variety of maintenance tasks to preserve the painted surface of the ship and to maintain line and ship equipment. Must hold government-issued certification and tankerman certification when working aboard liquid-carrying vessels. Includes able seamen and ordinary seamen.",51520.0,31670.0,0.3274058577405858,0.3985431841831425,0.3629745209618641,6.97,2.62,1.0,1.24,2.41,3.96,2.0,2.0727,0.78,2.88,3.12,3.12,2.5,2.88,1.88,3.0,2.75,3.0,3.0,2.62,3.0,1.88,2.0,2.75,2.5,3.62,1.25,3.88,2.75,1.0,3.0,3.12,2.88,2.88,2.12,2.12,1.88,3.0,3.12
53-5021.00,53-5021,"Captains, Mates, and Pilots of Water Vessels","Command or supervise operations of ships and water vessels, such as tugboats and ferryboats. Required to hold license issued by U.S. Coast Guard.",92460.0,36850.0,0.733786610878661,0.4360041623309053,0.5848953866047832,5.61,2.64,1.0,1.88,4.22,4.56,3.0,2.8945,9.32,3.12,3.38,3.38,2.38,3.25,1.88,3.5,3.12,3.25,3.25,3.12,3.38,2.5,2.75,3.25,2.88,3.62,1.62,3.38,3.0,1.88,3.12,3.0,2.88,3.12,2.75,2.5,2.12,3.12,2.88
53-5022.00,53-5022,Motorboat Operators,Operate small motor-driven boats. May assist in navigational activities.,47520.0,2480.0,0.2269874476987447,0.032258064516129,0.1296227561074369,6.54,2.22,1.12,1.99,3.19,3.66,2.0,2.4963,14.86,2.75,3.12,3.12,2.25,2.88,1.5,3.38,2.5,3.0,3.0,2.88,3.25,1.88,2.0,2.75,2.62,3.88,1.62,3.75,2.38,1.0,2.88,2.88,3.0,3.0,2.75,2.62,1.88,3.0,3.0
53-5031.00,53-5031,Ship Engineers,"Supervise and coordinate activities of crew engaged in operating and maintaining engines, boilers, deck machinery, and electrical, sanitary, and refrigeration equipment aboard ship.",109530.0,8400.0,0.8451882845188284,0.1279916753381894,0.4865899799285089,6.44,3.54,1.0,1.76,3.73,4.91,3.0,3.1974,18.97,3.25,3.62,3.88,2.38,3.12,1.88,3.5,3.0,3.38,3.0,2.75,3.25,1.75,2.0,2.88,2.0,3.88,1.75,3.88,2.0,1.62,3.12,3.75,2.75,2.88,3.25,2.75,1.5,3.0,3.75
53-6011.00,53-6011,Bridge and Lock Tenders,"Operate and tend bridges, canal locks, and lighthouses to permit marine passage on inland waterways, near shores, and at danger points in waterway passages. May supervise such operations. Includes drawbridge operators, lock operators, and slip bridge operators.",57700.0,3040.0,0.3912133891213389,0.0437044745057232,0.217458931813531,6.15,2.4,1.0,1.79,2.58,4.37,2.0,2.05,0.0,2.38,3.0,3.0,2.0,2.88,1.12,3.0,2.88,2.88,3.0,2.75,3.0,1.0,1.12,2.25,2.5,3.0,1.12,3.0,2.62,1.12,2.5,1.62,2.88,2.62,1.75,2.0,1.12,2.88,2.38
53-6021.00,53-6021,Parking Attendants,Park vehicles or issue tickets for customers in a parking lot or garage. May park or tend vehicles in environments such as a car dealership or rental car facility. May collect fee.,35150.0,137880.0,0.0230125523012552,0.6888657648283039,0.3559391585647795,5.64,1.0,1.15,3.03,3.12,5.07,2.0,1.6554999999999995,0.96,2.25,3.25,2.88,2.75,2.5,1.0,3.5,2.75,2.5,2.75,2.38,2.75,1.62,1.75,2.12,2.38,2.62,1.25,2.25,2.25,1.0,1.62,1.25,3.38,3.0,1.88,2.0,1.0,2.38,1.62
53-6031.00,53-6031,Automotive and Watercraft Service Attendants,"Service automobiles, buses, trucks, boats, and other automotive or marine vehicles with fuel, lubricants, and accessories. Collect payment for services and supplies. May lubricate vehicle, change motor oil, refill antifreeze, or replace lights or other accessories, such as windshield wiper blades or fan belts. May repair or replace tires.",35670.0,102010.0,0.0355648535564853,0.631633714880333,0.3335992842184092,6.4,1.32,1.0,1.97,2.15,4.37,2.0,2.1121,0.0,2.5,3.12,3.0,2.38,2.75,1.38,3.12,2.62,3.0,3.0,2.25,3.0,1.88,1.88,2.12,2.62,3.12,1.25,2.75,2.62,1.12,2.62,3.0,3.12,2.88,2.12,2.12,1.62,3.12,2.5
53-6032.00,53-6032,Aircraft Service Attendants,"Service aircraft with fuel. May de-ice aircraft, refill water and cooling agents, empty sewage tanks, service air and oxygen systems, or clean and polish exterior.",40450.0,31300.0,0.1087866108786611,0.3933402705515088,0.2510634407150849,6.11,1.83,1.0,1.87,2.1,4.16,2.0,,,,,,,,,,,,,,,,,,,,,,,,,,,,,,,,
53-6041.00,53-6041,Traffic Technicians,"Conduct field studies to determine traffic volume, speed, effectiveness of signals, adequacy of lighting, and other factors influencing traffic conditions, under direction of traffic engineer.",59090.0,7860.0,0.4142259414225941,0.1175858480749219,0.265905894748758,4.87,4.38,1.4,1.93,1.96,4.47,3.0,3.4014401440144018,11.66,3.0,3.62,3.25,2.88,3.25,2.75,3.25,3.12,3.25,3.0,2.88,3.25,2.0,2.0,3.0,2.75,2.75,2.88,2.88,2.88,2.0,2.38,1.88,2.88,3.0,3.0,3.0,2.12,3.0,2.12
53-6051.00,53-6051,Transportation Inspectors,"Inspect equipment or goods in connection with the safe transport of cargo or people. Includes rail transportation inspectors, such as freight inspectors, rail inspectors, and other inspectors of transportation vehicles not elsewhere classified.",92100.0,24500.0,0.7311715481171548,0.3444328824141519,0.5378022152656534,5.69,2.91,1.0,1.56,2.64,6.17,4.0,,,2.75,3.5,3.62,2.62,3.62,1.38,3.62,3.62,3.12,3.12,2.75,3.25,2.0,2.12,2.75,2.5,2.25,1.25,2.75,2.62,1.62,2.75,1.0,2.62,3.12,2.88,3.0,1.75,3.38,2.5
53-6051.01,53-6051,Aviation Inspectors,"Inspect aircraft, maintenance procedures, air navigational aids, air traffic controls, and communications equipment to ensure conformance with Federal safety regulations.",92100.0,24500.0,0.7311715481171548,0.3444328824141519,0.5378022152656534,5.57,4.09,1.0,1.42,2.56,5.73,3.0,3.6345,3.93,3.12,3.88,4.0,2.25,3.88,2.88,3.88,3.62,3.38,2.88,2.88,3.25,1.5,1.75,2.75,2.88,3.0,2.62,3.75,2.88,1.38,3.75,2.88,3.0,3.0,3.0,2.88,1.62,3.25,3.25
53-6051.07,53-6051,"Transportation Vehicle, Equipment and Systems Inspectors, Except Aviation","Inspect and monitor transportation equipment, vehicles, or systems to ensure compliance with regulations and safety standards.",92100.0,24500.0,0.7311715481171548,0.3444328824141519,0.5378022152656534,7.0,3.72,1.0,1.0,1.35,5.14,2.0,2.3887,0.0,2.75,3.12,3.0,2.0,3.0,2.38,3.0,2.62,2.62,2.75,2.12,2.75,1.25,1.38,2.0,2.12,3.0,1.62,3.25,2.12,1.0,3.5,2.62,2.38,2.75,1.75,2.0,1.62,2.88,3.0
53-6061.00,53-6061,Passenger Attendants,"Provide services to ensure the safety of passengers aboard ships, buses, trains, or within the station or terminal. Perform duties such as explaining the use of safety equipment, serving meals or beverages, or answering questions related to travel.",37720.0,27110.0,0.0690376569037656,0.3652445369406867,0.2171410969222262,3.76,1.15,1.0,4.35,3.08,4.45,2.0,1.8625137486251375,0.0,2.62,3.75,2.88,2.12,3.0,1.0,3.75,2.5,2.62,3.0,2.5,2.62,1.38,1.38,2.12,2.88,2.38,1.38,2.5,3.0,1.38,2.25,1.0,3.88,3.75,1.88,2.0,1.38,2.5,2.0
53-6099.00,53-6099,"Transportation Workers, All Other",All transportation workers not listed separately.,45650.0,13550.0,0.1788702928870293,0.2091571279916753,0.1940137104393523,,,,,,,,,,,,,,,,,,,,,,,,,,,,,,,,,,,,,,,
53-7011.00,53-7011,Conveyor Operators and Tenders,"Control or tend conveyors or conveyor systems that move materials or products to and from stockpiles, processing stations, departments, or vehicles. May control speed and routing of materials or products.",42420.0,22930.0,0.1338912133891213,0.331945889698231,0.2329185515436762,6.13,1.36,1.0,1.21,2.58,4.95,2.0,1.4070000000000005,0.0,2.75,3.12,3.0,2.0,2.88,1.75,3.0,2.75,3.0,2.62,2.75,2.88,1.38,1.88,2.5,2.12,4.0,2.0,4.0,2.5,1.25,2.88,2.5,2.75,2.75,2.62,2.75,1.88,2.88,2.88
53-7021.00,53-7021,Crane and Tower Operators,"Operate mechanical boom and cable or tower and cable equipment to lift and move materials, machines, or products in many directions.",68080.0,42890.0,0.5303347280334728,0.4651404786680541,0.4977376033507634,7.0,2.22,1.0,1.19,1.3,3.94,3.0,2.5279000000000003,0.0,2.88,3.12,3.25,2.62,3.0,1.12,3.0,2.62,2.88,2.75,2.25,3.0,1.5,1.62,2.38,2.12,3.88,1.88,3.75,2.25,1.0,2.62,2.88,2.12,2.5,1.62,2.12,1.38,3.0,2.88
53-7031.00,53-7031,Dredge Operators,"Operate dredge to remove sand, gravel, or other materials in order to excavate and maintain navigable channels in waterways.",49640.0,1040.0,0.2855648535564853,0.0072840790842872,0.1464244663203862,6.63,2.99,1.0,1.36,2.33,3.48,2.0,2.0994,0.0,2.5,2.88,3.0,2.0,2.5,1.25,2.88,2.12,2.75,3.0,2.38,3.0,1.75,1.88,2.62,2.25,3.75,1.75,3.5,2.25,1.0,2.5,2.5,2.12,2.75,2.12,2.12,1.75,2.75,2.88
53-7041.00,53-7041,Hoist and Winch Operators,Operate or tend hoists or winches to lift and pull loads using power-operated cable equipment.,56450.0,2600.0,0.3734309623430962,0.0332986472424557,0.203364804792776,6.89,1.55,1.07,1.45,1.45,3.33,2.0,2.1391,0.0,2.88,3.38,3.75,2.62,2.75,1.25,3.12,2.25,3.25,3.0,3.0,3.25,1.75,1.75,3.0,2.62,3.38,1.75,3.62,2.75,1.0,2.75,2.88,2.75,3.12,2.12,2.12,1.0,3.5,2.75
53-7051.00,53-7051,Industrial Truck and Tractor Operators,"Operate industrial trucks or tractors equipped to move materials around a warehouse, storage yard, factory, construction site, or similar location.",46420.0,774420.0,0.2044979079497908,0.9406867845993756,0.5725923462745832,7.0,1.78,1.0,1.11,1.23,3.71,2.0,1.8556,0.0,2.12,2.88,2.75,2.12,2.88,1.25,2.75,2.5,2.25,3.0,2.0,2.75,1.62,1.88,1.88,2.0,3.88,1.62,3.25,2.0,1.25,2.0,2.25,2.12,2.62,2.0,2.12,1.62,3.0,3.0
53-7061.00,53-7061,Cleaners of Vehicles and Equipment,"Wash or otherwise clean vehicles, machinery, and other equipment. Use such materials as water, cleaning agents, brushes, cloths, and hoses.",35830.0,380430.0,0.0407949790794979,0.8616024973985432,0.4511987382390205,7.0,1.15,1.0,1.04,1.0,4.04,2.0,2.183918391839184,0.0,2.0,2.5,2.25,1.62,2.25,1.25,2.62,1.88,2.12,2.25,2.0,2.25,1.25,1.88,2.0,2.0,3.0,1.25,2.88,1.88,1.12,3.0,2.25,2.38,2.12,2.25,1.75,1.25,2.75,2.25
53-7062.00,53-7062,"Laborers and Freight, Stock, and Material Movers, Hand","Manually move freight, stock, luggage, or other materials, or perform other general labor. Includes all manual laborers not elsewhere classified.",40240.0,2950280.0,0.1061715481171548,0.9890738813735692,0.5476227147453621,6.04,1.12,1.0,1.47,2.04,4.94,2.0,1.906,0.0,2.0,2.88,2.5,2.0,2.75,1.0,2.75,2.25,2.0,3.0,2.25,2.38,1.25,1.88,2.12,2.0,2.62,1.12,2.62,2.0,1.0,2.0,1.88,2.0,2.38,2.0,2.0,1.25,2.62,2.0
53-7062.04,53-7062,Recycling and Reclamation Workers,Prepare and sort materials or products for recycling. Identify and remove hazardous substances. Dismantle components of products such as appliances.,40240.0,2950280.0,0.1061715481171548,0.9890738813735692,0.5476227147453621,6.28,2.04,1.0,1.28,1.59,4.39,2.0,3.1532,8.01,2.5,3.12,2.75,1.88,2.62,1.12,2.75,2.38,2.38,2.62,2.12,2.62,1.5,1.75,2.25,1.88,3.25,1.25,3.12,2.0,1.0,2.75,2.25,2.5,2.62,1.88,1.88,1.5,2.62,2.5
53-7063.00,53-7063,Machine Feeders and Offbearers,Feed materials into or remove materials from machines or equipment that is automatic or tended by other workers.,41220.0,42330.0,0.1140167364016736,0.4620187304890739,0.2880177334453737,6.96,2.07,1.0,1.0,1.0,4.49,2.0,1.9016,0.0,2.0,2.75,2.5,2.12,2.75,1.25,2.75,2.38,2.0,2.5,2.0,2.5,1.75,1.88,1.88,1.88,2.62,1.25,3.38,2.0,1.0,2.75,1.75,2.0,2.5,1.62,2.0,1.0,2.5,2.75
53-7064.00,53-7064,"Packers and Packagers, Hand",Pack or package by hand a wide variety of products and materials.,36280.0,559820.0,0.0449790794979079,0.9146722164412072,0.4798256479695575,5.59,1.34,1.5,1.39,2.27,5.41,2.0,1.9488,0.0,2.12,2.75,2.75,2.0,2.62,1.0,2.62,2.0,2.0,2.62,1.88,2.25,1.25,1.5,1.75,1.62,2.0,1.12,2.12,1.62,1.38,2.25,1.25,2.12,2.12,1.88,1.88,1.12,2.25,1.75
53-7065.00,53-7065,Stockers and Order Fillers,"Receive, store, and issue merchandise, materials, equipment, and other items from stockroom, warehouse, or storage yard to fill shelves, racks, tables, or customers' orders. May operate power equipment to fill orders. May mark prices on merchandise and set up sales displays.",37330.0,2833810.0,0.0596234309623431,0.9875130072840792,0.523568219123211,4.79,1.0,1.0,1.88,3.29,6.25,2.0,2.6568,0.29,2.38,3.25,2.75,2.0,3.0,1.12,2.88,2.5,2.25,2.75,2.25,2.62,1.62,1.88,2.38,2.12,2.25,1.38,2.25,2.25,1.62,2.25,1.12,2.88,2.88,2.38,2.25,1.62,2.62,1.88
53-7071.00,53-7071,Gas Compressor and Gas Pumping Station Operators,"Operate steam-, gas-, electric motor-, or internal combustion-engine driven compressors. Transmit, compress, or recover gases, such as butane, nitrogen, hydrogen, and natural gas.",77320.0,3510.0,0.6223849372384938,0.0572320499479708,0.3398084935932323,6.27,2.3,1.0,1.51,1.49,4.83,2.0,2.7424,0.0,2.88,3.12,3.62,2.25,3.12,1.88,3.0,3.0,3.0,3.0,2.5,3.0,1.62,2.0,2.25,2.25,3.88,1.0,4.0,2.25,1.38,3.0,3.0,2.25,2.75,2.62,2.0,1.88,3.0,3.12
53-7072.00,53-7072,"Pump Operators, Except Wellhead Pumpers","Tend, control, or operate power-driven, stationary, or portable pumps and manifold systems to transfer gases, oil, other liquids, slurries, or powdered materials to and from various vessels and processes.",61770.0,9780.0,0.4461297071129707,0.1498439125910509,0.2979868098520108,6.68,2.27,1.0,1.28,1.46,4.5,2.0,3.097609760976097,17.64,2.88,3.12,3.12,2.38,3.12,2.0,3.12,2.88,2.88,2.88,2.88,3.0,2.0,2.25,2.62,2.25,3.5,1.88,3.88,2.38,1.75,2.88,2.75,2.38,2.75,2.38,2.12,1.88,3.0,3.0
53-7073.00,53-7073,Wellhead Pumpers,Operate power pumps and auxiliary equipment to produce flow of oil or gas from wells in oil field.,69960.0,17990.0,0.547071129707113,0.2705515088449531,0.4088113192760331,6.92,2.26,1.0,1.11,1.77,4.29,2.0,2.3178,0.0,2.38,2.88,3.12,2.25,2.75,1.12,3.0,2.62,3.0,2.25,2.12,3.12,1.38,1.75,2.12,2.0,3.88,1.38,4.0,2.0,1.25,2.38,3.12,1.88,2.5,2.0,2.0,1.5,2.75,3.12
53-7081.00,53-7081,Refuse and Recyclable Material Collectors,Collect and dump refuse or recyclable materials from containers into truck. May drive truck.,49690.0,147240.0,0.2866108786610878,0.7075962539021852,0.4971035662816365,7.0,1.83,1.0,1.29,1.36,4.53,2.0,2.3771,0.0,2.25,2.88,2.75,1.0,2.62,1.0,2.88,2.5,2.38,2.62,1.88,2.38,1.0,1.0,2.0,2.0,3.0,1.12,3.0,2.0,1.0,2.25,2.5,2.38,2.5,1.38,1.38,1.0,2.5,2.5
53-7121.00,53-7121,"Tank Car, Truck, and Ship Loaders","Load and unload chemicals and bulk solids, such as coal, sand, and grain, into or from tank cars, trucks, or ships, using material moving equipment. May perform a variety of other tasks relating to shipment of products. May gauge or sample shipping tanks and test them for leaks.",58870.0,10700.0,0.4089958158995816,0.1644120707596253,0.2867039433296035,6.96,1.98,1.0,1.0,1.3,4.77,2.0,2.007400740074007,1.76,2.75,3.0,3.0,2.5,3.25,1.5,3.0,3.0,3.0,2.88,2.5,2.88,2.0,2.0,2.88,2.25,3.75,1.0,3.75,2.0,1.38,2.88,2.5,2.25,2.62,2.5,2.12,1.75,3.12,2.62
53-7199.00,53-7199,"Material Moving Workers, All Other",All material moving workers not listed separately.,41800.0,23480.0,0.1265690376569037,0.3366285119667013,0.2315987748118025,,,,,,,,,,,,,,,,,,,,,,,,,,,,,,,,,,,,,,,
55-1011.00,55-1011,Air Crew Officers,"Perform and direct in-flight duties to ensure the successful completion of combat, reconnaissance, transport, and search and rescue missions. Duties include operating aircraft communications and radar equipment, such as establishing satellite linkages and jamming enemy communications capabilities; operating aircraft weapons and defensive systems; conducting preflight, in-flight, and postflight inspections of onboard equipment; and directing cargo and personnel drops.",,,,,,,,,,,,,,,,,,,,,,,,,,,,,,,,,,,,,,,,,,,,
55-1012.00,55-1012,Aircraft Launch and Recovery Officers,"Plan and direct the operation and maintenance of catapults, arresting gear, and associated mechanical, hydraulic, and control systems involved primarily in aircraft carrier takeoff and landing operations. Duties include supervision of readiness and safety of arresting gear, launching equipment, barricades, and visual landing aid systems; planning and coordinating the design, development, and testing of launch and recovery systems; preparing specifications for catapult and arresting gear installations; evaluating design proposals; determining handling equipment needed for new aircraft; preparing technical data and instructions for operation of landing aids; and training personnel in carrier takeoff and landing procedures.",,,,,,,,,,,,,,,,,,,,,,,,,,,,,,,,,,,,,,,,,,,,
55-1013.00,55-1013,Armored Assault Vehicle Officers,"Direct the operation of tanks, light armor, and amphibious assault vehicle units during combat situations on land or in aquatic environments. Duties include directing crew members in the operation of targeting and firing systems; coordinating the operation of advanced onboard communications and navigation equipment; directing the transport of personnel and equipment during combat; formulating and implementing battle plans, including the tactical employment of armored vehicle units; and coordinating with infantry, artillery, and air support units.",,,,,,,,,,,,,,,,,,,,,,,,,,,,,,,,,,,,,,,,,,,,
55-1014.00,55-1014,Artillery and Missile Officers,"Manage personnel and weapons operations to destroy enemy positions, aircraft, and vessels. Duties include planning, targeting, and coordinating the tactical deployment of field artillery and air defense artillery missile systems units; directing the establishment and operation of fire control communications systems; targeting and launching intercontinental ballistic missiles; directing the storage and handling of nuclear munitions and components; overseeing security of weapons storage and launch facilities; and managing maintenance of weapons systems.",,,,,,,,,,,,,,,,,,,,,,,,,,,,,,,,,,,,,,,,,,,,
55-1015.00,55-1015,Command and Control Center Officers,"Manage the operation of communications, detection, and weapons systems essential for controlling air, ground, and naval operations. Duties include managing critical communication links between air, naval, and ground forces; formulating and implementing emergency plans for natural and wartime disasters; coordinating emergency response teams and agencies; evaluating command center information and need for high-level military and government reporting; managing the operation of surveillance and detection systems; providing technical information and advice on capabilities and operational readiness; and directing operation of weapons targeting, firing, and launch computer systems.",,,,,,,,,,,,,,,,,,,,,,,,,,,,,,,,,,,,,,,,,,,,
55-1016.00,55-1016,Infantry Officers,"Direct, train, and lead infantry units in ground combat operations. Duties include directing deployment of infantry weapons, vehicles, and equipment; directing location, construction, and camouflage of infantry positions and equipment; managing field communications operations; coordinating with armor, artillery, and air support units; performing strategic and tactical planning, including battle plan development; and leading basic reconnaissance operations.",,,,,,,,,,,,,,,,,,,,,,,,,,,,,,,,,,,,,,,,,,,,
55-1017.00,55-1017,Special Forces Officers,"Lead elite teams that implement unconventional operations by air, land, or sea during combat or peacetime. These activities include offensive raids, demolitions, reconnaissance, search and rescue, and counterterrorism. In addition to their combat training, special forces officers often have specialized training in swimming, diving, parachuting, survival, emergency medicine, and foreign languages. Duties include directing advanced reconnaissance operations and evaluating intelligence information; recruiting, training, and equipping friendly forces; leading raids and invasions on enemy territories; training personnel to implement individual missions and contingency plans; performing strategic and tactical planning for politically sensitive missions; and operating sophisticated communications equipment.",,,,,,,,,,,,,,,,,,,,,,,,,,,,,,,,,,,,,,,,,,,,
55-1019.00,55-1019,"Military Officer Special and Tactical Operations Leaders, All Other",All military officer special and tactical operations leaders not listed separately.,,,,,,,,,,,,,,,,,,,,,,,,,,,,,,,,,,,,,,,,,,,,
55-2011.00,55-2011,First-Line Supervisors of Air Crew Members,Supervise and coordinate the activities of air crew members. Supervisors may also perform the same activities as the workers they supervise.,,,,,,,,,,,,,,,,,,,,,,,,,,,,,,,,,,,,,,,,,,,,
55-2012.00,55-2012,First-Line Supervisors of Weapons Specialists/Crew Members,Supervise and coordinate the activities of weapons specialists/crew members. Supervisors may also perform the same activities as the workers they supervise.,,,,,,,,,,,,,,,,,,,,,,,,,,,,,,,,,,,,,,,,,,,,
55-2013.00,55-2013,First-Line Supervisors of All Other Tactical Operations Specialists,Supervise and coordinate the activities of all other tactical operations specialists not classified separately above. Supervisors may also perform the same activities as the workers they supervise.,,,,,,,,,,,,,,,,,,,,,,,,,,,,,,,,,,,,,,,,,,,,
55-3011.00,55-3011,Air Crew Members,"Perform in-flight duties to ensure the successful completion of combat, reconnaissance, transport, and search and rescue missions. Duties include operating aircraft communications and detection equipment, including establishing satellite linkages and jamming enemy communications capabilities; conducting preflight, in-flight, and postflight inspections of onboard equipment; operating and maintaining aircraft weapons and defensive systems; operating and maintaining aircraft in-flight refueling systems; executing aircraft safety and emergency procedures; computing and verifying passenger, cargo, fuel, and emergency and special equipment weight and balance data; and conducting cargo and personnel drops.",,,,,,,,,,,,,,,,,,,,,,,,,,,,,,,,,,,,,,,,,,,,
55-3012.00,55-3012,Aircraft Launch and Recovery Specialists,"Operate and maintain catapults, arresting gear, and associated mechanical, hydraulic, and control systems involved primarily in aircraft carrier takeoff and landing operations. Duties include installing and maintaining visual landing aids; testing and maintaining launch and recovery equipment using electric and mechanical test equipment and hand tools; activating airfield arresting systems, such as crash barriers and cables, during emergency landing situations; directing aircraft launch and recovery operations using hand or light signals; and maintaining logs of airplane launches, recoveries, and equipment maintenance.",,,,,,,,,,,,,,,,,,,,,,,,,,,,,,,,,,,,,,,,,,,,
55-3013.00,55-3013,Armored Assault Vehicle Crew Members,"Operate tanks, light armor, and amphibious assault vehicles during combat situations on land or in aquatic environments. Duties include driving armored vehicles that require specialized training; operating and maintaining targeting and firing systems; operating and maintaining advanced onboard communications and navigation equipment; transporting personnel and equipment in a combat environment; and operating and maintaining auxiliary weapons, including machine guns and grenade launchers.",,,,,,,,,,,,,,,,,,,,,,,,,,,,,,,,,,,,,,,,,,,,
55-3014.00,55-3014,Artillery and Missile Crew Members,"Target, fire, and maintain weapons used to destroy enemy positions, aircraft, and vessels. Field artillery crew members predominantly use guns, cannons, and howitzers in ground combat operations, while air defense artillery crew members predominantly use missiles and rockets. Naval artillery crew members predominantly use torpedoes and missiles launched from a ship or submarine. Duties include testing, inspecting, and storing ammunition, missiles, and torpedoes; conducting preventive and routine maintenance on weapons and related equipment; establishing and maintaining radio and wire communications; and operating weapons targeting, firing, and launch computer systems.",,,,,,,,,,,,,,,,,,,,,,,,,,,,,,,,,,,,,,,,,,,,
55-3015.00,55-3015,Command and Control Center Specialists,"Operate and monitor communications, detection, and weapons systems essential for controlling air, ground, and naval operations. Duties include maintaining and relaying critical communications between air, naval, and ground forces; implementing emergency plans for natural and wartime disasters; relaying command center information to high-level military and government decisionmakers; monitoring surveillance and detection systems, such as air defense; interpreting and evaluating tactical situations and making recommendations to superiors; and operating weapons targeting, firing, and launch computer systems.",,,,,,,,,,,,,,,,,,,,,,,,,,,,,,,,,,,,,,,,,,,,
55-3016.00,55-3016,Infantry,"Operate weapons and equipment in ground combat operations. Duties include operating and maintaining weapons, such as rifles, machine guns, mortars, and hand grenades; locating, constructing, and camouflaging infantry positions and equipment; evaluating terrain and recording topographical information; operating and maintaining field communications equipment; assessing need for and directing supporting fire; placing explosives and performing minesweeping activities on land; and participating in basic reconnaissance operations.",,,,,,,,,,,,,,,,,,,,,,,,,,,,,,,,,,,,,,,,,,,,
55-3018.00,55-3018,Special Forces,"Implement unconventional operations by air, land, or sea during combat or peacetime as members of elite teams. These activities include offensive raids, demolitions, reconnaissance, search and rescue, and counterterrorism. In addition to their combat training, special forces members often have specialized training in swimming, diving, parachuting, survival, emergency medicine, and foreign languages. Duties include conducting advanced reconnaissance operations and collecting intelligence information; recruiting, training, and equipping friendly forces; conducting raids and invasions on enemy territories; laying and detonating explosives for demolition targets; locating, identifying, defusing, and disposing of ordnance; and operating and maintaining sophisticated communications equipment.",,,,,,,,,,,,,,,,,,,,,,,,,,,,,,,,,,,,,,,,,,,,
55-3019.00,55-3019,"Military Enlisted Tactical Operations and Air/Weapons Specialists and Crew Members, All Other",All military enlisted tactical operations and air/weapons specialists and crewmembers not listed separately.,,,,,,,,,,,,,,,,,,,,,,,,,,,,,,,,,,,,,,,,,,,,
