soc_code,bls_occ_title,tot_emp,emp_prse,h_mean,a_mean,mean_prse,h_pct10,h_pct25,h_median,h_pct75,h_pct90,a_pct10,a_pct25,a_median,a_pct75,a_pct90,annual,hourly
11-1011,Chief Executives,204350,3.1,129.63,269630.0,1.9,36.39,62.28,102.88,171.25,244.1,75700.0,129540.0,213990.0,356200.0,507730.0,,
11-1021,General and Operations Managers,3503020,0.3,64.87,134940.0,0.3,24.08,34.77,50.85,80.42,121.82,50090.0,72320.0,105770.0,167280.0,253390.0,,
11-2011,Advertising and Promotions Managers,21470,3.9,74.18,154280.0,3.0,30.43,43.93,64.26,96.66,137.62,63300.0,91370.0,133660.0,201050.0,286240.0,,
11-2021,Marketing Managers,395240,0.8,85.47,177770.0,0.3,43.39,59.15,80.19,104.04,141.16,90260.0,123020.0,166790.0,216410.0,293610.0,,
11-2022,Sales Managers,637080,1.1,79.02,164350.0,0.4,35.18,48.25,71.28,99.68,139.68,73170.0,100360.0,148270.0,207340.0,290540.0,,
11-2032,Public Relations Managers,74850,1.8,79.21,164760.0,0.8,39.62,51.24,70.63,98.33,137.01,82410.0,106580.0,146910.0,204520.0,284990.0,,
11-2033,Fundraising Managers,38810,1.4,67.32,140020.0,0.9,36.12,46.14,60.32,81.73,106.9,75130.0,95970.0,125470.0,169990.0,222350.0,,
11-3012,Administrative Services Managers,263960,1.2,62.44,129870.0,0.5,32.26,41.57,54.87,75.69,99.86,67100.0,86460.0,114130.0,157420.0,207720.0,,
11-3013,Facilities Managers,156180,1.1,56.2,116890.0,0.5,31.0,39.43,51.28,66.76,84.67,64480.0,82020.0,106660.0,138870.0,176120.0,,
11-3021,Computer and Information Systems Managers,670570,0.5,92.39,192160.0,0.3,51.71,66.38,84.2,106.12,143.03,107550.0,138060.0,175140.0,220730.0,297510.0,,
11-3031,Financial Managers,841710,0.5,89.86,186910.0,0.4,45.34,60.33,80.08,105.76,155.42,94310.0,125490.0,166570.0,219980.0,323270.0,,
11-3051,Industrial Production Managers,246250,0.5,64.5,134170.0,0.3,37.5,47.19,60.61,77.83,98.81,78000.0,98160.0,126060.0,161880.0,205520.0,,
11-3061,Purchasing Managers,84320,0.8,75.17,156360.0,0.4,44.47,55.55,71.19,87.63,107.35,92490.0,115550.0,148080.0,182270.0,223280.0,,
11-3071,"Transportation, Storage, and Distribution Managers",221180,0.9,58.46,121600.0,0.5,31.31,39.64,51.55,70.56,93.7,65120.0,82440.0,107230.0,146770.0,194900.0,,
11-3111,Compensation and Benefits Managers,22940,2.1,78.19,162640.0,0.8,42.86,54.41,71.75,96.45,123.35,89160.0,113170.0,149230.0,200610.0,256570.0,,
11-3121,Human Resources Managers,220660,0.6,78.96,164230.0,0.4,42.4,53.42,71.77,95.81,128.76,88200.0,111110.0,149280.0,199290.0,267810.0,,
11-3131,Training and Development Managers,48050,1.4,71.33,148370.0,1.1,38.24,48.97,63.94,85.04,112.31,79550.0,101850.0,133000.0,176870.0,233600.0,,
11-9013,"Farmers, Ranchers, and Other Agricultural Managers",6500,4.3,47.99,99820.0,2.2,26.12,31.87,43.22,57.14,76.93,54320.0,66300.0,89900.0,118860.0,160020.0,,
11-9021,Construction Managers,380360,1.1,59.79,124360.0,0.5,33.5,42.57,55.28,72.91,91.08,69690.0,88550.0,114990.0,151640.0,189440.0,,
11-9031,"Education and Childcare Administrators, Preschool and Daycare",73660,1.8,31.15,64800.0,0.9,18.55,22.62,28.51,36.3,47.23,38580.0,47040.0,59300.0,75500.0,98240.0,,
11-9032,"Education Administrators, Kindergarten through Secondary",328330,0.6,,116100.0,0.3,,,,,,76280.0,86040.0,105870.0,134630.0,167770.0,TRUE,
11-9033,"Education Administrators, Postsecondary",180470,0.4,60.84,126540.0,0.3,31.04,38.88,50.29,69.41,103.66,64560.0,80870.0,104590.0,144370.0,215620.0,,
11-9039,"Education Administrators, All Other",55130,2.0,48.99,101900.0,0.6,24.96,33.16,45.77,60.86,77.41,51910.0,68980.0,95200.0,126590.0,161010.0,,
11-9041,Architectural and Engineering Managers,220260,0.8,87.28,181540.0,0.3,58.08,67.0,82.34,102.16,126.33,120810.0,139360.0,171270.0,212500.0,262760.0,,
11-9051,Food Service Managers,238430,1.7,36.0,74880.0,0.6,22.09,27.34,33.36,41.73,51.75,45960.0,56870.0,69390.0,86800.0,107640.0,,
11-9071,Gambling Managers,5030,2.0,49.54,103050.0,0.9,26.9,34.89,44.82,59.13,79.01,55960.0,72570.0,93220.0,122990.0,164350.0,,
11-9072,"Entertainment and Recreation Managers, Except Gambling",37980,1.6,43.15,89750.0,0.9,22.25,29.36,38.23,50.37,66.88,46270.0,61060.0,79520.0,104770.0,139110.0,,
11-9081,Lodging Managers,42620,2.0,37.86,78740.0,1.1,19.27,23.81,33.29,45.21,61.96,40070.0,49530.0,69250.0,94030.0,128880.0,,
11-9111,Medical and Health Services Managers,597080,0.6,67.77,140970.0,0.3,35.29,45.53,59.55,79.85,107.86,73390.0,94700.0,123860.0,166100.0,224340.0,,
11-9121,Natural Sciences Managers,108690,1.2,86.66,180250.0,0.6,38.32,57.42,80.39,106.51,152.33,79710.0,119430.0,167220.0,221540.0,316850.0,,
11-9131,Postmasters and Mail Superintendents,13810,0.0,46.81,97360.0,0.0,40.91,43.58,46.47,49.5,53.72,85090.0,90650.0,96660.0,102960.0,111740.0,,
11-9141,"Property, Real Estate, and Community Association Managers",311180,1.8,40.25,83710.0,1.2,19.72,24.39,33.65,47.07,67.16,41010.0,50720.0,69990.0,97910.0,139680.0,,
11-9151,Social and Community Service Managers,209330,0.9,42.73,88880.0,0.3,25.56,30.91,38.65,49.61,63.59,53150.0,64290.0,80390.0,103200.0,132260.0,,
11-9161,Emergency Management Directors,13500,1.7,49.24,102420.0,0.6,26.06,32.65,44.87,60.81,80.02,54210.0,67910.0,93330.0,126490.0,166430.0,,
11-9171,Funeral Home Managers,13910,1.9,44.63,92840.0,1.2,23.9,29.75,37.88,49.97,75.19,49700.0,61890.0,78790.0,103940.0,156400.0,,
11-9179,"Personal Service Managers, All Other",10450,4.7,37.59,78190.0,1.8,21.59,26.03,33.54,45.41,57.07,44910.0,54130.0,69770.0,94440.0,118710.0,,
11-9199,"Managers, All Other",622190,0.5,73.99,153890.0,0.3,35.72,49.46,68.22,89.57,114.55,74300.0,102880.0,141900.0,186300.0,238270.0,,
13-1011,"Agents and Business Managers of Artists, Performers, and Athletes",12620,6.4,68.07,141580.0,8.6,23.08,30.61,39.85,70.4,136.81,48010.0,63670.0,82890.0,146430.0,284570.0,,
13-1020,Buyers and Purchasing Agents,491430,0.7,40.27,83770.0,0.2,23.26,29.23,37.36,48.47,61.96,48380.0,60800.0,77710.0,100820.0,128870.0,,
13-1031,"Claims Adjusters, Examiners, and Investigators",324230,1.2,38.69,80470.0,0.3,23.48,29.4,37.5,47.13,56.27,48850.0,61160.0,78000.0,98030.0,117040.0,,
13-1032,"Insurance Appraisers, Auto Damage",11560,5.4,37.93,78900.0,1.0,28.06,31.28,37.61,44.17,48.84,58360.0,65050.0,78240.0,91880.0,101590.0,,
13-1041,Compliance Officers,417070,0.5,42.5,88400.0,0.3,23.18,29.46,38.81,52.41,64.29,48220.0,61280.0,80730.0,109010.0,133720.0,,
13-1051,Cost Estimators,224220,1.0,41.06,85390.0,0.6,23.33,29.4,37.86,48.97,62.9,48530.0,61150.0,78740.0,101850.0,130820.0,,
13-1071,Human Resources Specialists,912430,0.6,39.42,81990.0,0.2,22.69,28.18,36.51,47.78,61.89,47180.0,58610.0,75940.0,99380.0,128720.0,,
13-1074,Farm Labor Contractors,310,28.4,28.11,58470.0,9.8,14.87,17.17,28.11,38.27,40.41,30930.0,35720.0,58460.0,79590.0,84050.0,,
13-1075,Labor Relations Specialists,64810,1.4,47.46,98720.0,1.0,24.27,34.58,45.87,59.34,75.09,50490.0,71920.0,95420.0,123420.0,156180.0,,
13-1081,Logisticians,251040,1.0,43.14,89730.0,0.4,24.47,30.98,39.58,51.05,64.02,50890.0,64440.0,82320.0,106190.0,133160.0,,
13-1082,Project Management Specialists,1066670,0.6,53.24,110740.0,0.2,29.61,37.71,49.19,63.99,80.76,61580.0,78440.0,102320.0,133100.0,167970.0,,
13-1111,Management Analysts,898280,0.7,54.71,113790.0,1.1,29.15,37.48,48.97,64.12,82.52,60640.0,77950.0,101860.0,133370.0,171640.0,,
13-1121,"Meeting, Convention, and Event Planners",142860,1.4,31.98,66520.0,0.9,17.71,22.58,29.41,37.88,48.9,36830.0,46970.0,61160.0,78790.0,101700.0,,
13-1131,Fundraisers,111040,1.2,37.12,77200.0,0.5,22.42,27.63,34.88,44.32,55.68,46630.0,57480.0,72550.0,92180.0,115820.0,,
13-1141,"Compensation, Benefits, and Job Analysis Specialists",112380,1.6,40.54,84330.0,0.9,23.79,29.28,37.6,48.27,61.98,49480.0,60890.0,78210.0,100400.0,128920.0,,
13-1151,Training and Development Specialists,458300,0.8,36.32,75550.0,0.4,18.64,24.09,33.31,45.7,59.26,38760.0,50110.0,69280.0,95050.0,123250.0,,
13-1161,Market Research Analysts and Marketing Specialists,899580,0.8,43.03,89490.0,0.5,20.86,28.05,37.87,52.07,74.75,43390.0,58350.0,78760.0,108310.0,155480.0,,
13-1199,"Business Operations Specialists, All Other",1087090,0.6,45.18,93970.0,0.3,23.02,30.12,39.93,54.81,72.12,47880.0,62640.0,83050.0,114010.0,150010.0,,
13-2011,Accountants and Auditors,1449500,0.5,45.56,94750.0,0.3,26.93,32.22,40.23,52.8,69.27,56020.0,67020.0,83680.0,109810.0,144090.0,,
13-2020,Property Appraisers and Assessors,57070,2.9,36.43,75770.0,1.1,19.25,24.51,32.67,44.6,58.97,40030.0,50970.0,67960.0,92760.0,122660.0,,
13-2031,Budget Analysts,47160,1.4,46.33,96370.0,0.6,29.93,36.21,44.06,54.91,65.7,62250.0,75320.0,91640.0,114220.0,136660.0,,
13-2041,Credit Analysts,64390,1.3,48.49,100850.0,0.7,27.04,31.35,40.15,58.88,81.36,56250.0,65210.0,83510.0,122460.0,169230.0,,
13-2051,Financial and Investment Analysts,361980,2.3,56.15,116800.0,0.7,30.64,38.12,49.4,64.11,86.95,63720.0,79290.0,102740.0,133340.0,180860.0,,
13-2052,Personal Financial Advisors,266800,2.0,75.32,156670.0,1.6,24.13,34.83,50.51,84.99,171.65,50190.0,72440.0,105070.0,176790.0,357020.0,,
13-2053,Insurance Underwriters,105420,2.0,45.05,93700.0,0.7,26.7,31.07,39.12,53.07,69.79,55530.0,64620.0,81370.0,110390.0,145160.0,,
13-2054,Financial Risk Specialists,63850,1.9,59.82,124420.0,0.6,31.17,40.37,56.41,76.08,94.29,64820.0,83980.0,117330.0,158250.0,196110.0,,
13-2061,Financial Examiners,67830,1.5,51.08,106240.0,0.6,27.04,33.97,45.27,62.31,83.75,56230.0,70660.0,94160.0,129600.0,174200.0,,
13-2071,Credit Counselors,27770,2.5,27.51,57210.0,0.8,18.44,21.98,25.11,30.81,38.67,38350.0,45720.0,52230.0,64080.0,80440.0,,
13-2072,Loan Officers,274330,1.1,42.21,87790.0,0.6,18.96,25.35,36.87,50.04,73.65,39430.0,52730.0,76690.0,104080.0,153180.0,,
13-2081,"Tax Examiners and Collectors, and Revenue Agents",56610,0.9,33.91,70520.0,0.3,20.19,23.77,29.98,40.09,55.07,42000.0,49450.0,62370.0,83390.0,114550.0,,
13-2082,Tax Preparers,76480,4.3,29.3,60930.0,1.4,16.23,18.71,26.4,36.68,47.72,33760.0,38910.0,54920.0,76300.0,99270.0,,
13-2099,"Financial Specialists, All Other",132130,1.8,45.1,93810.0,0.7,23.3,29.47,38.99,53.08,72.83,48460.0,61290.0,81100.0,110410.0,151490.0,,
15-1211,Computer Systems Analysts,519530,1.0,55.1,114610.0,0.4,32.37,39.84,50.89,64.48,80.63,67340.0,82860.0,105850.0,134110.0,167710.0,,
15-1212,Information Security Analysts,190650,2.0,63.71,132510.0,0.6,36.1,47.03,62.11,78.61,96.08,75090.0,97810.0,129180.0,163500.0,199850.0,,
15-1221,Computer and Information Research Scientists,37200,2.6,74.0,153930.0,1.0,39.52,49.79,67.45,90.72,110.88,82200.0,103570.0,140300.0,188700.0,230630.0,,
15-1231,Computer Network Support Specialists,146190,2.0,39.36,81870.0,1.2,22.65,28.0,36.64,47.48,61.43,47120.0,58240.0,76220.0,98750.0,127780.0,,
15-1232,Computer User Support Specialists,717190,0.8,32.37,67330.0,0.3,19.7,23.56,29.74,38.0,48.34,40980.0,49000.0,61860.0,79040.0,100540.0,,
15-1241,Computer Network Architects,179740,1.7,67.11,139580.0,0.6,38.42,50.3,64.45,80.86,97.44,79900.0,104620.0,134050.0,168200.0,202680.0,,
15-1242,Database Administrators,69990,1.7,52.93,110090.0,0.5,28.96,38.28,50.3,65.13,78.52,60230.0,79610.0,104620.0,135460.0,163320.0,,
15-1243,Database Architects,67140,2.9,69.44,144440.0,1.0,41.46,52.58,67.07,81.39,98.08,86240.0,109370.0,139500.0,169290.0,204000.0,,
15-1244,Network and Computer Systems Administrators,314340,1.0,49.85,103680.0,0.6,30.11,37.51,47.66,60.89,74.55,62640.0,78010.0,99130.0,126640.0,155050.0,,
15-1251,Computer Programmers,92230,2.5,50.56,105170.0,1.0,27.74,36.47,48.26,62.83,77.15,57710.0,75850.0,100390.0,130680.0,160460.0,,
15-1252,Software Developers,1687890,0.6,71.2,148100.0,0.4,39.64,50.58,65.38,82.68,103.21,82460.0,105210.0,135980.0,171980.0,214670.0,,
15-1253,Software Quality Assurance Analysts and Testers,186740,2.3,53.6,111490.0,0.7,29.54,38.61,50.14,64.03,80.29,61440.0,80310.0,104300.0,133180.0,167010.0,,
15-1254,Web Developers,70190,6.7,47.49,98770.0,1.5,23.12,30.88,44.54,60.69,78.03,48100.0,64230.0,92650.0,126230.0,162290.0,,
15-1255,Web and Digital Interface Designers,113330,1.6,56.49,117490.0,0.8,25.84,35.24,50.0,76.36,96.9,53750.0,73290.0,104000.0,158820.0,201550.0,,
15-1299,"Computer Occupations, All Other",435370,1.0,58.77,122230.0,0.6,26.89,38.16,56.05,75.72,90.61,55940.0,79370.0,116580.0,157500.0,188470.0,,
15-2011,Actuaries,26670,3.2,68.02,141480.0,2.3,37.77,46.96,62.5,82.04,103.41,78570.0,97680.0,130000.0,170650.0,215100.0,,
15-2021,Mathematicians,2030,2.5,62.15,129260.0,1.0,33.29,42.58,60.92,75.49,93.84,69240.0,88570.0,126710.0,157020.0,195190.0,,
15-2031,Operations Research Analysts,108510,1.4,47.95,99730.0,0.6,27.43,32.86,42.76,60.57,76.88,57060.0,68360.0,88940.0,125990.0,159910.0,,
15-2041,Statisticians,29030,2.7,55.63,115700.0,1.2,30.77,39.53,50.79,68.03,83.68,64000.0,82220.0,105650.0,141490.0,174050.0,,
15-2051,Data Scientists,262440,1.1,60.96,126800.0,0.7,32.33,41.18,57.8,76.39,95.74,67240.0,85660.0,120230.0,158880.0,199130.0,,
15-2099,"Mathematical Science Occupations, All Other",3720,12.6,44.02,91550.0,3.5,23.07,29.21,39.18,51.53,74.32,47980.0,60750.0,81490.0,107180.0,154580.0,,
17-1011,"Architects, Except Landscape and Naval",106770,2.0,51.09,106260.0,0.8,29.95,37.48,47.73,60.84,77.61,62300.0,77960.0,99280.0,126550.0,161420.0,,
17-1012,Landscape Architects,19600,4.4,42.68,88780.0,1.1,26.33,30.85,38.4,50.04,62.59,54770.0,64170.0,79870.0,104090.0,130190.0,,
17-1021,Cartographers and Photogrammetrists,14260,3.0,41.68,86690.0,0.9,25.84,31.57,39.13,49.02,61.03,53740.0,65670.0,81390.0,101960.0,126950.0,,
17-1022,Surveyors,50830,1.7,38.73,80570.0,0.7,22.54,27.97,36.27,47.18,60.38,46880.0,58170.0,75440.0,98130.0,125590.0,,
17-2011,Aerospace Engineers,67710,2.0,68.3,142060.0,0.6,41.68,51.02,64.89,81.58,98.98,86700.0,106110.0,134960.0,169690.0,205890.0,,
17-2021,Agricultural Engineers,1480,11.8,52.04,108230.0,4.3,32.72,39.55,47.4,60.04,80.03,68060.0,82260.0,98590.0,124880.0,166460.0,,
17-2031,Bioengineers and Biomedical Engineers,23480,4.6,56.2,116890.0,2.1,34.55,41.82,52.58,65.68,80.86,71850.0,86980.0,109370.0,136600.0,168180.0,,
17-2041,Chemical Engineers,21070,3.6,62.49,129980.0,2.2,38.19,47.03,60.12,75.57,87.92,79420.0,97820.0,125040.0,157190.0,182880.0,,
17-2051,Civil Engineers,367840,1.0,52.24,108670.0,0.9,32.81,38.43,48.48,62.34,78.47,68240.0,79930.0,100840.0,129680.0,163220.0,,
17-2061,Computer Hardware Engineers,76660,1.9,78.21,162670.0,0.6,44.68,60.62,77.76,97.59,108.33,92940.0,126090.0,161740.0,202990.0,225330.0,,
17-2071,Electrical Engineers,198750,1.7,60.15,125100.0,0.8,36.8,44.63,58.0,73.53,88.61,76550.0,92830.0,120630.0,152950.0,184300.0,,
17-2072,"Electronics Engineers, Except Computer",96900,2.0,66.0,137280.0,0.7,39.35,48.88,62.6,80.61,99.5,81840.0,101680.0,130220.0,167670.0,206960.0,,
17-2081,Environmental Engineers,38340,3.1,54.29,112910.0,0.8,33.65,40.18,51.5,64.63,77.99,69990.0,83570.0,107110.0,134420.0,162220.0,,
17-2111,"Health and Safety Engineers, Except Mining Safety Engineers and Inspectors",21450,6.5,57.58,119770.0,1.8,32.89,43.72,55.36,68.74,82.33,68420.0,90930.0,115160.0,142980.0,171250.0,,
17-2112,Industrial Engineers,365740,0.7,52.84,109900.0,0.3,35.76,40.19,49.25,62.14,76.85,74370.0,83600.0,102440.0,129250.0,159860.0,,
17-2121,Marine Engineers and Naval Architects,8250,5.5,59.7,124180.0,1.0,39.91,47.71,53.96,66.2,83.33,83010.0,99250.0,112230.0,137690.0,173330.0,,
17-2131,Materials Engineers,22770,2.0,57.81,120250.0,0.6,34.76,42.35,54.26,68.61,84.48,72300.0,88080.0,112860.0,142720.0,175720.0,,
17-2141,Mechanical Engineers,296810,1.3,54.62,113610.0,0.4,35.57,40.45,50.05,63.75,79.01,73990.0,84130.0,104110.0,132590.0,164340.0,,
17-2151,"Mining and Geological Engineers, Including Mining Safety Engineers",6080,6.4,55.49,115410.0,1.9,32.45,41.0,51.07,65.67,81.73,67490.0,85280.0,106220.0,136590.0,169990.0,,
17-2161,Nuclear Engineers,15280,3.4,67.51,140420.0,1.2,44.69,52.26,64.41,78.67,94.37,92960.0,108690.0,133970.0,163630.0,196290.0,,
17-2171,Petroleum Engineers,18060,5.7,75.55,157150.0,2.3,39.16,51.09,69.67,95.16,121.73,81440.0,106270.0,144910.0,197920.0,253200.0,,
17-2199,"Engineers, All Other",154070,1.1,60.26,125330.0,0.4,32.12,43.73,59.1,76.01,91.32,66810.0,90970.0,122930.0,158090.0,189950.0,,
17-3011,Architectural and Civil Drafters,103700,2.3,34.01,70740.0,0.6,22.24,26.76,31.8,38.88,47.94,46260.0,55650.0,66150.0,80870.0,99710.0,,
17-3012,Electrical and Electronics Drafters,17920,3.3,39.08,81280.0,0.8,24.06,29.53,36.96,46.5,57.83,50040.0,61430.0,76870.0,96730.0,120290.0,,
17-3013,Mechanical Drafters,39960,3.0,36.09,75060.0,0.8,23.25,27.93,34.4,41.41,51.24,48360.0,58080.0,71550.0,86120.0,106580.0,,
17-3019,"Drafters, All Other",14470,3.6,32.81,68250.0,1.1,20.88,24.83,30.54,38.32,47.78,43420.0,51650.0,63520.0,79700.0,99380.0,,
17-3021,Aerospace Engineering and Operations Technologists and Technicians,11280,3.7,43.9,91310.0,0.8,28.39,32.54,39.85,53.5,60.18,59050.0,67680.0,82890.0,111280.0,125160.0,,
17-3022,Civil Engineering Technologists and Technicians,68520,2.1,33.17,68990.0,0.7,21.26,24.76,31.23,38.78,47.59,44220.0,51490.0,64950.0,80650.0,98980.0,,
17-3023,Electrical and Electronic Engineering Technologists and Technicians,95130,1.4,38.79,80680.0,0.5,23.8,29.62,37.59,46.95,55.62,49510.0,61610.0,78190.0,97650.0,115700.0,,
17-3024,Electro-Mechanical and Mechatronics Technologists and Technicians,15520,4.1,36.74,76420.0,1.5,23.0,28.74,35.53,42.57,52.83,47840.0,59780.0,73900.0,88540.0,109890.0,,
17-3025,Environmental Engineering Technologists and Technicians,12190,5.4,31.19,64870.0,1.2,19.19,23.18,28.81,36.52,46.47,39910.0,48200.0,59920.0,75960.0,96660.0,,
17-3026,Industrial Engineering Technologists and Technicians,75570,1.1,33.99,70700.0,0.4,22.74,26.81,31.79,38.59,47.67,47300.0,55760.0,66120.0,80280.0,99150.0,,
17-3027,Mechanical Engineering Technologists and Technicians,36190,2.2,36.72,76380.0,1.0,23.27,28.61,35.82,42.36,50.99,48400.0,59510.0,74510.0,88110.0,106050.0,,
17-3028,Calibration Technologists and Technicians,16540,5.0,35.66,74170.0,1.6,22.44,27.11,32.61,44.27,51.23,46680.0,56380.0,67820.0,92080.0,106550.0,,
17-3029,"Engineering Technologists and Technicians, Except Drafters, All Other",59930,1.8,38.93,80960.0,0.6,22.61,29.03,37.67,47.75,56.89,47030.0,60390.0,78350.0,99310.0,118330.0,,
17-3031,Surveying and Mapping Technicians,58010,2.8,27.89,58000.0,0.8,18.04,21.84,26.08,32.07,39.24,37520.0,45430.0,54240.0,66700.0,81630.0,,
19-1011,Animal Scientists,3100,15.6,42.48,88350.0,9.1,21.32,23.93,33.14,49.67,79.81,44350.0,49770.0,68940.0,103300.0,166000.0,,
19-1012,Food Scientists and Technologists,13060,3.6,45.85,95360.0,1.0,25.44,33.08,42.65,56.08,69.85,52920.0,68810.0,88720.0,116650.0,145280.0,,
19-1013,Soil and Plant Scientists,15730,4.0,42.17,87720.0,1.3,23.41,29.65,37.91,49.88,66.4,48680.0,61660.0,78850.0,103740.0,138120.0,,
19-1021,Biochemists and Biophysicists,33830,4.2,62.43,129840.0,1.3,35.71,45.67,61.26,78.59,96.69,74290.0,95000.0,127410.0,163460.0,201110.0,,
19-1022,Microbiologists,18940,4.3,46.92,97600.0,0.9,26.28,32.26,42.3,58.82,72.12,54670.0,67100.0,87990.0,122350.0,150000.0,,
19-1023,Zoologists and Wildlife Biologists,18120,3.0,39.91,83020.0,2.4,23.61,29.41,36.91,46.2,60.79,49100.0,61180.0,76780.0,96100.0,126440.0,,
19-1029,"Biological Scientists, All Other",55850,1.9,51.12,106330.0,0.8,29.05,36.92,47.56,61.38,80.77,60430.0,76800.0,98920.0,127670.0,168010.0,,
19-1031,Conservation Scientists,25950,2.4,37.08,77130.0,0.7,22.86,27.74,35.1,44.02,53.08,47550.0,57700.0,73010.0,91560.0,110410.0,,
19-1032,Foresters,10430,3.2,38.06,79170.0,0.9,24.42,30.15,36.73,44.06,52.74,50790.0,62710.0,76400.0,91640.0,109700.0,,
19-1041,Epidemiologists,12090,3.2,47.06,97890.0,1.0,29.46,34.18,41.93,54.15,66.73,61270.0,71090.0,87220.0,112640.0,138800.0,,
19-1042,"Medical Scientists, Except Epidemiologists",172340,1.1,56.18,116840.0,0.7,31.15,38.39,49.72,67.01,85.47,64800.0,79840.0,103410.0,139380.0,177780.0,,
19-1099,"Life Scientists, All Other",7460,6.6,51.86,107860.0,5.8,28.21,33.17,45.07,63.42,89.55,58670.0,68990.0,93750.0,131910.0,186260.0,,
19-2011,Astronomers,2120,7.3,63.91,132920.0,0.7,37.5,48.04,61.94,79.81,93.84,78010.0,99920.0,128820.0,166000.0,195190.0,,
19-2012,Physicists,20430,3.1,82.3,171180.0,1.0,39.48,53.71,82.81,107.1,131.79,82110.0,111720.0,172250.0,222760.0,274110.0,,
19-2021,Atmospheric and Space Scientists,10000,4.4,51.01,106110.0,1.8,25.51,35.26,47.63,62.48,77.83,53060.0,73350.0,99070.0,129960.0,161890.0,,
19-2031,Chemists,82770,1.8,48.29,100450.0,0.7,28.11,33.39,43.87,60.36,77.32,58460.0,69460.0,91240.0,125550.0,160830.0,,
19-2032,Materials Scientists,8470,6.4,60.67,126180.0,1.2,32.13,43.26,56.63,72.38,94.85,66820.0,89990.0,117790.0,150550.0,197290.0,,
19-2041,"Environmental Scientists and Specialists, Including Health",89250,1.7,44.08,91680.0,0.8,25.25,31.01,39.53,51.91,67.31,52520.0,64490.0,82220.0,107970.0,140010.0,,
19-2042,"Geoscientists, Except Hydrologists and Geographers",23470,3.1,55.84,116150.0,1.9,28.52,36.11,49.0,67.01,96.26,59330.0,75110.0,101920.0,139380.0,200230.0,,
19-2043,Hydrologists,5850,4.3,49.81,103600.0,1.6,30.78,37.12,46.44,59.06,73.62,64020.0,77210.0,96600.0,122830.0,153130.0,,
19-2099,"Physical Scientists, All Other",22300,1.9,62.13,129230.0,1.2,32.21,41.64,58.93,77.83,93.84,67000.0,86620.0,122570.0,161890.0,195190.0,,
19-3011,Economists,17790,8.9,68.33,142130.0,4.3,32.38,42.95,59.96,84.0,114.45,67360.0,89330.0,124720.0,174720.0,238060.0,,
19-3022,Survey Researchers,8290,5.3,38.26,79580.0,2.7,18.87,24.65,33.4,47.96,62.91,39260.0,51270.0,69460.0,99760.0,130860.0,,
19-3032,Industrial-Organizational Psychologists,790,16.9,81.84,170230.0,8.1,37.99,51.59,93.24,106.86,118.86,79010.0,107310.0,193950.0,222280.0,247220.0,,
19-3033,Clinical and Counseling Psychologists,75990,2.4,54.21,112750.0,1.5,26.53,35.2,48.36,65.0,87.0,55170.0,73210.0,100580.0,135200.0,180960.0,,
19-3034,School Psychologists,63940,2.9,47.67,99160.0,1.5,30.32,37.25,46.15,57.84,68.43,63070.0,77470.0,95990.0,120310.0,142330.0,,
19-3039,"Psychologists, All Other",18820,3.4,53.47,111210.0,2.0,26.44,33.1,53.29,70.79,81.02,54990.0,68850.0,110840.0,147240.0,168520.0,,
19-3041,Sociologists,2260,7.9,55.25,114920.0,2.4,31.33,39.57,50.98,66.07,82.96,65160.0,82300.0,106030.0,137420.0,172550.0,,
19-3051,Urban and Regional Planners,44230,1.3,45.55,94750.0,0.6,28.85,34.63,42.94,52.9,64.66,60010.0,72020.0,89320.0,110030.0,134490.0,,
19-3091,Anthropologists and Archeologists,8990,6.6,36.35,75620.0,1.1,23.58,28.56,34.02,43.11,51.95,49050.0,59400.0,70770.0,89670.0,108060.0,,
19-3092,Geographers,1400,4.1,49.21,102350.0,0.9,32.1,38.6,49.06,58.59,65.7,66770.0,80290.0,102040.0,121870.0,136660.0,,
19-3093,Historians,3450,6.2,39.06,81240.0,1.2,20.55,27.54,36.9,48.07,63.37,42730.0,57290.0,76750.0,99990.0,131810.0,,
19-3094,Political Scientists,5540,4.6,68.51,142510.0,1.2,40.07,54.82,68.31,83.74,93.84,83350.0,114030.0,142080.0,174180.0,195190.0,,
19-3099,"Social Scientists and Related Workers, All Other",37100,1.8,51.78,107690.0,0.5,31.79,38.87,48.61,62.48,77.07,66120.0,80860.0,101110.0,129960.0,160300.0,,
19-4012,Agricultural Technicians,15130,4.9,25.89,53840.0,1.3,17.3,19.69,23.86,30.59,36.77,35980.0,40950.0,49630.0,63630.0,76480.0,,
19-4013,Food Science Technicians,14600,2.5,27.24,56660.0,0.9,19.14,22.12,25.06,30.42,37.89,39820.0,46020.0,52130.0,63270.0,78820.0,,
19-4021,Biological Technicians,69620,1.7,29.51,61380.0,0.6,19.39,23.14,27.65,34.39,40.84,40330.0,48130.0,57510.0,71520.0,84940.0,,
19-4031,Chemical Technicians,57540,2.0,30.72,63900.0,0.7,20.07,23.33,29.03,36.49,44.25,41740.0,48530.0,60390.0,75900.0,92040.0,,
19-4042,"Environmental Science and Protection Technicians, Including Health",34670,4.0,29.23,60800.0,0.9,18.35,22.03,26.49,33.61,45.27,38170.0,45820.0,55090.0,69910.0,94160.0,,
19-4043,"Geological Technicians, Except Hydrologic Technicians",6980,8.3,29.75,61870.0,3.5,17.2,21.56,25.65,34.67,47.86,35770.0,44850.0,53350.0,72110.0,99560.0,,
19-4044,Hydrologic Technicians,2840,6.3,33.43,69530.0,2.5,21.61,25.02,31.15,40.71,48.31,44950.0,52040.0,64790.0,84680.0,100480.0,,
19-4051,Nuclear Technicians,6470,7.7,52.37,108940.0,1.1,35.17,47.65,53.0,59.61,64.23,73150.0,99110.0,110240.0,123990.0,133600.0,,
19-4061,Social Science Research Assistants,30640,1.8,31.8,66140.0,1.1,18.31,23.38,29.81,37.38,49.07,38090.0,48620.0,61990.0,77760.0,102070.0,,
19-4071,Forest and Conservation Technicians,30410,1.0,28.39,59060.0,0.2,19.39,22.77,26.23,32.98,40.21,40330.0,47360.0,54560.0,68600.0,83630.0,,
19-4092,Forensic Science Technicians,19120,1.0,38.08,79200.0,0.8,23.2,27.81,34.65,45.44,56.37,48250.0,57830.0,72060.0,94520.0,117250.0,,
19-4099,"Life, Physical, and Social Science Technicians, All Other",73910,1.5,31.86,66280.0,0.7,18.75,23.09,29.94,38.36,49.37,39000.0,48030.0,62280.0,79780.0,102690.0,,
19-5011,Occupational Health and Safety Specialists,140610,1.1,45.12,93860.0,0.6,26.44,33.44,43.34,53.7,64.88,55000.0,69560.0,90150.0,111690.0,134950.0,,
19-5012,Occupational Health and Safety Technicians,30590,2.5,32.75,68120.0,0.9,22.25,25.22,29.59,37.91,48.15,46280.0,52470.0,61560.0,78850.0,100160.0,,
21-1012,"Educational, Guidance, and Career Counselors and Advisors",353310,0.6,34.34,71430.0,0.5,21.65,24.65,30.93,39.84,50.37,45020.0,51270.0,64330.0,82870.0,104770.0,,
21-1013,Marriage and Family Therapists,66740,4.8,37.0,76960.0,1.5,21.47,24.07,32.18,45.12,59.49,44650.0,50070.0,66940.0,93840.0,123730.0,,
21-1015,Rehabilitation Counselors,94740,2.0,24.91,51820.0,0.7,16.85,18.64,22.52,28.49,37.1,35060.0,38770.0,46850.0,59260.0,77170.0,,
21-1018,"Substance Abuse, Behavioral Disorder, and Mental Health Counselors",491930,1.0,30.98,64440.0,0.6,18.72,22.65,28.53,36.8,46.92,38940.0,47100.0,59350.0,76530.0,97590.0,,
21-1019,"Counselors, All Other",28580,5.2,27.99,58210.0,1.8,17.42,21.0,24.45,31.98,44.2,36240.0,43680.0,50860.0,66520.0,91940.0,,
21-1021,"Child, Family, and School Social Workers",392550,0.7,30.77,64000.0,0.4,20.33,23.21,28.63,36.57,45.93,42280.0,48270.0,59550.0,76070.0,95530.0,,
21-1022,Healthcare Social Workers,187630,1.1,34.51,71790.0,0.5,22.22,27.27,32.63,39.54,48.25,46220.0,56710.0,67880.0,82240.0,100360.0,,
21-1023,Mental Health and Substance Abuse Social Workers,132810,1.8,32.71,68030.0,1.4,19.11,22.63,28.98,38.33,50.08,39740.0,47070.0,60280.0,79730.0,104170.0,,
21-1029,"Social Workers, All Other",62930,1.7,36.5,75910.0,0.5,20.97,24.95,34.57,46.65,55.58,43620.0,51900.0,71900.0,97040.0,115610.0,,
21-1091,Health Education Specialists,65690,1.7,35.23,73280.0,0.8,20.67,24.34,30.8,41.89,56.83,42990.0,50620.0,64070.0,87130.0,118200.0,,
21-1092,Probation Officers and Correctional Treatment Specialists,89390,0.3,35.16,73130.0,0.3,22.52,26.08,31.86,40.76,51.82,46840.0,54250.0,66270.0,84780.0,107790.0,,
21-1093,Social and Human Service Assistants,437860,0.9,22.93,47690.0,0.4,16.44,18.34,22.08,26.13,30.43,34200.0,38150.0,45930.0,54350.0,63290.0,,
21-1094,Community Health Workers,61660,1.9,27.01,56180.0,0.5,18.66,21.94,24.93,30.07,37.11,38810.0,45640.0,51850.0,62540.0,77180.0,,
21-1099,"Community and Social Service Specialists, All Other",107730,1.4,28.65,59590.0,0.6,17.94,22.08,27.28,33.61,40.49,37310.0,45920.0,56730.0,69910.0,84210.0,,
21-2011,Clergy,57200,2.3,32.15,66860.0,1.5,18.2,23.2,29.24,36.85,47.54,37860.0,48260.0,60810.0,76640.0,98890.0,,
21-2021,"Directors, Religious Activities and Education",22160,4.1,29.86,62100.0,1.5,16.67,21.16,25.05,35.45,47.26,34670.0,44010.0,52100.0,73730.0,98310.0,,
21-2099,"Religious Workers, All Other",15760,9.6,25.9,53870.0,4.4,15.0,16.98,21.77,29.04,45.14,31200.0,35310.0,45280.0,60390.0,93900.0,,
23-1011,Lawyers,754500,1.1,89.35,185840.0,1.6,37.67,49.51,76.76,106.43,169.04,78360.0,102990.0,159670.0,221370.0,351600.0,,
23-1012,Judicial Law Clerks,13290,1.0,35.07,72950.0,0.4,22.2,25.42,31.21,38.67,54.4,46180.0,52870.0,64920.0,80420.0,113140.0,,
23-1021,"Administrative Law Judges, Adjudicators, and Hearing Officers",16370,0.4,60.57,125990.0,0.3,29.38,39.01,56.67,76.77,99.75,61110.0,81140.0,117860.0,159680.0,207480.0,,
23-1022,"Arbitrators, Mediators, and Conciliators",9210,10.7,43.76,91010.0,5.7,22.7,27.58,36.31,51.92,74.73,47220.0,57360.0,75530.0,108000.0,155440.0,,
23-1023,"Judges, Magistrate Judges, and Magistrates",24030,0.6,69.15,143830.0,0.7,22.57,41.21,74.03,93.73,106.59,46950.0,85710.0,153990.0,194950.0,221710.0,,
23-2011,Paralegals and Legal Assistants,392880,1.6,33.51,69700.0,1.3,21.51,24.2,30.24,38.5,48.8,44740.0,50340.0,62890.0,80080.0,101500.0,,
23-2093,"Title Examiners, Abstractors, and Searchers",48580,3.0,29.97,62350.0,1.6,18.35,22.8,28.2,35.97,43.67,38170.0,47420.0,58650.0,74810.0,90830.0,,
23-2099,"Legal Support Workers, All Other",46760,2.2,43.1,89660.0,1.0,21.06,26.41,34.67,52.58,86.52,43800.0,54940.0,72110.0,109360.0,179960.0,,
25-1011,"Business Teachers, Postsecondary",82150,0.7,,114720.0,0.4,,,,,,47180.0,64150.0,99080.0,141710.0,209470.0,TRUE,
25-1021,"Computer Science Teachers, Postsecondary",35480,0.7,,104420.0,0.3,,,,,,49460.0,66600.0,96980.0,131320.0,170200.0,TRUE,
25-1022,"Mathematical Science Teachers, Postsecondary",47670,0.3,,91550.0,0.3,,,,,,49180.0,61690.0,79940.0,105000.0,139340.0,TRUE,
25-1031,"Architecture Teachers, Postsecondary",7700,0.8,,101250.0,0.4,,,,,,58430.0,74970.0,96870.0,128510.0,159030.0,TRUE,
25-1032,"Engineering Teachers, Postsecondary",40270,0.5,,124520.0,0.3,,,,,,61550.0,81570.0,109270.0,150860.0,210370.0,TRUE,
25-1041,"Agricultural Sciences Teachers, Postsecondary",8920,2.3,,102050.0,0.7,,,,,,50870.0,66410.0,98700.0,126850.0,163150.0,TRUE,
25-1042,"Biological Science Teachers, Postsecondary",50190,0.4,,102840.0,0.3,,,,,,52150.0,64350.0,84620.0,126770.0,169900.0,TRUE,
25-1043,"Forestry and Conservation Science Teachers, Postsecondary",1520,6.5,,102450.0,1.5,,,,,,50100.0,77440.0,101420.0,126930.0,148920.0,TRUE,
25-1051,"Atmospheric, Earth, Marine, and Space Sciences Teachers, Postsecondary",9900,0.9,,116020.0,0.3,,,,,,59700.0,77260.0,103170.0,135510.0,203190.0,TRUE,
25-1052,"Chemistry Teachers, Postsecondary",19980,0.3,,105210.0,0.3,,,,,,57870.0,68530.0,93250.0,127280.0,172110.0,TRUE,
25-1053,"Environmental Science Teachers, Postsecondary",6690,1.1,,103610.0,0.3,,,,,,57780.0,69880.0,94980.0,126900.0,164190.0,TRUE,
25-1054,"Physics Teachers, Postsecondary",13090,0.4,,111460.0,0.3,,,,,,60200.0,74050.0,100310.0,132650.0,177850.0,TRUE,
25-1061,"Anthropology and Archeology Teachers, Postsecondary",5240,0.4,,106880.0,0.3,,,,,,57840.0,75200.0,99650.0,128750.0,171310.0,TRUE,
25-1062,"Area, Ethnic, and Cultural Studies Teachers, Postsecondary",11300,0.6,,98330.0,0.3,,,,,,52070.0,65660.0,85020.0,110710.0,160420.0,TRUE,
25-1063,"Economics Teachers, Postsecondary",11560,0.4,,138850.0,0.3,,,,,,64060.0,86840.0,123920.0,168770.0,224200.0,TRUE,
25-1064,"Geography Teachers, Postsecondary",3330,0.4,,102350.0,0.3,,,,,,52550.0,74690.0,97590.0,123900.0,165460.0,TRUE,
25-1065,"Political Science Teachers, Postsecondary",16970,0.9,,108100.0,0.5,,,,,,56450.0,73260.0,98070.0,129130.0,174660.0,TRUE,
25-1066,"Psychology Teachers, Postsecondary",41530,1.3,,93860.0,0.4,,,,,,49050.0,63400.0,80340.0,105920.0,153600.0,TRUE,
25-1067,"Sociology Teachers, Postsecondary",11850,0.9,,96980.0,0.4,,,,,,49930.0,64990.0,84290.0,110650.0,160140.0,TRUE,
25-1069,"Social Sciences Teachers, Postsecondary, All Other",16580,1.0,,88390.0,0.4,,,,,,40670.0,55910.0,72990.0,102990.0,164420.0,TRUE,
25-1071,"Health Specialties Teachers, Postsecondary",221270,0.6,,147570.0,0.4,,,,,,59270.0,75690.0,107310.0,210370.0,322020.0,TRUE,
25-1072,"Nursing Instructors and Teachers, Postsecondary",77960,1.3,,86410.0,0.4,,,,,,48800.0,63510.0,80250.0,101090.0,129500.0,TRUE,
25-1081,"Education Teachers, Postsecondary",60830,0.7,,79350.0,0.4,,,,,,39530.0,53770.0,75350.0,97590.0,126860.0,TRUE,
25-1082,"Library Science Teachers, Postsecondary",3630,1.0,,88110.0,0.4,,,,,,57200.0,64080.0,80340.0,100910.0,129120.0,TRUE,
25-1111,"Criminal Justice and Law Enforcement Teachers, Postsecondary",13150,1.1,,87550.0,0.6,,,,,,45000.0,60020.0,76590.0,100870.0,140240.0,TRUE,
25-1112,"Law Teachers, Postsecondary",20060,1.9,,144770.0,0.7,,,,,,64250.0,88700.0,128500.0,176490.0,287900.0,TRUE,
25-1113,"Social Work Teachers, Postsecondary",12610,1.0,,83940.0,0.6,,,,,,48200.0,61170.0,77570.0,100400.0,126790.0,TRUE,
25-1121,"Art, Drama, and Music Teachers, Postsecondary",93560,0.6,,94700.0,0.4,,,,,,47570.0,61620.0,78620.0,103850.0,163350.0,TRUE,
25-1122,"Communications Teachers, Postsecondary",29420,0.5,,90010.0,0.4,,,,,,47590.0,61250.0,78580.0,102450.0,143720.0,TRUE,
25-1123,"English Language and Literature Teachers, Postsecondary",57720,0.4,,89580.0,0.3,,,,,,48270.0,60900.0,78760.0,103130.0,137250.0,TRUE,
25-1124,"Foreign Language and Literature Teachers, Postsecondary",19830,0.5,,89990.0,0.4,,,,,,49060.0,62510.0,79350.0,102730.0,136050.0,TRUE,
25-1125,"History Teachers, Postsecondary",18790,0.4,,96580.0,0.3,,,,,,48410.0,63920.0,83820.0,112090.0,162160.0,TRUE,
25-1126,"Philosophy and Religion Teachers, Postsecondary",20460,2.1,,92040.0,0.9,,,,,,49140.0,62600.0,80260.0,104770.0,139580.0,TRUE,
25-1192,"Family and Consumer Sciences Teachers, Postsecondary",2770,1.4,,81940.0,0.7,,,,,,47830.0,57410.0,75870.0,99320.0,130790.0,TRUE,
25-1193,"Recreation and Fitness Studies Teachers, Postsecondary",12630,0.7,,86620.0,0.3,,,,,,44900.0,59990.0,77270.0,101450.0,134890.0,TRUE,
25-1194,"Career/Technical Education Teachers, Postsecondary",114110,1.2,34.64,72060.0,0.6,20.17,24.19,30.68,39.6,52.22,41960.0,50320.0,63820.0,82360.0,108620.0,,
25-1199,"Postsecondary Teachers, All Other",149840,0.7,,90630.0,0.3,,,,,,44300.0,59290.0,77640.0,106770.0,160700.0,TRUE,
25-2011,"Preschool Teachers, Except Special Education",478780,1.5,20.69,43030.0,0.5,13.94,16.6,18.34,22.86,29.52,28990.0,34530.0,38140.0,47550.0,61390.0,,
25-2012,"Kindergarten Teachers, Except Special Education",108870,1.5,,69370.0,0.6,,,,,,46990.0,52180.0,62680.0,79910.0,101830.0,TRUE,
25-2021,"Elementary School Teachers, Except Special Education",1388390,0.8,,72650.0,0.4,,,,,,47960.0,57710.0,63970.0,81450.0,104340.0,TRUE,
25-2022,"Middle School Teachers, Except Special and Career/Technical Education",620090,1.7,,72030.0,0.6,,,,,,48080.0,58530.0,64370.0,80490.0,102540.0,TRUE,
25-2023,"Career/Technical Education Teachers, Middle School",16870,3.2,,71590.0,1.0,,,,,,49200.0,58690.0,65030.0,79990.0,101890.0,TRUE,
25-2031,"Secondary School Teachers, Except Special and Career/Technical Education",1065210,1.0,,76320.0,0.4,,,,,,48780.0,59980.0,72040.0,92570.0,107600.0,TRUE,
25-2032,"Career/Technical Education Teachers, Secondary School",111420,1.9,,72680.0,0.5,,,,,,50040.0,60590.0,66270.0,80060.0,101340.0,TRUE,
25-2051,"Special Education Teachers, Preschool",29510,5.9,,76380.0,2.6,,,,,,45620.0,52210.0,64830.0,91660.0,130040.0,TRUE,
25-2052,"Special Education Teachers, Kindergarten and Elementary School",260870,1.2,,72650.0,0.5,,,,,,49350.0,59710.0,65120.0,80280.0,103010.0,TRUE,
25-2057,"Special Education Teachers, Middle School",95200,2.2,,73780.0,0.7,,,,,,49420.0,60000.0,66810.0,82800.0,102510.0,TRUE,
25-2058,"Special Education Teachers, Secondary School",163930,1.4,,77260.0,0.5,,,,,,49800.0,60180.0,74260.0,93730.0,109100.0,TRUE,
25-2059,"Special Education Teachers, All Other",33930,7.8,,79750.0,3.3,,,,,,48440.0,60930.0,76580.0,99690.0,120080.0,TRUE,
25-3011,"Adult Basic Education, Adult Secondary Education, and English as a Second Language Instructors",37310,2.5,31.66,65860.0,0.6,20.1,23.61,29.59,37.35,47.13,41810.0,49100.0,61540.0,77690.0,98030.0,,
25-3021,Self-Enrichment Teachers,332110,1.3,26.32,54740.0,0.8,14.45,17.49,22.5,30.39,44.63,30050.0,36380.0,46800.0,63210.0,92840.0,,
25-3031,"Substitute Teachers, Short-Term",524770,1.5,22.32,46420.0,0.8,13.73,16.43,20.03,26.39,31.63,28560.0,34170.0,41670.0,54890.0,65790.0,,
25-3041,Tutors,175070,1.8,23.1,48050.0,0.8,14.15,16.83,20.84,26.38,36.53,29430.0,35000.0,43350.0,54860.0,75990.0,,
25-3099,"Teachers and Instructors, All Other",113790,2.8,,73880.0,1.1,,,,,,37010.0,48490.0,66140.0,95890.0,118020.0,TRUE,
25-4011,Archivists,7970,3.5,33.96,70640.0,1.1,19.22,24.37,31.03,39.92,53.15,39970.0,50680.0,64550.0,83020.0,110550.0,,
25-4012,Curators,12150,2.4,34.4,71560.0,0.7,19.46,23.49,30.49,39.94,51.51,40470.0,48870.0,63420.0,83080.0,107140.0,,
25-4013,Museum Technicians and Conservators,12310,4.7,27.6,57410.0,0.9,16.24,19.73,24.73,32.52,42.08,33780.0,41050.0,51440.0,67640.0,87530.0,,
25-4022,Librarians and Media Collections Specialists,133790,0.9,35.02,72840.0,0.4,20.99,27.07,32.82,40.62,50.0,43660.0,56310.0,68270.0,84480.0,103990.0,,
25-4031,Library Technicians,68690,1.3,21.88,45500.0,0.5,14.09,17.18,21.43,25.21,30.33,29300.0,35740.0,44580.0,52430.0,63080.0,,
25-9021,Farm and Home Management Educators,8220,5.9,29.35,61060.0,1.2,18.1,22.59,28.95,35.16,40.89,37650.0,46990.0,60220.0,73130.0,85060.0,,
25-9031,Instructional Coordinators,227760,0.8,38.9,80920.0,0.3,23.07,29.22,37.23,47.51,58.49,47980.0,60780.0,77440.0,98820.0,121670.0,,
25-9044,"Teaching Assistants, Postsecondary",164090,0.3,,47670.0,0.4,,,,,,28600.0,35270.0,42910.0,60510.0,76420.0,TRUE,
25-9045,"Teaching Assistants, Except Postsecondary",1420350,0.6,,38290.0,0.3,,,,,,27150.0,31060.0,36780.0,45360.0,50040.0,TRUE,
25-9099,"Educational Instruction and Library Workers, All Other",118590,1.4,28.39,59060.0,1.4,12.11,17.33,24.47,35.54,47.47,25180.0,36050.0,50890.0,73920.0,98740.0,,
27-1011,Art Directors,53070,4.2,62.23,129440.0,2.0,31.2,39.65,55.22,78.19,102.43,64900.0,82480.0,114850.0,162640.0,213050.0,,
27-1012,Craft Artists,4580,8.3,23.91,49740.0,2.1,12.48,16.84,22.15,28.0,34.61,25960.0,35020.0,46080.0,58240.0,71990.0,,
27-1013,"Fine Artists, Including Painters, Sculptors, and Illustrators",11220,7.4,35.17,73150.0,3.8,15.21,18.06,26.68,40.0,69.33,31630.0,37560.0,55490.0,83200.0,144210.0,,
27-1014,Special Effects Artists and Animators,19970,5.9,54.27,112870.0,1.7,28.17,36.29,49.06,66.89,85.15,58600.0,75490.0,102030.0,139130.0,177110.0,,
27-1019,"Artists and Related Workers, All Other",6930,8.3,38.72,80530.0,3.9,17.59,20.2,34.25,55.36,65.7,36580.0,42010.0,71240.0,115150.0,136660.0,,
27-1021,Commercial and Industrial Designers,33490,3.3,44.84,93260.0,1.8,25.7,31.95,40.34,52.43,67.2,53460.0,66450.0,83910.0,109050.0,139770.0,,
27-1022,Fashion Designers,21450,7.5,43.86,91230.0,12.4,18.99,24.97,38.92,51.19,70.61,39490.0,51940.0,80960.0,106470.0,146870.0,,
27-1023,Floral Designers,40590,1.7,19.0,39520.0,1.1,13.75,15.78,17.96,21.97,24.52,28600.0,32810.0,37360.0,45700.0,51000.0,,
27-1024,Graphic Designers,197830,2.4,33.92,70560.0,1.3,19.0,23.58,30.27,39.34,50.44,39520.0,49040.0,62960.0,81830.0,104910.0,,
27-1025,Interior Designers,71500,2.0,35.84,74540.0,1.5,19.91,24.92,32.31,41.22,54.87,41420.0,51840.0,67190.0,85740.0,114140.0,,
27-1026,Merchandise Displayers and Window Trimmers,165220,1.9,20.59,42830.0,0.9,14.79,16.89,18.94,22.7,28.06,30760.0,35130.0,39390.0,47220.0,58370.0,,
27-1027,Set and Exhibit Designers,10630,6.5,39.98,83160.0,2.8,20.07,25.4,36.17,50.01,65.1,41750.0,52830.0,75240.0,104030.0,135410.0,,
27-1029,"Designers, All Other",9480,7.9,38.02,79090.0,2.5,20.69,24.53,31.23,46.09,62.07,43030.0,51020.0,64950.0,95860.0,129110.0,,
27-2011,Actors,55000,17.7,58.29,,8.4,16.5,20.34,29.05,97.95,143.68,,,,,,,TRUE
27-2012,Producers and Directors,143120,2.9,54.47,113300.0,1.8,22.01,30.13,43.44,64.81,95.45,45780.0,62670.0,90360.0,134800.0,198540.0,,
27-2021,Athletes and Sports Competitors,15070,7.1,,206180.0,10.1,,,,,,26500.0,36790.0,66710.0,109880.0,742310.0,TRUE,
27-2022,Coaches and Scouts,248950,1.5,,60160.0,1.1,,,,,,28790.0,35330.0,47320.0,64710.0,98860.0,TRUE,
27-2023,"Umpires, Referees, and Other Sports Officials",15780,5.0,,53010.0,8.4,,,,,,26540.0,32260.0,40710.0,57160.0,82960.0,TRUE,
27-2031,Dancers,8130,7.3,30.83,,3.6,14.88,17.23,24.8,38.36,52.3,,,,,,,TRUE
27-2032,Choreographers,2860,8.9,35.14,73100.0,4.5,16.39,20.0,26.59,36.4,66.65,34090.0,41600.0,55310.0,75710.0,138630.0,,
27-2041,Music Directors and Composers,12540,6.3,43.5,90470.0,4.3,19.17,25.53,35.44,50.04,79.69,39880.0,53110.0,73710.0,104090.0,165760.0,,
27-2042,Musicians and Singers,36180,3.1,60.46,,2.6,20.35,27.57,47.8,75.33,132.56,,,,,,,TRUE
27-2091,"Disc Jockeys, Except Radio",7920,9.3,32.57,,8.1,13.5,16.91,21.61,37.5,60.17,,,,,,,TRUE
27-2099,"Entertainers and Performers, Sports and Related Workers, All Other",16550,8.7,30.7,,5.8,14.48,17.17,18.82,29.83,56.12,,,,,,,TRUE
27-3011,Broadcast Announcers and Radio Disc Jockeys,21240,2.3,37.85,78720.0,2.3,13.55,17.0,22.76,36.29,66.56,28190.0,35360.0,47340.0,75480.0,138440.0,,
27-3023,"News Analysts, Reporters, and Journalists",39250,1.9,49.26,102460.0,1.7,17.42,21.81,29.91,47.33,69.3,36240.0,45370.0,62200.0,98450.0,144140.0,,
27-3031,Public Relations Specialists,283380,1.1,40.44,84120.0,1.1,21.21,27.05,35.94,48.25,64.98,44110.0,56260.0,74750.0,100370.0,135150.0,,
27-3041,Editors,91690,1.7,43.3,90060.0,1.3,19.83,27.55,37.46,51.01,73.9,41250.0,57300.0,77920.0,106100.0,153700.0,,
27-3042,Technical Writers,45500,2.1,46.62,96970.0,0.9,27.62,34.08,43.46,55.53,69.84,57440.0,70880.0,90390.0,115510.0,145270.0,,
27-3043,Writers and Authors,47940,5.2,41.39,86090.0,2.9,21.31,28.0,36.98,49.01,67.25,44310.0,58230.0,76910.0,101950.0,139870.0,,
27-3091,Interpreters and Translators,52060,2.7,31.9,66360.0,1.3,17.82,22.37,28.93,38.86,49.84,37070.0,46530.0,60170.0,80830.0,103660.0,,
27-3092,Court Reporters and Simultaneous Captioners,12870,2.7,37.86,78760.0,1.6,20.26,25.85,34.82,48.45,62.77,42130.0,53760.0,72420.0,100780.0,130560.0,,
27-3099,"Media and Communication Workers, All Other",19590,3.7,40.32,83860.0,1.7,18.81,23.94,35.39,49.91,64.55,39120.0,49790.0,73620.0,103820.0,134270.0,,
27-4011,Audio and Video Technicians,70230,2.4,31.07,64630.0,1.1,18.26,22.3,27.93,37.29,48.39,37990.0,46390.0,58100.0,77560.0,100650.0,,
27-4012,Broadcast Technicians,21110,3.1,32.68,67960.0,2.1,15.09,19.38,28.64,40.16,59.46,31390.0,40320.0,59570.0,83520.0,123670.0,,
27-4014,Sound Engineering Technicians,13080,11.2,39.13,81390.0,3.5,18.06,23.99,35.16,48.21,66.04,37570.0,49910.0,73130.0,100280.0,137370.0,,
27-4015,Lighting Technicians,8900,6.2,37.68,78380.0,1.9,20.34,25.37,32.72,45.98,62.87,42310.0,52770.0,68060.0,95640.0,130760.0,,
27-4021,Photographers,51760,4.0,26.64,55410.0,2.2,14.82,17.33,21.47,30.16,44.14,30820.0,36050.0,44660.0,62740.0,91810.0,,
27-4031,"Camera Operators, Television, Video, and Film",21550,4.1,40.01,83210.0,2.1,18.52,24.48,36.05,51.28,64.99,38520.0,50920.0,74990.0,106660.0,135180.0,,
27-4032,Film and Video Editors,25610,4.7,41.41,86130.0,2.5,19.37,25.35,36.26,50.63,71.42,40280.0,52720.0,75420.0,105310.0,148550.0,,
27-4099,"Media and Communication Equipment Workers, All Other",12450,6.3,38.96,81040.0,1.6,18.69,23.72,34.0,51.34,65.13,38870.0,49340.0,70720.0,106780.0,135470.0,,
29-1011,Chiropractors,39630,2.8,43.52,90520.0,1.5,20.9,28.88,38.08,50.51,70.23,43460.0,60070.0,79200.0,105050.0,146080.0,,
29-1021,"Dentists, General",124390,2.8,91.99,191350.0,1.3,41.47,60.44,82.19,107.71,153.67,86250.0,125710.0,170950.0,224040.0,319630.0,,
29-1022,Oral and Maxillofacial Surgeons,4910,13.8,166.58,346490.0,10.9,41.47,98.37,169.34,206.11,299.35,86250.0,204610.0,352220.0,428710.0,622640.0,,
29-1023,Orthodontists,6210,13.5,124.71,259400.0,5.4,48.01,70.47,139.01,164.57,200.0,99850.0,146580.0,289140.0,342300.0,416000.0,,
29-1024,Prosthodontists,870,27.6,129.15,268630.0,8.5,49.77,121.18,149.61,160.33,165.75,103510.0,252050.0,311180.0,333480.0,344750.0,,
29-1029,"Dentists, All Other Specialists",5230,16.0,119.2,247930.0,7.5,50.06,79.87,108.17,134.9,193.61,104120.0,166130.0,224990.0,280590.0,402700.0,,
29-1031,Dietitians and Nutritionists,77570,2.1,37.08,77130.0,0.4,23.6,30.33,36.73,42.95,49.87,49090.0,63080.0,76400.0,89340.0,103720.0,,
29-1041,Optometrists,42790,2.8,68.05,141550.0,0.9,35.99,52.59,65.66,79.39,97.2,74870.0,109400.0,136570.0,165120.0,202180.0,,
29-1051,Pharmacists,321970,0.9,67.75,140920.0,0.3,47.73,62.2,67.75,77.81,83.77,99290.0,129380.0,140910.0,161840.0,174230.0,,
29-1071,Physician Assistants,162150,1.4,67.92,141280.0,0.7,47.78,58.02,65.33,78.84,91.48,99380.0,120670.0,135880.0,163980.0,190280.0,,
29-1081,Podiatrists,9680,3.8,84.37,175480.0,2.2,31.74,49.87,77.07,108.61,148.88,66010.0,103730.0,160300.0,225910.0,309670.0,,
29-1122,Occupational Therapists,162450,1.2,48.69,101280.0,0.4,34.47,39.67,48.24,56.09,63.44,71690.0,82510.0,100330.0,116670.0,131950.0,,
29-1123,Physical Therapists,267330,1.0,50.62,105280.0,0.3,37.09,41.42,49.4,58.25,64.97,77140.0,86160.0,102760.0,121160.0,135140.0,,
29-1124,Radiation Therapists,17070,7.1,55.28,114990.0,1.1,38.73,44.26,50.63,60.74,75.34,80560.0,92060.0,105310.0,126340.0,156710.0,,
29-1125,Recreational Therapists,14930,2.6,32.52,67630.0,2.1,19.71,24.16,29.79,38.43,48.28,40990.0,50240.0,61960.0,79930.0,100420.0,,
29-1126,Respiratory Therapists,139790,1.0,41.97,87300.0,0.2,30.61,35.83,39.56,47.47,56.75,63660.0,74520.0,82280.0,98730.0,118050.0,,
29-1127,Speech-Language Pathologists,183390,1.2,47.2,98170.0,0.4,30.24,37.37,47.05,55.08,64.5,62900.0,77730.0,97870.0,114570.0,134160.0,,
29-1128,Exercise Physiologists,8560,5.4,29.3,60940.0,1.3,20.56,23.86,28.59,32.32,38.73,42760.0,49620.0,59460.0,67230.0,80560.0,,
29-1129,"Therapists, All Other",22640,5.5,43.47,90420.0,3.4,22.37,28.29,37.47,50.85,73.33,46540.0,58850.0,77930.0,105760.0,152530.0,,
29-1131,Veterinarians,83900,1.3,68.6,142680.0,0.9,35.54,48.78,62.55,79.87,103.7,73920.0,101460.0,130100.0,166120.0,215700.0,,
29-1141,Registered Nurses,3379720,0.3,48.76,101420.0,0.2,33.14,38.62,46.9,54.02,66.09,68940.0,80330.0,97550.0,112350.0,137470.0,,
29-1151,Nurse Anesthetists,51840,4.5,119.38,248320.0,1.6,74.64,99.39,113.75,141.51,163.22,155250.0,206730.0,236590.0,294350.0,339500.0,,
29-1161,Nurse Midwives,7920,5.5,65.86,136980.0,1.0,45.01,56.01,64.44,75.67,90.54,93620.0,116510.0,134040.0,157400.0,188320.0,,
29-1171,Nurse Practitioners,323040,1.2,66.01,137300.0,0.3,48.72,56.73,63.61,75.34,83.86,101340.0,117990.0,132300.0,156700.0,174420.0,,
29-1181,Audiologists,13660,4.8,46.99,97740.0,2.0,31.06,38.14,46.05,53.51,64.0,64610.0,79340.0,95780.0,111300.0,133120.0,,
29-1211,Anesthesiologists,38760,11.0,173.35,360570.0,2.8,48.78,99.52,188.22,235.83,267.85,101460.0,207000.0,391490.0,490530.0,557130.0,,
29-1212,Cardiologists,17290,5.4,218.72,454940.0,2.2,51.53,131.87,238.47,293.3,342.37,107190.0,274280.0,496010.0,610060.0,712130.0,,
29-1213,Dermatologists,11370,9.4,155.55,323530.0,4.2,49.43,67.3,158.04,217.52,278.15,102810.0,139990.0,328730.0,452450.0,578560.0,,
29-1214,Emergency Medicine Physicians,32880,4.3,152.64,317480.0,3.0,49.81,88.86,161.32,201.39,238.42,103610.0,184830.0,335550.0,418890.0,495910.0,,
29-1215,Family Medicine Physicians,107510,5.1,122.99,255820.0,2.4,36.94,78.09,117.39,160.71,206.03,76830.0,162420.0,244180.0,334270.0,428550.0,,
29-1216,General Internal Medicine Physicians,67150,4.3,128.46,267200.0,2.5,35.37,59.84,123.35,180.22,228.57,73570.0,124470.0,256560.0,374850.0,475430.0,,
29-1217,Neurologists,10590,9.9,128.67,267630.0,6.6,40.08,75.0,119.5,172.11,216.72,83370.0,155990.0,248560.0,357990.0,450780.0,,
29-1218,Obstetricians and Gynecologists,21260,5.7,134.16,279040.0,2.3,45.52,86.45,140.82,177.59,210.24,94680.0,179810.0,292910.0,369390.0,437300.0,,
29-1221,"Pediatricians, General",39390,4.9,101.98,212110.0,2.6,43.98,66.49,100.98,131.59,162.74,91470.0,138290.0,210040.0,273700.0,338500.0,,
29-1222,"Physicians, Pathologists",11110,7.1,137.22,285420.0,3.5,44.49,89.57,150.19,179.22,216.33,92540.0,186300.0,312400.0,372780.0,449970.0,,
29-1223,Psychiatrists,27980,3.5,129.78,269940.0,2.4,40.41,74.11,135.51,174.39,214.67,84060.0,154150.0,281870.0,362740.0,446520.0,,
29-1224,Radiologists,26770,7.3,183.43,381530.0,2.6,42.79,104.23,202.34,243.27,285.78,89010.0,216800.0,420860.0,506010.0,594410.0,,
29-1229,"Physicians, All Other",342720,1.4,125.98,262040.0,1.0,33.26,49.48,127.85,182.1,217.48,69170.0,102930.0,265930.0,378770.0,452360.0,,
29-1241,"Ophthalmologists, Except Pediatric",8950,13.0,146.47,304650.0,5.4,48.16,83.49,144.27,202.66,235.44,100180.0,173650.0,300080.0,421530.0,489710.0,,
29-1242,"Orthopedic Surgeons, Except Pediatric",14100,10.9,179.6,373570.0,3.6,40.46,86.83,172.38,255.15,316.97,84170.0,180610.0,358550.0,530700.0,659290.0,,
29-1243,Pediatric Surgeons,1190,33.7,241.37,502050.0,5.1,103.56,161.72,268.76,280.38,349.35,215410.0,336380.0,559030.0,583200.0,726660.0,,
29-1249,"Surgeons, All Other",25140,9.6,179.78,373930.0,5.3,38.62,64.83,199.04,245.87,315.06,80320.0,134850.0,414010.0,511420.0,655320.0,,
29-1291,Acupuncturists,7830,12.9,41.84,87020.0,5.6,18.67,26.63,36.56,49.17,77.63,38830.0,55380.0,76040.0,102280.0,161470.0,,
29-1292,Dental Hygienists,222740,1.6,47.59,98990.0,1.0,36.0,40.18,47.16,52.16,60.6,74880.0,83570.0,98100.0,108480.0,126050.0,,
29-1299,"Healthcare Diagnosing or Treating Practitioners, All Other",28630,1.9,61.38,127660.0,5.5,31.35,40.28,55.39,77.63,93.84,65210.0,83780.0,115210.0,161470.0,195190.0,,
29-2010,Clinical Laboratory Technologists and Technicians,332940,0.9,32.38,67350.0,0.3,18.71,22.91,30.26,39.16,48.55,38910.0,47650.0,62930.0,81450.0,100990.0,,
29-2031,Cardiovascular Technologists and Technicians,62960,2.1,36.99,76940.0,0.5,18.75,23.02,35.73,47.17,58.34,39000.0,47890.0,74310.0,98110.0,121350.0,,
29-2032,Diagnostic Medical Sonographers,90160,1.4,46.75,97240.0,0.3,32.6,38.67,46.44,51.41,62.2,67820.0,80430.0,96590.0,106930.0,129370.0,,
29-2033,Nuclear Medicine Technologists,17080,1.8,50.56,105160.0,0.8,37.54,41.69,48.74,56.31,64.66,78080.0,86720.0,101370.0,117120.0,134500.0,,
29-2034,Radiologic Technologists and Technicians,230490,0.9,40.31,83840.0,0.2,26.91,31.16,38.52,47.47,57.05,55980.0,64810.0,80110.0,98750.0,118660.0,,
29-2035,Magnetic Resonance Imaging Technologists,43390,1.7,46.21,96120.0,0.4,33.12,38.96,45.91,51.12,61.38,68890.0,81040.0,95480.0,106340.0,127670.0,,
29-2036,Medical Dosimetrists,3410,6.2,71.4,148500.0,1.2,53.69,63.5,70.9,80.31,89.16,111670.0,132080.0,147470.0,167030.0,185450.0,,
29-2042,Emergency Medical Technicians,180510,0.9,22.52,46830.0,0.3,16.41,18.25,21.38,24.09,30.05,34130.0,37960.0,44470.0,50100.0,62500.0,,
29-2043,Paramedics,100610,1.2,30.46,63360.0,0.3,21.27,23.88,29.13,35.32,40.8,44230.0,49660.0,60600.0,73470.0,84850.0,,
29-2051,Dietetic Technicians,31560,2.5,19.54,40630.0,0.6,14.29,16.29,18.09,22.0,25.97,29720.0,33880.0,37640.0,45750.0,54020.0,,
29-2052,Pharmacy Technicians,471680,0.6,22.41,46620.0,0.2,17.32,18.2,22.0,24.04,29.35,36020.0,37850.0,45750.0,49990.0,61040.0,,
29-2053,Psychiatric Technicians,156960,1.8,22.41,46610.0,0.4,16.87,18.48,21.7,24.12,29.21,35090.0,38430.0,45130.0,50160.0,60750.0,,
29-2055,Surgical Technologists,117460,1.2,33.03,68710.0,0.3,22.09,26.29,31.08,38.34,46.61,45940.0,54690.0,64650.0,79750.0,96940.0,,
29-2056,Veterinary Technologists and Technicians,129140,1.5,23.61,49120.0,0.5,17.17,18.71,22.78,27.72,30.38,35710.0,38910.0,47380.0,57650.0,63180.0,,
29-2057,Ophthalmic Medical Technicians,71010,4.0,22.63,47060.0,0.6,17.17,18.35,21.91,24.71,29.78,35700.0,38170.0,45570.0,51390.0,61940.0,,
29-2061,Licensed Practical and Licensed Vocational Nurses,648410,0.6,32.24,67050.0,0.3,23.91,28.37,30.96,36.55,40.12,49740.0,59000.0,64400.0,76030.0,83440.0,,
29-2072,Medical Records Specialists,194720,1.1,27.3,56790.0,0.4,17.79,20.91,24.59,31.17,39.01,37000.0,43490.0,51140.0,64820.0,81150.0,,
29-2081,"Opticians, Dispensing",73530,2.2,24.89,51770.0,0.6,17.12,18.66,22.72,29.66,36.9,35610.0,38820.0,47260.0,61700.0,76750.0,,
29-2091,Orthotists and Prosthetists,9390,9.7,40.26,83740.0,1.6,22.28,29.47,38.99,48.07,57.6,46350.0,61290.0,81110.0,99990.0,119810.0,,
29-2092,Hearing Aid Specialists,11270,5.6,31.91,66370.0,1.4,18.46,23.27,31.33,38.47,45.2,38400.0,48390.0,65160.0,80010.0,94020.0,,
29-2099,"Health Technologists and Technicians, All Other",182610,1.3,28.23,58710.0,0.6,18.36,21.24,24.18,30.93,40.99,38180.0,44170.0,50290.0,64340.0,85270.0,,
29-9021,Health Information Technologists and Medical Registrars,38100,1.9,36.04,74970.0,0.7,19.15,23.53,32.7,45.98,56.45,39830.0,48940.0,68020.0,95630.0,117420.0,,
29-9091,Athletic Trainers,30500,2.4,,66620.0,0.4,,,,,,48180.0,55130.0,62520.0,74630.0,88760.0,TRUE,
29-9092,Genetic Counselors,3740,5.7,50.3,104620.0,1.2,37.63,42.74,48.09,55.84,66.71,78270.0,88900.0,100040.0,116140.0,138760.0,,
29-9093,Surgical Assistants,22270,6.4,34.96,72710.0,2.3,19.08,24.12,32.11,42.31,51.74,39690.0,50170.0,66800.0,88010.0,107610.0,,
29-9099,"Healthcare Practitioners and Technical Workers, All Other",35010,1.6,36.89,76720.0,0.8,18.59,22.96,31.63,46.64,62.42,38660.0,47750.0,65790.0,97000.0,129830.0,,
31-1120,Home Health and Personal Care Aides,4305810,0.3,17.36,36120.0,0.3,13.0,15.35,17.21,18.98,21.65,27040.0,31920.0,35800.0,39470.0,45040.0,,
31-1131,Nursing Assistants,1448910,0.4,20.53,42700.0,0.2,16.32,17.91,20.32,22.7,24.99,33940.0,37260.0,42260.0,47220.0,51980.0,,
31-1132,Orderlies,52440,0.9,19.55,40660.0,0.3,15.5,17.1,18.41,21.42,24.33,32240.0,35570.0,38290.0,44560.0,50600.0,,
31-1133,Psychiatric Aides,35520,2.3,21.97,45690.0,0.6,15.43,18.15,21.59,24.01,29.06,32090.0,37750.0,44910.0,49950.0,60440.0,,
31-2011,Occupational Therapy Assistants,51290,2.4,33.99,70710.0,0.5,24.76,29.67,34.76,38.06,43.16,51490.0,61710.0,72300.0,79160.0,89780.0,,
31-2012,Occupational Therapy Aides,4310,7.8,21.21,44110.0,2.2,14.15,17.27,18.83,22.49,33.75,29430.0,35920.0,39160.0,46780.0,70200.0,,
31-2021,Physical Therapist Assistants,112430,1.4,33.04,68730.0,0.4,22.96,28.76,32.88,37.83,43.04,47750.0,59820.0,68380.0,78680.0,89510.0,,
31-2022,Physical Therapist Aides,48150,3.5,17.52,36430.0,1.2,12.19,14.62,16.94,18.66,22.97,25360.0,30410.0,35240.0,38810.0,47780.0,,
31-9011,Massage Therapists,98790,2.6,30.69,63830.0,1.3,16.17,20.91,28.1,37.66,48.17,33640.0,43480.0,58450.0,78320.0,100200.0,,
31-9091,Dental Assistants,387790,0.9,24.13,50200.0,0.4,17.85,21.32,23.11,27.93,29.93,37130.0,44340.0,48070.0,58090.0,62250.0,,
31-9092,Medical Assistants,817870,1.2,22.17,46120.0,0.3,17.33,18.5,21.97,23.65,28.52,36050.0,38470.0,45690.0,49180.0,59310.0,,
31-9093,Medical Equipment Preparers,77420,1.1,24.28,50510.0,0.4,17.5,19.13,22.93,28.16,33.63,36410.0,39800.0,47700.0,58570.0,69950.0,,
31-9094,Medical Transcriptionists,41550,3.7,20.05,41710.0,0.9,13.58,16.42,19.43,23.08,26.9,28250.0,34150.0,40410.0,48000.0,55950.0,,
31-9095,Pharmacy Aides,39530,3.4,19.45,40450.0,0.9,14.34,16.82,18.12,20.98,26.93,29820.0,34980.0,37680.0,43640.0,56010.0,,
31-9096,Veterinary Assistants and Laboratory Animal Caretakers,126580,1.5,19.39,40340.0,0.3,14.48,17.15,18.34,21.98,23.63,30120.0,35660.0,38150.0,45710.0,49150.0,,
31-9097,Phlebotomists,143540,1.2,21.88,45520.0,0.3,17.2,18.36,21.75,23.53,28.26,35780.0,38190.0,45230.0,48930.0,58780.0,,
31-9099,"Healthcare Support Workers, All Other",109740,1.4,24.43,50810.0,0.4,16.71,18.98,23.28,28.71,34.36,34770.0,39470.0,48430.0,59710.0,71470.0,,
33-1011,First-Line Supervisors of Correctional Officers,53380,0.4,40.57,84380.0,0.2,25.16,28.8,37.49,49.68,61.43,52330.0,59890.0,77970.0,103320.0,127780.0,,
33-1012,First-Line Supervisors of Police and Detectives,154610,0.4,53.94,112190.0,0.3,30.46,39.35,50.98,63.76,79.38,63350.0,81860.0,106040.0,132620.0,165110.0,,
33-1021,First-Line Supervisors of Firefighting and Prevention Workers,99140,1.1,46.6,96930.0,0.5,25.69,34.68,44.96,57.45,67.31,53430.0,72140.0,93530.0,119500.0,140010.0,,
33-1091,First-Line Supervisors of Security Workers,81480,1.3,28.8,59900.0,0.7,17.93,21.65,26.9,34.59,44.35,37300.0,45030.0,55940.0,71950.0,92260.0,,
33-1099,"First-Line Supervisors of Protective Service Workers, All Other",20690,1.9,35.76,74390.0,0.7,19.77,25.19,36.73,44.66,49.72,41110.0,52400.0,76400.0,92890.0,103420.0,,
33-2011,Firefighters,345990,1.1,30.59,63630.0,0.6,16.79,21.39,28.5,37.14,48.58,34910.0,44490.0,59280.0,77250.0,101040.0,,
33-2021,Fire Inspectors and Investigators,13800,4.1,37.82,78670.0,1.2,22.37,28.22,36.5,45.73,57.09,46530.0,58690.0,75920.0,95120.0,118750.0,,
33-2022,Forest Fire Inspectors and Prevention Specialists,2780,7.5,32.04,66640.0,3.7,17.03,21.04,27.34,39.18,50.7,35420.0,43760.0,56870.0,81500.0,105460.0,,
33-3011,Bailiffs,17310,1.3,29.65,61660.0,0.6,15.45,21.02,27.21,35.88,46.53,32140.0,43720.0,56600.0,74630.0,96770.0,,
33-3012,Correctional Officers and Jailers,380500,0.4,30.59,63630.0,0.2,20.56,23.38,28.34,36.47,44.82,42760.0,48640.0,58940.0,75850.0,93220.0,,
33-3021,Detectives and Criminal Investigators,114430,0.3,47.8,99430.0,0.1,26.63,33.33,45.09,57.94,77.18,55390.0,69330.0,93790.0,120520.0,160540.0,,
33-3031,Fish and Game Wardens,5770,0.5,36.03,74950.0,0.1,24.51,29.53,35.6,42.84,48.55,50990.0,61430.0,74060.0,89110.0,100980.0,,
33-3041,Parking Enforcement Workers,9050,4.8,24.61,51190.0,0.9,16.89,19.17,22.47,29.08,36.22,35130.0,39870.0,46730.0,60490.0,75340.0,,
33-3051,Police and Sheriff's Patrol Officers,670520,0.3,38.08,79200.0,0.3,22.84,28.5,36.64,46.93,55.35,47510.0,59290.0,76210.0,97600.0,115120.0,,
33-3052,Transit and Railroad Police,4390,2.6,44.14,91810.0,1.0,27.73,33.17,43.38,57.35,60.53,57690.0,68990.0,90230.0,119290.0,125910.0,,
33-9011,Animal Control Workers,12070,2.1,23.29,48440.0,0.5,15.91,18.15,21.95,27.44,32.72,33090.0,37750.0,45660.0,57060.0,68070.0,,
33-9021,Private Detectives and Investigators,35580,2.5,28.92,60150.0,1.0,17.66,19.57,24.62,35.57,46.94,36740.0,40700.0,51220.0,73990.0,97630.0,,
33-9031,Gambling Surveillance Officers and Gambling Investigators,9520,1.4,21.94,45630.0,0.4,15.74,17.44,20.85,23.66,29.79,32730.0,36270.0,43370.0,49210.0,61970.0,,
33-9032,Security Guards,1283470,0.4,20.42,42470.0,0.4,14.52,16.93,18.28,22.21,28.29,30210.0,35210.0,38020.0,46200.0,58840.0,,
33-9091,Crossing Guards and Flaggers,94360,2.5,20.84,43350.0,1.0,14.83,16.55,18.32,22.86,29.66,30840.0,34430.0,38100.0,47540.0,61690.0,,
33-9092,"Lifeguards, Ski Patrol, and Other Recreational Protective Service Workers",157550,1.8,16.57,34470.0,0.4,12.4,13.89,16.14,18.04,21.14,25780.0,28880.0,33580.0,37520.0,43970.0,,
33-9093,Transportation Security Screeners,50290,1.2,30.92,64310.0,0.3,21.49,27.43,32.1,35.01,37.67,44700.0,57050.0,66770.0,72820.0,78350.0,,
33-9094,School Bus Monitors,78420,2.0,16.9,35150.0,0.4,13.52,15.27,16.88,18.15,20.79,28130.0,31760.0,35100.0,37760.0,43250.0,,
33-9099,"Protective Service Workers, All Other",81500,2.5,23.11,48070.0,0.9,15.61,17.03,20.45,26.4,35.86,32470.0,35420.0,42540.0,54910.0,74590.0,,
35-1011,Chefs and Head Cooks,200040,3.1,32.07,66700.0,1.1,18.22,23.29,30.03,37.86,47.39,37900.0,48440.0,62470.0,78750.0,98560.0,,
35-1012,First-Line Supervisors of Food Preparation and Serving Workers,1223240,0.9,22.2,46180.0,0.4,14.4,17.3,21.19,26.24,31.52,29940.0,35980.0,44080.0,54570.0,65570.0,,
35-2011,"Cooks, Fast Food",641070,2.7,15.57,32390.0,0.6,10.86,13.11,14.85,17.92,20.63,22580.0,27260.0,30890.0,37260.0,42910.0,,
35-2012,"Cooks, Institution and Cafeteria",441050,0.7,18.66,38810.0,0.4,13.69,15.6,18.01,21.54,23.88,28480.0,32440.0,37450.0,44800.0,49670.0,,
35-2013,"Cooks, Private Household",1100,24.4,25.81,53680.0,7.0,17.35,19.54,23.05,26.66,43.81,36090.0,40630.0,47940.0,55450.0,91130.0,,
35-2014,"Cooks, Restaurant",1409890,1.0,18.62,38730.0,0.4,13.8,16.35,17.98,21.45,23.03,28700.0,34010.0,37390.0,44620.0,47900.0,,
35-2015,"Cooks, Short Order",138650,5.2,17.37,36120.0,1.4,11.27,14.71,17.25,20.41,22.34,23440.0,30610.0,35880.0,42450.0,46460.0,,
35-2019,"Cooks, All Other",19350,8.7,18.82,39150.0,2.3,13.0,15.46,18.12,21.0,24.59,27040.0,32150.0,37690.0,43680.0,51140.0,,
35-2021,Food Preparation Workers,893600,1.7,16.96,35290.0,0.4,12.41,14.4,16.98,18.53,21.8,25810.0,29950.0,35320.0,38550.0,45340.0,,
35-3011,Bartenders,756390,1.3,19.61,40790.0,0.8,9.67,13.17,16.51,22.87,35.47,20110.0,27400.0,34340.0,47570.0,73770.0,,
35-3023,Fast Food and Counter Workers,3854050,0.7,15.46,32150.0,0.4,10.98,13.32,15.0,17.34,20.51,22840.0,27700.0,31200.0,36070.0,42650.0,,
35-3031,Waiters and Waitresses,2270910,0.7,19.26,40060.0,0.6,8.7,13.34,16.94,22.65,31.12,18100.0,27750.0,35230.0,47110.0,64720.0,,
35-3041,"Food Servers, Nonrestaurant",293900,1.3,17.37,36140.0,0.4,13.48,14.99,17.0,18.51,22.17,28030.0,31190.0,35360.0,38500.0,46120.0,,
35-9011,Dining Room and Cafeteria Attendants and Bartender Helpers,542750,1.6,16.46,34230.0,0.7,10.24,13.62,16.34,17.91,22.39,21300.0,28330.0,33980.0,37250.0,46570.0,,
35-9021,Dishwashers,477450,1.3,16.49,34310.0,0.4,12.59,14.27,16.73,18.0,20.61,26200.0,29690.0,34810.0,37440.0,42860.0,,
35-9031,"Hosts and Hostesses, Restaurant, Lounge, and Coffee Shop",432690,1.7,15.72,32690.0,0.5,10.74,13.25,15.0,17.43,21.15,22340.0,27570.0,31200.0,36250.0,43990.0,,
35-9099,"Food Preparation and Serving Related Workers, All Other",84630,4.7,17.7,36810.0,1.3,12.25,15.0,17.23,19.17,22.86,25470.0,31200.0,35840.0,39880.0,47550.0,,
37-1011,First-Line Supervisors of Housekeeping and Janitorial Workers,178760,1.0,25.64,53320.0,0.4,17.08,19.28,23.61,30.1,36.75,35520.0,40100.0,49100.0,62600.0,76430.0,,
37-1012,"First-Line Supervisors of Landscaping, Lawn Service, and Groundskeeping Workers",130760,1.8,29.31,60960.0,0.6,19.5,22.79,28.09,34.9,41.18,40560.0,47390.0,58430.0,72590.0,85650.0,,
37-2011,"Janitors and Cleaners, Except Maids and Housekeeping Cleaners",2209760,0.5,18.64,38760.0,0.2,13.77,15.5,17.71,21.18,24.17,28640.0,32240.0,36840.0,44060.0,50270.0,,
37-2012,Maids and Housekeeping Cleaners,860670,0.7,17.83,37080.0,0.3,13.29,14.59,17.07,19.03,23.35,27640.0,30350.0,35510.0,39590.0,48570.0,,
37-2019,"Building Cleaning Workers, All Other",17210,8.8,22.32,46420.0,2.5,15.56,18.0,21.17,24.24,30.78,32370.0,37440.0,44040.0,50410.0,64030.0,,
37-2021,Pest Control Workers,102620,2.0,22.31,46400.0,0.6,16.67,18.0,21.75,23.85,29.75,34680.0,37440.0,45250.0,49600.0,61890.0,,
37-3011,Landscaping and Groundskeeping Workers,952640,0.7,20.33,42290.0,0.3,14.98,17.4,18.82,22.52,27.28,31150.0,36190.0,39150.0,46830.0,56730.0,,
37-3012,"Pesticide Handlers, Sprayers, and Applicators, Vegetation",27050,4.6,22.63,47070.0,0.9,17.1,18.83,22.28,24.63,29.53,35570.0,39160.0,46340.0,51240.0,61420.0,,
37-3013,Tree Trimmers and Pruners,55160,6.3,26.91,55970.0,1.3,18.24,21.56,24.5,30.72,38.61,37940.0,44840.0,50960.0,63900.0,80310.0,,
37-3019,"Grounds Maintenance Workers, All Other",13630,5.7,23.48,48830.0,1.3,15.21,18.04,22.53,27.8,35.97,31650.0,37520.0,46860.0,57820.0,74820.0,,
39-1013,First-Line Supervisors of Gambling Services Workers,26010,0.8,31.17,64830.0,0.5,19.9,24.68,30.68,36.43,40.75,41400.0,51340.0,63820.0,75770.0,84750.0,,
39-1014,"First-Line Supervisors of Entertainment and Recreation Workers, Except Gambling Services",103190,1.0,25.75,53550.0,0.6,16.71,18.94,23.34,29.96,38.01,34760.0,39400.0,48560.0,62320.0,79060.0,,
39-1022,First-Line Supervisors of Personal Service Workers,114110,1.6,25.17,52360.0,0.6,16.35,18.78,23.36,29.37,36.22,34010.0,39050.0,48590.0,61100.0,75330.0,,
39-2011,Animal Trainers,18770,4.9,22.61,47020.0,2.3,14.23,16.22,19.22,25.76,36.29,29600.0,33740.0,39990.0,53580.0,75490.0,,
39-2021,Animal Caretakers,266910,1.2,17.94,37300.0,0.6,13.1,14.34,17.0,19.26,24.07,27250.0,29820.0,35360.0,40050.0,50060.0,,
39-3011,Gambling Dealers,83910,0.7,20.46,42550.0,0.4,11.56,12.41,16.5,23.65,37.06,24040.0,25810.0,34320.0,49180.0,77090.0,,
39-3012,Gambling and Sports Book Writers and Runners,8950,4.4,17.53,36450.0,1.4,10.62,13.54,16.82,21.56,23.21,22090.0,28150.0,34980.0,44840.0,48270.0,,
39-3019,"Gambling Service Workers, All Other",14140,4.1,19.9,41380.0,1.8,11.14,13.65,17.46,22.28,31.48,23160.0,28390.0,36310.0,46330.0,65470.0,,
39-3021,Motion Picture Projectionists,1480,9.3,24.75,51480.0,6.5,11.25,14.44,18.4,37.37,42.46,23390.0,30040.0,38270.0,77730.0,88310.0,,
39-3031,"Ushers, Lobby Attendants, and Ticket Takers",121770,1.7,15.91,33080.0,0.6,11.33,13.61,15.82,17.76,20.42,23560.0,28310.0,32910.0,36940.0,42470.0,,
39-3091,Amusement and Recreation Attendants,397830,1.0,15.69,32640.0,0.5,10.75,13.3,15.46,17.59,20.43,22350.0,27660.0,32150.0,36590.0,42490.0,,
39-3092,Costume Attendants,6510,5.3,30.5,63440.0,2.9,15.46,18.56,24.23,37.34,52.66,32150.0,38610.0,50400.0,77680.0,109520.0,,
39-3093,"Locker Room, Coatroom, and Dressing Room Attendants",15560,5.4,18.49,38460.0,1.6,12.79,15.0,17.45,21.1,26.09,26590.0,31200.0,36300.0,43880.0,54260.0,,
39-3099,"Entertainment Attendants and Related Workers, All Other",7060,7.8,16.82,34980.0,1.8,11.21,12.88,15.69,18.63,23.29,23310.0,26790.0,32640.0,38740.0,48440.0,,
39-4011,Embalmers,3890,5.4,28.07,58390.0,1.4,18.42,23.08,28.26,31.8,37.29,38310.0,48010.0,58780.0,66130.0,77570.0,,
39-4012,Crematory Operators,2970,5.9,21.96,45670.0,1.5,16.0,17.8,20.98,24.22,30.03,33270.0,37020.0,43650.0,50380.0,62460.0,,
39-4021,Funeral Attendants,31090,1.7,17.88,37190.0,0.7,13.5,14.61,17.16,20.61,23.3,28070.0,30380.0,35680.0,42870.0,48460.0,,
39-4031,"Morticians, Undertakers, and Funeral Arrangers",25100,2.0,27.96,58160.0,1.3,16.03,20.4,26.45,34.62,42.61,33350.0,42430.0,55010.0,72010.0,88620.0,,
39-5011,Barbers,15000,7.4,22.63,47070.0,3.3,13.75,15.18,18.37,28.35,36.76,28600.0,31570.0,38210.0,58960.0,76460.0,,
39-5012,"Hairdressers, Hairstylists, and Cosmetologists",305710,1.2,21.13,43960.0,1.0,13.0,14.48,17.21,23.48,34.23,27040.0,30120.0,35790.0,48830.0,71190.0,,
39-5091,"Makeup Artists, Theatrical and Performance",2340,13.9,49.16,102240.0,9.7,11.23,16.6,46.71,68.86,80.51,23360.0,34530.0,97150.0,143230.0,167470.0,,
39-5092,Manicurists and Pedicurists,152770,1.4,18.54,38570.0,0.9,13.9,16.35,17.19,20.03,24.1,28920.0,34010.0,35760.0,41650.0,50140.0,,
39-5093,Shampooers,8070,11.7,15.37,31980.0,2.4,11.11,13.72,15.67,17.09,18.39,23110.0,28550.0,32600.0,35550.0,38240.0,,
39-5094,Skincare Specialists,72890,3.6,24.93,51850.0,1.5,14.22,17.33,21.79,28.7,39.45,29580.0,36040.0,45330.0,59700.0,82050.0,,
39-6011,Baggage Porters and Bellhops,28510,3.6,18.54,38570.0,1.0,13.0,15.0,17.83,21.22,24.81,27040.0,31200.0,37080.0,44130.0,51600.0,,
39-6012,Concierges,49240,4.7,20.44,42510.0,1.3,15.2,17.15,18.73,22.76,27.68,31620.0,35660.0,38950.0,47350.0,57570.0,,
39-7010,Tour and Travel Guides,53500,2.5,21.02,43720.0,2.5,13.71,15.82,18.33,22.93,29.29,28520.0,32910.0,38120.0,47700.0,60930.0,,
39-9011,Childcare Workers,518910,1.4,16.84,35030.0,0.5,11.66,14.12,16.82,18.55,22.12,24260.0,29360.0,34980.0,38570.0,46010.0,,
39-9031,Exercise Trainers and Group Fitness Instructors,322930,1.3,25.2,52420.0,1.0,13.85,16.96,22.67,29.68,39.95,28800.0,35280.0,47160.0,61730.0,83100.0,,
39-9032,Recreation Workers,331490,1.1,18.52,38520.0,0.4,13.27,15.28,17.58,20.9,24.24,27600.0,31780.0,36560.0,43470.0,50410.0,,
39-9041,Residential Advisors,84760,1.8,21.15,43990.0,0.6,14.36,17.07,20.31,24.0,29.36,29870.0,35510.0,42240.0,49920.0,61060.0,,
39-9099,"Personal Care and Service Workers, All Other",60420,4.0,19.29,40120.0,1.1,13.21,16.44,20.0,20.53,23.51,27480.0,34180.0,41600.0,42710.0,48910.0,,
41-1011,First-Line Supervisors of Retail Sales Workers,1121800,0.6,25.66,53380.0,0.2,15.92,18.55,23.33,29.87,37.06,33120.0,38590.0,48520.0,62130.0,77080.0,,
41-1012,First-Line Supervisors of Non-Retail Sales Workers,214390,1.0,47.77,99370.0,0.6,24.19,30.74,42.08,58.68,78.88,50320.0,63940.0,87520.0,122050.0,164070.0,,
41-2011,Cashiers,3089410,0.6,15.95,33180.0,0.2,11.79,13.81,15.81,17.47,19.43,24530.0,28720.0,32880.0,36330.0,40410.0,,
41-2012,Gambling Change Persons and Booth Cashiers,21530,2.0,18.8,39100.0,0.8,11.76,14.25,17.41,19.96,29.01,24460.0,29630.0,36220.0,41530.0,60330.0,,
41-2021,Counter and Rental Clerks,400810,1.3,21.97,45700.0,0.4,14.33,17.13,19.86,24.13,31.43,29800.0,35630.0,41300.0,50190.0,65370.0,,
41-2022,Parts Salespersons,270070,1.0,21.07,43830.0,0.4,13.58,15.92,18.57,23.97,30.24,28240.0,33110.0,38630.0,49850.0,62890.0,,
41-2031,Retail Salespersons,3897860,0.3,17.94,37310.0,0.2,13.08,14.38,17.03,18.59,23.02,27210.0,29900.0,35410.0,38670.0,47890.0,,
41-3011,Advertising Sales Agents,91700,2.0,38.79,80670.0,1.4,16.94,22.61,31.16,48.07,70.2,35240.0,47020.0,64820.0,99990.0,146010.0,,
41-3021,Insurance Sales Agents,479100,1.1,39.18,81480.0,1.1,17.95,22.53,29.94,46.61,66.41,37330.0,46870.0,62280.0,96950.0,138140.0,,
41-3031,"Securities, Commodities, and Financial Services Sales Agents",489570,1.2,52.48,109150.0,0.9,23.1,27.18,37.82,62.48,102.35,48040.0,56540.0,78660.0,129950.0,212880.0,,
41-3041,Travel Agents,55110,2.6,26.28,54660.0,1.0,16.64,20.17,24.11,30.32,36.86,34610.0,41950.0,50160.0,63060.0,76660.0,,
41-3091,"Sales Representatives of Services, Except Advertising, Insurance, Financial Services, and Travel",1256010,0.7,39.63,82430.0,0.4,18.26,22.92,33.65,48.31,71.56,37980.0,47670.0,69990.0,100480.0,148840.0,,
41-4011,"Sales Representatives, Wholesale and Manufacturing, Technical and Scientific Products",284800,1.8,57.56,119730.0,0.8,25.29,36.07,50.44,76.04,96.37,52600.0,75030.0,104920.0,158160.0,200440.0,,
41-4012,"Sales Representatives, Wholesale and Manufacturing, Except Technical and Scientific Products",1238190,0.6,39.68,82530.0,0.4,18.79,24.27,34.65,47.9,66.13,39090.0,50470.0,72080.0,99640.0,137550.0,,
41-9011,Demonstrators and Product Promoters,64520,3.9,21.91,45580.0,1.4,15.0,16.9,18.91,25.79,30.7,31200.0,35160.0,39320.0,53640.0,63850.0,,
41-9012,Models,3780,13.4,35.0,72800.0,15.9,16.44,17.17,23.3,47.75,63.21,34190.0,35710.0,48470.0,99320.0,131470.0,,
41-9021,Real Estate Brokers,46100,6.6,40.36,83950.0,3.6,17.84,22.35,35.2,49.69,68.89,37110.0,46480.0,73220.0,103360.0,143300.0,,
41-9022,Real Estate Sales Agents,193370,3.0,33.42,69510.0,1.9,15.85,19.25,25.4,39.43,59.42,32970.0,40040.0,52830.0,82020.0,123590.0,,
41-9031,Sales Engineers,51790,2.8,62.57,130140.0,1.2,35.52,44.66,60.05,77.52,93.88,73870.0,92890.0,124900.0,161230.0,195270.0,,
41-9041,Telemarketers,58430,4.3,17.97,37370.0,1.3,13.0,14.25,17.04,19.34,24.21,27040.0,29640.0,35450.0,40230.0,50350.0,,
41-9091,"Door-to-Door Sales Workers, News and Street Vendors, and Related Workers",2760,11.9,21.08,43850.0,4.0,15.39,17.54,19.89,22.78,24.74,32010.0,36470.0,41380.0,47390.0,51470.0,,
41-9099,"Sales and Related Workers, All Other",93180,2.8,28.13,58510.0,1.2,14.29,17.72,23.21,33.97,47.07,29720.0,36860.0,48280.0,70650.0,97910.0,,
43-1011,First-Line Supervisors of Office and Administrative Support Workers,1436680,0.5,35.33,73490.0,0.1,21.93,26.9,33.41,40.91,50.34,45610.0,55950.0,69500.0,85090.0,104710.0,,
43-2011,"Switchboard Operators, Including Answering Service",34280,3.0,20.34,42300.0,0.7,14.42,16.74,18.57,22.37,28.59,29990.0,34820.0,38630.0,46530.0,59470.0,,
43-2021,Telephone Operators,3430,5.7,21.62,44970.0,1.2,15.15,17.75,20.07,24.76,30.27,31510.0,36920.0,41740.0,51510.0,62950.0,,
43-2099,"Communications Equipment Operators, All Other",1200,15.0,29.87,62130.0,1.8,18.7,22.34,26.29,37.73,45.5,38900.0,46460.0,54680.0,78470.0,94640.0,,
43-3011,Bill and Account Collectors,158830,1.4,23.59,49060.0,0.4,16.54,18.76,22.61,27.28,31.53,34400.0,39010.0,47030.0,56740.0,65580.0,,
43-3021,Billing and Posting Clerks,404060,0.9,24.55,51070.0,0.2,17.93,20.6,23.32,28.02,32.55,37290.0,42840.0,48500.0,58290.0,67710.0,,
43-3031,"Bookkeeping, Accounting, and Auditing Clerks",1373680,0.8,25.75,53560.0,0.2,17.31,20.92,24.36,29.55,35.84,36000.0,43520.0,50670.0,61470.0,74550.0,,
43-3041,Gambling Cage Workers,14430,0.8,19.0,39510.0,0.2,13.99,16.59,18.07,21.48,23.76,29100.0,34510.0,37580.0,44680.0,49430.0,,
43-3051,Payroll and Timekeeping Clerks,153140,1.2,28.67,59630.0,0.4,18.99,23.07,28.01,33.46,39.11,39500.0,47990.0,58260.0,69600.0,81350.0,,
43-3061,Procurement Clerks,55810,1.4,25.18,52370.0,0.3,18.29,20.88,24.32,28.89,32.99,38040.0,43420.0,50580.0,60080.0,68620.0,,
43-3071,Tellers,329480,1.3,20.36,42350.0,0.3,16.52,17.81,20.69,22.39,23.88,34360.0,37040.0,43030.0,46580.0,49680.0,,
43-3099,"Financial Clerks, All Other",36260,3.7,27.14,56450.0,0.5,19.41,22.84,25.88,29.96,36.68,40360.0,47510.0,53830.0,62310.0,76290.0,,
43-4011,Brokerage Clerks,35940,4.1,35.03,72850.0,1.2,24.16,28.18,31.61,38.36,49.04,50260.0,58620.0,65750.0,79800.0,102010.0,,
43-4021,Correspondence Clerks,4290,8.3,23.12,48090.0,2.0,16.01,18.56,22.5,26.97,31.02,33300.0,38610.0,46800.0,56090.0,64510.0,,
43-4031,"Court, Municipal, and License Clerks",179750,0.7,25.15,52320.0,0.2,17.45,19.62,23.41,29.25,35.49,36300.0,40810.0,48700.0,60840.0,73820.0,,
43-4041,"Credit Authorizers, Checkers, and Clerks",12030,4.1,24.72,51420.0,1.2,14.55,19.48,24.08,29.26,34.95,30260.0,40520.0,50080.0,60860.0,72700.0,,
43-4051,Customer Service Representatives,2595750,0.4,22.4,46590.0,0.2,15.27,17.72,21.53,24.89,30.57,31750.0,36870.0,44770.0,51780.0,63590.0,,
43-4061,"Eligibility Interviewers, Government Programs",154800,0.7,26.97,56090.0,0.2,18.7,22.07,26.06,30.58,35.91,38900.0,45910.0,54210.0,63610.0,74690.0,,
43-4071,File Clerks,73440,2.8,21.92,45590.0,0.8,15.0,17.51,20.96,24.89,30.53,31200.0,36420.0,43600.0,51770.0,63490.0,,
43-4081,"Hotel, Motel, and Resort Desk Clerks",261420,0.7,17.09,35550.0,0.3,13.04,14.33,16.86,18.32,21.86,27120.0,29810.0,35070.0,38100.0,45470.0,,
43-4111,"Interviewers, Except Eligibility and Loan",148060,1.4,22.71,47240.0,0.4,16.3,18.43,22.08,25.53,30.2,33900.0,38330.0,45920.0,53090.0,62810.0,,
43-4121,"Library Assistants, Clerical",85520,2.1,18.93,39370.0,0.4,13.33,15.3,17.74,21.93,26.59,27730.0,31820.0,36910.0,45620.0,55310.0,,
43-4131,Loan Interviewers and Clerks,164790,1.2,25.25,52520.0,0.3,17.95,21.69,24.05,29.14,33.55,37330.0,45120.0,50020.0,60600.0,69770.0,,
43-4141,New Accounts Clerks,36860,2.9,23.73,49370.0,0.6,18.36,21.12,22.92,26.49,29.29,38180.0,43920.0,47670.0,55100.0,60910.0,,
43-4151,Order Clerks,75200,3.3,23.19,48220.0,0.5,17.08,19.07,22.2,26.11,30.54,35530.0,39660.0,46170.0,54310.0,63530.0,,
43-4161,"Human Resources Assistants, Except Payroll and Timekeeping",90220,1.4,25.12,52250.0,0.3,17.95,21.17,24.33,28.75,32.83,37340.0,44030.0,50610.0,59800.0,68280.0,,
43-4171,Receptionists and Information Clerks,910180,0.9,18.97,39460.0,0.2,13.83,16.33,18.27,21.7,24.01,28760.0,33960.0,38010.0,45130.0,49950.0,,
43-4181,Reservation and Transportation Ticket Agents and Travel Clerks,118710,1.4,23.86,49630.0,0.4,15.45,18.2,21.34,28.68,37.57,32140.0,37850.0,44390.0,59640.0,78150.0,,
43-4199,"Information and Record Clerks, All Other",134920,1.3,24.76,51490.0,0.2,16.28,19.67,23.8,28.83,34.34,33870.0,40910.0,49500.0,59970.0,71420.0,,
43-5011,Cargo and Freight Agents,97670,2.5,27.52,57230.0,1.0,18.43,21.98,25.13,30.48,38.37,38340.0,45710.0,52260.0,63390.0,79810.0,,
43-5021,Couriers and Messengers,68640,3.4,19.7,40970.0,0.4,15.17,17.34,18.85,21.77,24.2,31550.0,36070.0,39200.0,45280.0,50330.0,,
43-5031,Public Safety Telecommunicators,102500,1.2,27.28,56740.0,0.3,17.94,21.74,25.5,30.9,38.38,37320.0,45210.0,53040.0,64260.0,79830.0,,
43-5032,"Dispatchers, Except Police, Fire, and Ambulance",202810,2.3,26.32,54740.0,0.7,17.32,20.56,24.2,30.02,37.57,36030.0,42750.0,50340.0,62450.0,78140.0,,
43-5041,"Meter Readers, Utilities",19430,3.7,26.63,55380.0,1.1,16.69,18.95,23.15,31.61,41.31,34720.0,39410.0,48150.0,65750.0,85930.0,,
43-5051,Postal Service Clerks,73720,0.0,29.74,61860.0,0.0,20.48,27.28,29.87,34.08,36.07,42600.0,56740.0,62130.0,70890.0,75030.0,,
43-5052,Postal Service Mail Carriers,328820,0.0,30.07,62540.0,0.0,20.38,23.53,29.11,38.94,38.96,42390.0,48940.0,60550.0,81000.0,81040.0,,
43-5053,"Postal Service Mail Sorters, Processors, and Processing Machine Operators",105200,0.0,28.57,59430.0,0.0,21.89,23.5,28.11,36.07,36.19,45530.0,48880.0,58470.0,75030.0,75280.0,,
43-5061,"Production, Planning, and Expediting Clerks",390160,1.7,29.88,62150.0,0.4,19.27,22.99,28.68,36.06,41.34,40080.0,47820.0,59650.0,75000.0,86000.0,,
43-5071,"Shipping, Receiving, and Inventory Clerks",816870,0.6,22.5,46810.0,0.2,16.66,18.37,21.76,24.79,29.9,34650.0,38200.0,45260.0,51570.0,62190.0,,
43-5111,"Weighers, Measurers, Checkers, and Samplers, Recordkeeping",53300,2.0,22.9,47630.0,0.4,16.97,18.84,22.3,26.37,29.28,35290.0,39180.0,46380.0,54850.0,60910.0,,
43-6011,Executive Secretaries and Executive Administrative Assistants,459910,0.7,38.05,79140.0,0.5,24.31,29.52,36.82,45.38,52.81,50560.0,61390.0,76590.0,94390.0,109850.0,,
43-6012,Legal Secretaries and Administrative Assistants,156280,3.1,29.14,60620.0,2.1,17.55,21.37,26.72,34.6,44.1,36500.0,44450.0,55570.0,71970.0,91730.0,,
43-6013,Medical Secretaries and Administrative Assistants,961610,0.8,22.5,46800.0,0.3,17.27,18.54,22.08,24.32,29.1,35930.0,38570.0,45930.0,50580.0,60530.0,,
43-6014,"Secretaries and Administrative Assistants, Except Legal, Medical, and Executive",1706790,0.4,23.73,49350.0,0.3,16.0,18.67,22.86,27.89,31.9,33280.0,38830.0,47540.0,58000.0,66350.0,,
43-9021,Data Entry Keyers,127080,2.1,20.82,43310.0,0.5,15.0,17.19,19.88,23.27,28.26,31200.0,35760.0,41340.0,48410.0,58790.0,,
43-9022,Word Processors and Typists,35010,2.5,24.58,51120.0,1.0,17.7,19.62,23.69,27.73,31.32,36810.0,40800.0,49280.0,57670.0,65150.0,,
43-9031,Desktop Publishers,3350,5.3,29.79,61970.0,2.2,17.16,21.02,26.58,35.5,46.23,35680.0,43730.0,55290.0,73840.0,96170.0,,
43-9041,Insurance Claims and Policy Processing Clerks,214260,1.5,25.44,52920.0,0.4,18.06,21.29,23.67,29.08,35.38,37560.0,44270.0,49230.0,60490.0,73590.0,,
43-9051,"Mail Clerks and Mail Machine Operators, Except Postal Service",55230,2.5,20.03,41650.0,0.6,14.8,17.05,18.89,22.33,26.36,30780.0,35470.0,39280.0,46450.0,54820.0,,
43-9061,"Office Clerks, General",2464940,0.4,22.32,46420.0,0.2,14.57,17.48,21.64,26.11,31.1,30310.0,36350.0,45010.0,54300.0,64680.0,,
43-9071,"Office Machine Operators, Except Computer",25130,4.1,20.78,43220.0,1.0,15.27,17.35,19.69,23.03,27.87,31750.0,36090.0,40960.0,47910.0,57960.0,,
43-9081,Proofreaders and Copy Markers,4580,8.0,26.35,54800.0,1.4,16.59,19.79,24.58,29.99,38.12,34510.0,41170.0,51120.0,62390.0,79290.0,,
43-9111,Statistical Assistants,4710,11.9,26.75,55650.0,3.2,17.3,20.6,24.2,30.75,39.42,35990.0,42840.0,50330.0,63950.0,81990.0,,
43-9199,"Office and Administrative Support Workers, All Other",192260,1.1,23.4,48670.0,0.4,14.95,16.5,21.96,28.11,34.59,31090.0,34320.0,45670.0,58460.0,71940.0,,
45-1011,"First-Line Supervisors of Farming, Fishing, and Forestry Workers",27960,2.1,30.16,62730.0,0.8,18.75,22.44,28.52,36.2,44.12,38990.0,46670.0,59320.0,75290.0,91770.0,,
45-2011,Agricultural Inspectors,14410,1.9,26.4,54910.0,0.4,17.8,20.35,24.01,31.01,38.26,37020.0,42330.0,49940.0,64500.0,79580.0,,
45-2021,Animal Breeders,1330,14.9,27.41,57010.0,4.2,18.5,21.31,24.58,29.85,43.53,38480.0,44320.0,51130.0,62080.0,90550.0,,
45-2041,"Graders and Sorters, Agricultural Products",25180,2.8,17.51,36430.0,0.7,14.22,16.5,17.18,18.39,21.39,29580.0,34320.0,35730.0,38260.0,44490.0,,
45-2091,Agricultural Equipment Operators,28500,3.6,21.02,43710.0,0.8,16.11,17.7,20.06,23.12,28.2,33500.0,36810.0,41730.0,48100.0,58650.0,,
45-2092,"Farmworkers and Laborers, Crop, Nursery, and Greenhouse",265500,1.0,18.09,37630.0,0.4,15.82,16.5,17.15,18.67,21.96,32900.0,34320.0,35660.0,38840.0,45690.0,,
45-2093,"Farmworkers, Farm, Ranch, and Aquacultural Animals",32810,2.3,18.88,39260.0,0.7,13.15,14.91,17.63,21.97,26.0,27360.0,31020.0,36670.0,45700.0,54080.0,,
45-2099,"Agricultural Workers, All Other",3620,7.0,21.88,45510.0,2.2,13.35,15.93,19.16,25.62,36.99,27760.0,33140.0,39850.0,53290.0,76940.0,,
45-4011,Forest and Conservation Workers,6050,6.4,21.0,43680.0,1.2,16.24,18.0,21.0,22.0,27.51,33780.0,37440.0,43680.0,45760.0,57220.0,,
45-4021,Fallers,3130,7.7,27.46,57110.0,2.9,16.91,19.89,25.05,30.48,39.6,35180.0,41360.0,52100.0,63390.0,82360.0,,
45-4022,Logging Equipment Operators,21060,2.1,25.57,53190.0,0.9,16.91,21.14,23.91,29.35,35.72,35170.0,43970.0,49740.0,61050.0,74300.0,,
45-4023,Log Graders and Scalers,3070,5.2,22.97,47770.0,1.5,16.8,18.16,22.27,27.04,30.0,34950.0,37780.0,46330.0,56250.0,62400.0,,
45-4029,"Logging Workers, All Other",1700,9.7,25.44,52910.0,2.0,17.49,20.15,24.44,29.54,33.34,36380.0,41900.0,50840.0,61450.0,69350.0,,
47-1011,First-Line Supervisors of Construction Trades and Extraction Workers,812210,0.6,41.56,86450.0,0.3,25.62,30.48,38.42,48.78,61.66,53280.0,63400.0,79920.0,101460.0,128260.0,,
47-2011,Boilermakers,10190,5.3,38.5,80090.0,1.5,24.28,31.13,36.74,45.88,53.06,50490.0,64760.0,76410.0,95430.0,110370.0,,
47-2021,Brickmasons and Blockmasons,52550,2.3,32.83,68280.0,1.0,21.55,24.57,29.87,38.15,48.08,44820.0,51110.0,62120.0,79350.0,100010.0,,
47-2022,Stonemasons,7820,9.8,29.19,60710.0,3.2,18.89,21.85,27.59,34.44,41.43,39300.0,45450.0,57390.0,71630.0,86180.0,,
47-2031,Carpenters,670090,0.9,31.55,65630.0,0.4,19.43,23.32,29.12,36.94,48.03,40410.0,48510.0,60580.0,76830.0,99910.0,,
47-2041,Carpet Installers,13780,5.6,27.4,56990.0,2.2,17.05,20.18,24.2,31.89,39.49,35450.0,41970.0,50340.0,66320.0,82140.0,,
47-2042,"Floor Layers, Except Carpet, Wood, and Hard Tiles",23640,4.6,29.69,61760.0,1.8,18.08,21.95,27.15,35.5,46.49,37600.0,45660.0,56460.0,73840.0,96700.0,,
47-2043,Floor Sanders and Finishers,3720,14.2,25.22,52460.0,2.6,17.82,20.0,24.25,28.66,33.82,37070.0,41600.0,50440.0,59620.0,70340.0,,
47-2044,Tile and Stone Setters,35850,3.9,28.49,59250.0,1.4,17.86,21.73,26.77,33.76,41.4,37140.0,45200.0,55690.0,70220.0,86110.0,,
47-2051,Cement Masons and Concrete Finishers,206170,1.7,28.87,60050.0,0.5,18.84,22.6,27.41,32.15,41.1,39190.0,47010.0,57020.0,66870.0,85480.0,,
47-2053,Terrazzo Workers and Finishers,1180,30.0,40.83,84920.0,13.7,22.16,26.36,36.62,55.18,60.64,46090.0,54830.0,76170.0,114780.0,126130.0,,
47-2061,Construction Laborers,1096780,0.8,25.02,52030.0,0.3,16.87,18.57,22.66,28.72,37.54,35090.0,38620.0,47120.0,59740.0,78090.0,,
47-2071,"Paving, Surfacing, and Tamping Equipment Operators",41820,3.4,28.37,59000.0,0.9,18.38,21.93,25.64,31.12,44.34,38230.0,45610.0,53340.0,64720.0,92230.0,,
47-2072,Pile Driver Operators,2310,8.5,38.81,80710.0,2.8,23.46,28.13,35.24,51.17,59.91,48790.0,58510.0,73300.0,106430.0,124600.0,,
47-2073,Operating Engineers and Other Construction Equipment Operators,478090,0.8,31.87,66290.0,0.4,20.28,23.4,28.78,37.1,48.6,42190.0,48680.0,59850.0,77170.0,101090.0,,
47-2081,Drywall and Ceiling Tile Installers,83080,2.5,30.58,63600.0,1.1,18.49,22.81,28.33,35.69,49.04,38460.0,47440.0,58930.0,74230.0,102010.0,,
47-2082,Tapers,12840,7.4,34.96,72710.0,2.0,21.0,25.35,32.82,42.57,51.5,43670.0,52730.0,68270.0,88540.0,107110.0,,
47-2111,Electricians,757220,0.8,34.37,71490.0,0.4,20.5,23.76,30.38,40.36,52.17,42640.0,49430.0,63190.0,83940.0,108510.0,,
47-2121,Glaziers,58480,2.8,28.71,59720.0,1.2,17.93,22.27,27.44,32.03,43.17,37300.0,46320.0,57080.0,66610.0,89790.0,,
47-2131,"Insulation Workers, Floor, Ceiling, and Wall",44440,4.4,26.32,54740.0,1.4,17.8,20.77,23.62,29.32,37.59,37030.0,43200.0,49120.0,60980.0,78190.0,,
47-2132,"Insulation Workers, Mechanical",25660,5.2,31.5,65530.0,2.1,20.42,23.13,28.05,37.19,48.19,42470.0,48100.0,58340.0,77360.0,100220.0,,
47-2141,"Painters, Construction and Maintenance",225190,1.6,26.64,55420.0,0.6,18.0,21.46,23.75,29.65,37.89,37440.0,44640.0,49400.0,61660.0,78810.0,,
47-2142,Paperhangers,1570,11.3,25.83,53730.0,2.6,17.32,21.58,25.07,28.93,33.2,36020.0,44890.0,52140.0,60180.0,69050.0,,
47-2151,Pipelayers,33050,3.1,26.3,54700.0,1.1,18.14,21.15,23.56,29.52,38.55,37730.0,43980.0,49000.0,61400.0,80170.0,,
47-2152,"Plumbers, Pipefitters, and Steamfitters",465840,1.3,34.7,72170.0,0.6,21.22,24.13,30.67,40.92,52.13,44150.0,50190.0,63800.0,85110.0,108420.0,,
47-2161,Plasterers and Stucco Masons,19310,5.8,29.83,62050.0,2.6,19.02,23.06,27.72,34.28,46.5,39560.0,47970.0,57660.0,71310.0,96710.0,,
47-2171,Reinforcing Iron and Rebar Workers,13800,7.7,31.76,66060.0,2.6,20.82,23.07,28.35,37.17,50.26,43310.0,47990.0,58970.0,77320.0,104540.0,,
47-2181,Roofers,135490,1.4,27.95,58140.0,0.6,18.01,22.24,26.65,31.44,39.29,37460.0,46260.0,55440.0,65390.0,81720.0,,
47-2211,Sheet Metal Workers,119770,2.4,32.62,67850.0,0.9,18.57,22.99,29.71,39.24,50.79,38630.0,47830.0,61800.0,81610.0,105650.0,,
47-2221,Structural Iron and Steel Workers,68380,3.5,33.79,70280.0,1.2,21.43,23.98,30.18,39.74,52.05,44580.0,49880.0,62780.0,82660.0,108260.0,,
47-2231,Solar Photovoltaic Installers,31350,6.1,27.84,57900.0,1.2,20.0,22.45,25.55,30.23,38.45,41600.0,46700.0,53140.0,62870.0,79970.0,,
47-3011,"Helpers--Brickmasons, Blockmasons, Stonemasons, and Tile and Marble Setters",14170,5.2,24.48,50920.0,1.3,17.42,19.28,22.86,27.88,33.69,36230.0,40100.0,47550.0,57980.0,70080.0,,
47-3012,Helpers--Carpenters,21680,5.4,21.18,44050.0,1.0,15.22,17.66,21.05,23.75,27.73,31660.0,36730.0,43780.0,49400.0,57670.0,,
47-3013,Helpers--Electricians,63630,3.5,21.19,44080.0,0.6,15.88,17.71,20.51,23.3,28.05,33020.0,36830.0,42670.0,48470.0,58340.0,,
47-3014,"Helpers--Painters, Paperhangers, Plasterers, and Stucco Masons",7490,12.3,20.4,42440.0,2.3,15.0,17.71,19.46,23.6,25.0,31200.0,36830.0,40470.0,49090.0,52000.0,,
47-3015,"Helpers--Pipelayers, Plumbers, Pipefitters, and Steamfitters",44330,4.0,21.03,43730.0,1.4,16.15,17.76,20.36,22.94,27.78,33590.0,36940.0,42360.0,47720.0,57780.0,,
47-3016,Helpers--Roofers,6030,9.5,21.71,45150.0,4.1,14.49,17.8,21.23,23.54,30.0,30140.0,37030.0,44160.0,48970.0,62400.0,,
47-3019,"Helpers, Construction Trades, All Other",24770,5.7,21.7,45140.0,1.1,15.82,17.8,20.51,23.5,28.89,32900.0,37030.0,42670.0,48880.0,60080.0,,
47-4011,Construction and Building Inspectors,146720,1.7,37.37,77730.0,0.6,22.66,28.3,35.91,45.54,54.91,47140.0,58860.0,74690.0,94710.0,114200.0,,
47-4021,Elevator and Escalator Installers and Repairers,23790,5.8,52.8,109820.0,1.6,28.49,38.12,52.84,65.25,76.39,59270.0,79290.0,109910.0,135720.0,158890.0,,
47-4031,Fence Erectors,24480,6.0,24.29,50530.0,1.3,17.22,19.43,23.07,28.18,33.66,35810.0,40400.0,47980.0,58610.0,70010.0,,
47-4041,Hazardous Materials Removal Workers,51710,3.1,27.13,56430.0,1.1,18.49,21.5,23.78,29.58,39.62,38460.0,44720.0,49450.0,61530.0,82410.0,,
47-4051,Highway Maintenance Workers,154960,1.0,25.52,53080.0,0.3,17.42,20.91,24.16,29.35,34.6,36230.0,43500.0,50260.0,61040.0,71970.0,,
47-4061,Rail-Track Laying and Maintenance Equipment Operators,19580,2.3,33.05,68740.0,0.8,21.94,24.65,33.69,39.27,42.03,45640.0,51280.0,70070.0,81670.0,87420.0,,
47-4071,Septic Tank Servicers and Sewer Pipe Cleaners,30650,2.7,25.72,53500.0,0.7,17.81,20.93,23.98,29.36,35.33,37040.0,43530.0,49880.0,61060.0,73490.0,,
47-4090,Miscellaneous Construction and Related Workers,28380,5.2,26.51,55130.0,1.7,17.56,20.58,24.0,30.02,37.84,36510.0,42810.0,49910.0,62440.0,78700.0,,
47-5011,"Derrick Operators, Oil and Gas",10590,7.4,28.95,60210.0,2.2,20.86,23.98,28.18,34.43,39.33,43380.0,49880.0,58620.0,71610.0,81800.0,,
47-5012,"Rotary Drill Operators, Oil and Gas",12600,5.8,34.68,72130.0,1.6,22.6,25.87,32.64,39.12,48.97,47010.0,53810.0,67890.0,81360.0,101860.0,,
47-5013,"Service Unit Operators, Oil and Gas",43140,3.6,30.04,62470.0,1.3,18.72,22.83,27.96,35.21,46.9,38940.0,47480.0,58160.0,73230.0,97560.0,,
47-5022,"Excavating and Loading Machine and Dragline Operators, Surface Mining",34480,2.8,28.81,59930.0,0.9,20.0,23.03,27.61,31.6,39.61,41600.0,47890.0,57430.0,65730.0,82400.0,,
47-5023,"Earth Drillers, Except Oil and Gas",19450,4.1,30.21,62830.0,1.0,21.37,23.99,28.94,34.83,40.29,44460.0,49900.0,60190.0,72450.0,83800.0,,
47-5032,"Explosives Workers, Ordnance Handling Experts, and Blasters",5100,6.6,32.04,66640.0,2.2,19.46,23.86,29.51,38.64,47.77,40480.0,49630.0,61390.0,80370.0,99360.0,,
47-5041,Continuous Mining Machine Operators,14000,2.5,31.27,65050.0,1.0,22.49,24.81,29.72,37.29,41.45,46770.0,51610.0,61810.0,77570.0,86210.0,,
47-5043,"Roof Bolters, Mining",2160,3.3,37.55,78100.0,0.7,30.65,34.32,37.76,39.36,44.63,63750.0,71390.0,78540.0,81860.0,92830.0,,
47-5044,"Loading and Moving Machine Operators, Underground Mining",5930,8.0,34.25,71240.0,1.0,25.02,29.52,35.82,38.05,42.18,52030.0,61410.0,74500.0,79150.0,87730.0,,
47-5049,"Underground Mining Machine Operators, All Other",3180,11.9,33.59,69860.0,3.5,23.57,24.84,33.72,39.96,40.87,49020.0,51670.0,70130.0,83120.0,85010.0,,
47-5051,"Rock Splitters, Quarry",3320,8.2,24.76,51500.0,2.0,17.95,20.51,23.44,28.86,32.55,37340.0,42670.0,48740.0,60030.0,67710.0,,
47-5071,"Roustabouts, Oil and Gas",44970,4.7,23.65,49200.0,1.0,17.51,18.68,22.58,27.94,31.03,36420.0,38850.0,46960.0,58120.0,64530.0,,
47-5081,Helpers--Extraction Workers,6700,8.6,24.34,50620.0,1.2,17.77,19.92,22.95,27.84,32.7,36960.0,41430.0,47730.0,57920.0,68020.0,,
47-5099,"Extraction Workers, All Other",5540,7.8,27.83,57890.0,2.2,18.05,21.33,27.41,31.44,39.5,37530.0,44370.0,57010.0,65380.0,82160.0,,
49-1011,"First-Line Supervisors of Mechanics, Installers, and Repairers",617500,0.6,40.97,85220.0,0.2,23.85,30.14,38.39,48.73,60.96,49600.0,62690.0,79860.0,101360.0,126790.0,,
49-2011,"Computer, Automated Teller, and Office Machine Repairers",65600,2.1,24.46,50880.0,0.6,17.26,18.7,22.99,28.78,34.49,35910.0,38900.0,47810.0,59870.0,71730.0,,
49-2021,"Radio, Cellular, and Tower Equipment Installers and Repairers",11140,7.1,33.59,69870.0,1.6,21.38,24.32,30.54,39.6,49.99,44460.0,50580.0,63520.0,82370.0,103990.0,,
49-2022,"Telecommunications Equipment Installers and Repairers, Except Line Installers",140920,2.1,32.93,68500.0,0.6,21.27,24.92,30.72,39.27,46.51,44240.0,51830.0,63890.0,81690.0,96730.0,,
49-2091,Avionics Technicians,18830,3.5,40.09,83380.0,0.8,23.75,30.72,39.56,47.65,54.65,49410.0,63900.0,82280.0,99110.0,113680.0,,
49-2092,"Electric Motor, Power Tool, and Related Repairers",14450,6.1,28.18,58610.0,1.6,17.84,21.73,27.02,33.22,40.96,37100.0,45190.0,56210.0,69090.0,85200.0,,
49-2093,"Electrical and Electronics Installers and Repairers, Transportation Equipment",6940,4.6,40.05,83300.0,1.6,24.4,30.56,40.81,47.53,56.16,50750.0,63560.0,84890.0,98850.0,116810.0,,
49-2094,"Electrical and Electronics Repairers, Commercial and Industrial Equipment",65010,2.5,36.33,75570.0,0.7,22.52,28.86,35.62,42.65,50.77,46840.0,60040.0,74090.0,88710.0,105590.0,,
49-2095,"Electrical and Electronics Repairers, Powerhouse, Substation, and Relay",20720,2.5,48.44,100760.0,0.6,31.6,39.35,49.53,57.15,62.46,65730.0,81860.0,103020.0,118870.0,129920.0,,
49-2096,"Electronic Equipment Installers and Repairers, Motor Vehicles",8550,7.1,24.79,51560.0,1.9,17.11,20.82,23.28,28.12,33.74,35590.0,43310.0,48420.0,58500.0,70170.0,,
49-2097,Audiovisual Equipment Installers and Repairers,19780,6.3,27.85,57930.0,2.0,17.67,21.39,25.29,32.36,40.48,36760.0,44490.0,52600.0,67300.0,84190.0,,
49-2098,Security and Fire Alarm Systems Installers,86340,2.8,29.31,60960.0,0.8,18.65,22.99,28.88,35.43,39.01,38800.0,47820.0,60070.0,73690.0,81150.0,,
49-3011,Aircraft Mechanics and Service Technicians,138090,1.3,40.74,84740.0,0.7,23.45,30.11,38.4,47.66,61.97,48780.0,62630.0,79870.0,99130.0,128890.0,,
49-3021,Automotive Body and Related Repairers,149310,1.4,28.7,59690.0,0.7,17.74,21.99,26.39,33.27,42.28,36910.0,45750.0,54890.0,69200.0,87940.0,,
49-3022,Automotive Glass Installers and Repairers,20310,3.6,24.25,50430.0,0.9,17.01,19.28,22.9,28.63,33.97,35390.0,40110.0,47630.0,59550.0,70650.0,,
49-3023,Automotive Service Technicians and Mechanics,704640,0.6,27.13,56420.0,0.3,16.66,18.7,24.34,33.86,39.32,34660.0,38900.0,50620.0,70430.0,81790.0,,
49-3031,Bus and Truck Mechanics and Diesel Engine Specialists,289960,1.0,30.92,64320.0,0.3,21.41,24.3,29.7,36.29,42.66,44530.0,50540.0,61770.0,75470.0,88740.0,,
49-3041,Farm Equipment Mechanics and Service Technicians,37870,2.2,27.54,57290.0,0.6,18.01,22.33,27.19,31.53,37.86,37470.0,46450.0,56550.0,65580.0,78740.0,,
49-3042,"Mobile Heavy Equipment Mechanics, Except Engines",176600,1.6,33.29,69240.0,0.7,22.51,27.39,31.5,38.11,45.41,46820.0,56970.0,65510.0,79270.0,94460.0,,
49-3043,Rail Car Repairers,21350,2.5,33.98,70680.0,0.7,22.5,26.21,32.46,40.66,45.72,46800.0,54520.0,67530.0,84570.0,95100.0,,
49-3051,Motorboat Mechanics and Service Technicians,23220,3.1,27.92,58070.0,1.1,17.76,22.48,27.67,32.03,38.14,36950.0,46750.0,57550.0,66620.0,79330.0,,
49-3052,Motorcycle Mechanics,13510,3.0,25.18,52370.0,0.9,16.72,19.01,23.35,29.57,35.77,34770.0,39550.0,48580.0,61510.0,74400.0,,
49-3053,Outdoor Power Equipment and Other Small Engine Mechanics,36060,2.2,24.04,49990.0,0.5,16.67,19.56,23.02,28.15,32.34,34670.0,40670.0,47880.0,58560.0,67260.0,,
49-3091,Bicycle Repairers,12170,5.2,20.55,42730.0,1.0,15.01,17.48,20.57,23.09,26.44,31220.0,36360.0,42780.0,48020.0,55000.0,,
49-3092,Recreational Vehicle Service Technicians,17430,4.0,27.14,56440.0,1.3,17.37,21.59,25.0,30.72,37.48,36120.0,44920.0,52000.0,63890.0,77960.0,,
49-3093,Tire Repairers and Changers,108410,1.5,19.31,40170.0,0.4,14.43,16.68,18.13,21.78,24.15,30010.0,34690.0,37710.0,45300.0,50230.0,,
49-9011,Mechanical Door Repairers,27120,5.4,27.67,57540.0,1.2,18.5,22.41,26.79,31.56,37.63,38490.0,46610.0,55720.0,65630.0,78260.0,,
49-9012,"Control and Valve Installers and Repairers, Except Mechanical Door",48240,3.0,36.64,76210.0,0.9,22.07,26.42,35.74,46.69,54.09,45910.0,54950.0,74340.0,97120.0,112500.0,,
49-9021,"Heating, Air Conditioning, and Refrigeration Mechanics and Installers",409670,1.3,31.14,64780.0,0.5,19.25,23.25,29.33,37.05,45.78,40050.0,48360.0,61010.0,77060.0,95210.0,,
49-9031,Home Appliance Repairers,32150,4.0,26.94,56040.0,1.2,17.4,21.05,24.51,30.47,38.78,36190.0,43780.0,50990.0,63390.0,80660.0,,
49-9041,Industrial Machinery Mechanics,439640,0.7,32.91,68460.0,0.3,22.17,26.45,31.02,37.88,45.76,46120.0,55010.0,64520.0,78780.0,95170.0,,
49-9043,"Maintenance Workers, Machinery",60020,1.6,31.06,64610.0,0.6,20.19,23.52,29.25,36.16,42.57,42000.0,48920.0,60850.0,75200.0,88550.0,,
49-9044,Millwrights,40330,2.4,33.55,69780.0,0.8,22.25,27.11,31.59,39.18,45.0,46290.0,56390.0,65700.0,81500.0,93600.0,,
49-9045,"Refractory Materials Repairers, Except Brickmasons",1080,12.8,30.66,63770.0,3.5,19.52,24.06,29.47,36.06,41.59,40590.0,50050.0,61290.0,75000.0,86510.0,,
49-9051,Electrical Power-Line Installers and Repairers,131070,1.6,44.22,91970.0,0.6,24.74,32.34,45.83,52.76,61.87,51470.0,67270.0,95320.0,109740.0,128690.0,,
49-9052,Telecommunications Line Installers and Repairers,97720,2.3,35.55,73940.0,0.7,21.79,26.11,35.73,46.08,49.85,45310.0,54310.0,74330.0,95850.0,103680.0,,
49-9061,Camera and Photographic Equipment Repairers,1650,17.1,26.94,56040.0,4.1,16.5,20.02,25.35,31.77,40.35,34320.0,41630.0,52720.0,66070.0,83940.0,,
49-9062,Medical Equipment Repairers,65990,2.8,31.7,65930.0,0.9,18.51,22.82,29.64,37.74,47.25,38490.0,47470.0,61660.0,78500.0,98280.0,,
49-9063,Musical Instrument Repairers and Tuners,5380,4.7,24.02,49960.0,1.7,15.01,18.11,22.32,28.09,34.42,31220.0,37670.0,46420.0,58430.0,71600.0,,
49-9064,Watch and Clock Repairers,1310,20.5,34.06,70840.0,4.8,16.46,22.91,32.32,43.99,52.88,34240.0,47650.0,67230.0,91490.0,109990.0,,
49-9069,"Precision Instrument and Equipment Repairers, All Other",9400,5.3,34.22,71180.0,2.0,19.3,24.56,33.17,40.57,49.52,40140.0,51070.0,68990.0,84390.0,102990.0,,
49-9071,"Maintenance and Repair Workers, General",1529700,0.5,25.86,53780.0,0.2,17.0,19.64,23.84,30.1,37.11,35350.0,40840.0,49590.0,62620.0,77180.0,,
49-9081,Wind Turbine Service Technicians,9980,6.2,33.16,68980.0,1.0,23.67,28.29,30.83,37.51,44.45,49230.0,58840.0,64120.0,78010.0,92460.0,,
49-9091,"Coin, Vending, and Amusement Machine Servicers and Repairers",26410,2.9,23.93,49770.0,0.7,16.5,19.11,22.81,27.94,31.91,34320.0,39760.0,47450.0,58110.0,66370.0,,
49-9092,Commercial Divers,3450,11.3,42.46,88320.0,7.9,20.83,26.35,35.09,48.82,75.86,43330.0,54810.0,72990.0,101550.0,157790.0,,
49-9094,Locksmiths and Safe Repairers,15040,2.0,26.67,55470.0,1.4,17.08,20.75,24.68,31.04,38.17,35530.0,43160.0,51320.0,64560.0,79400.0,,
49-9095,Manufactured Building and Mobile Home Installers,3020,13.2,21.83,45410.0,3.8,13.04,17.21,22.11,24.99,29.24,27120.0,35800.0,45990.0,51970.0,60810.0,,
49-9096,Riggers,22530,4.0,32.12,66810.0,1.3,19.56,23.18,30.12,38.55,47.04,40680.0,48210.0,62640.0,80180.0,97850.0,,
49-9097,Signal and Track Switch Repairers,8720,2.5,43.47,90410.0,0.9,30.1,38.33,44.45,47.75,57.48,62610.0,79720.0,92460.0,99320.0,119550.0,,
49-9098,"Helpers--Installation, Maintenance, and Repair Workers",95580,2.3,19.95,41490.0,0.5,14.09,16.78,19.05,22.55,26.87,29310.0,34910.0,39630.0,46890.0,55890.0,,
49-9099,"Installation, Maintenance, and Repair Workers, All Other",176300,1.8,25.89,53850.0,0.5,17.35,20.28,23.67,29.76,37.04,36080.0,42170.0,49230.0,61900.0,77040.0,,
51-1011,First-Line Supervisors of Production and Operating Workers,673430,0.3,36.83,76600.0,0.2,22.66,28.19,35.79,44.08,52.28,47130.0,58630.0,74450.0,91680.0,108750.0,,
51-2011,"Aircraft Structure, Surfaces, Rigging, and Systems Assemblers",34020,1.8,34.34,71420.0,0.5,22.74,28.17,31.43,40.1,51.68,47310.0,58600.0,65380.0,83410.0,107500.0,,
51-2021,"Coil Winders, Tapers, and Finishers",12840,4.7,24.26,50470.0,0.7,18.05,20.21,23.18,28.26,30.43,37540.0,42050.0,48220.0,58770.0,63300.0,,
51-2028,"Electrical, Electronic, and Electromechanical Assemblers, Except Coil Winders, Tapers, and Finishers",246970,1.1,22.92,47660.0,0.3,17.0,18.45,22.04,24.84,30.27,35350.0,38380.0,45850.0,51670.0,62950.0,,
51-2031,Engine and Other Machine Assemblers,34000,1.7,27.78,57790.0,0.6,18.51,21.75,25.82,36.02,37.38,38500.0,45230.0,53710.0,74920.0,77750.0,,
51-2041,Structural Metal Fabricators and Fitters,52360,3.1,25.98,54030.0,0.7,18.25,21.93,24.68,29.45,34.75,37960.0,45610.0,51330.0,61250.0,72280.0,,
51-2051,Fiberglass Laminators and Fabricators,16170,3.8,23.82,49550.0,0.9,17.75,18.96,22.54,26.2,30.65,36910.0,39430.0,46880.0,54490.0,63760.0,,
51-2061,Timing Device Assemblers and Adjusters,250,35.0,27.27,56720.0,13.9,13.41,13.96,30.11,34.97,37.63,27880.0,29040.0,62620.0,72740.0,78270.0,,
51-2090,Miscellaneous Assemblers and Fabricators,1405030,0.5,22.43,46660.0,0.2,16.0,17.97,21.47,24.61,31.19,33280.0,37380.0,44650.0,51200.0,64880.0,,
51-3011,Bakers,236200,2.0,18.5,38480.0,0.4,13.52,15.7,17.86,21.33,23.57,28120.0,32660.0,37160.0,44360.0,49020.0,,
51-3021,Butchers and Meat Cutters,136430,1.4,20.37,42380.0,0.4,14.17,17.07,19.3,23.1,27.94,29460.0,35510.0,40140.0,48050.0,58110.0,,
51-3022,"Meat, Poultry, and Fish Cutters and Trimmers",145700,1.3,18.89,39280.0,0.3,14.42,17.0,18.41,21.24,23.15,29980.0,35350.0,38300.0,44170.0,48150.0,,
51-3023,Slaughterers and Meat Packers,69950,1.8,20.08,41770.0,0.4,16.03,17.38,19.29,22.54,24.56,33340.0,36150.0,40130.0,46870.0,51090.0,,
51-3091,"Food and Tobacco Roasting, Baking, and Drying Machine Operators and Tenders",20370,3.4,22.08,45930.0,0.9,15.98,18.05,21.54,24.37,30.14,33250.0,37540.0,44810.0,50680.0,62680.0,,
51-3092,Food Batchmakers,174520,1.5,21.04,43750.0,0.4,15.38,17.47,20.33,23.88,28.34,31990.0,36350.0,42290.0,49670.0,58940.0,,
51-3093,Food Cooking Machine Operators and Tenders,31250,3.2,20.47,42570.0,0.6,15.23,17.4,20.0,22.78,26.16,31680.0,36190.0,41590.0,47380.0,54410.0,,
51-3099,"Food Processing Workers, All Other",65000,2.0,19.38,40300.0,0.3,15.49,17.51,19.08,21.22,23.05,32210.0,36410.0,39680.0,44130.0,47950.0,,
51-4021,"Extruding and Drawing Machine Setters, Operators, and Tenders, Metal and Plastic",60840,2.4,23.79,49480.0,0.4,17.65,19.45,22.94,27.33,30.63,36700.0,40450.0,47720.0,56840.0,63710.0,,
51-4022,"Forging Machine Setters, Operators, and Tenders, Metal and Plastic",8930,5.9,24.85,51680.0,1.3,17.69,20.4,23.57,28.91,33.04,36800.0,42440.0,49030.0,60130.0,68720.0,,
51-4023,"Rolling Machine Setters, Operators, and Tenders, Metal and Plastic",25250,2.6,25.59,53220.0,0.5,18.12,21.16,24.1,29.75,33.8,37690.0,44020.0,50140.0,61880.0,70310.0,,
51-4031,"Cutting, Punching, and Press Machine Setters, Operators, and Tenders, Metal and Plastic",171200,1.2,23.28,48430.0,0.3,17.19,18.69,22.27,26.64,31.5,35760.0,38870.0,46330.0,55410.0,65510.0,,
51-4032,"Drilling and Boring Machine Tool Setters, Operators, and Tenders, Metal and Plastic",4680,3.8,24.91,51810.0,1.2,17.45,20.05,23.6,27.85,32.89,36300.0,41710.0,49080.0,57940.0,68410.0,,
51-4033,"Grinding, Lapping, Polishing, and Buffing Machine Tool Setters, Operators, and Tenders, Metal and Plastic",67000,1.5,23.16,48170.0,0.3,17.36,18.94,22.38,26.1,30.1,36110.0,39390.0,46550.0,54290.0,62600.0,,
51-4034,"Lathe and Turning Machine Tool Setters, Operators, and Tenders, Metal and Plastic",16710,4.2,25.24,52490.0,0.9,17.63,20.79,24.34,29.18,33.51,36670.0,43250.0,50620.0,60700.0,69700.0,,
51-4035,"Milling and Planing Machine Setters, Operators, and Tenders, Metal and Plastic",12460,5.4,27.28,56740.0,1.4,18.19,21.74,25.39,31.2,38.96,37840.0,45210.0,52800.0,64900.0,81030.0,,
51-4041,Machinists,287050,0.9,28.52,59320.0,0.2,18.85,22.87,28.24,32.55,38.47,39200.0,47570.0,58750.0,67700.0,80010.0,,
51-4051,Metal-Refining Furnace Operators and Tenders,16780,2.5,26.68,55490.0,0.4,18.85,22.15,26.17,30.2,35.81,39200.0,46080.0,54430.0,62810.0,74470.0,,
51-4052,"Pourers and Casters, Metal",4560,4.1,26.1,54290.0,0.7,18.5,21.73,24.91,29.67,34.63,38480.0,45190.0,51810.0,61700.0,72040.0,,
51-4061,"Model Makers, Metal and Plastic",2610,6.9,32.97,68570.0,2.2,19.12,22.77,30.45,41.7,47.6,39760.0,47360.0,63340.0,86740.0,99010.0,,
51-4062,"Patternmakers, Metal and Plastic",1470,6.8,29.14,60610.0,1.5,20.42,23.59,27.89,33.63,39.71,42460.0,49070.0,58000.0,69960.0,82590.0,,
51-4071,Foundry Mold and Coremakers,12790,3.1,23.97,49860.0,0.6,17.87,20.13,23.13,27.57,30.12,37160.0,41870.0,48110.0,57350.0,62640.0,,
51-4072,"Molding, Coremaking, and Casting Machine Setters, Operators, and Tenders, Metal and Plastic",150470,1.4,22.1,45960.0,0.3,16.43,17.92,21.32,24.53,29.62,34170.0,37270.0,44350.0,51020.0,61600.0,,
51-4081,"Multiple Machine Tool Setters, Operators, and Tenders, Metal and Plastic",124590,1.6,24.05,50030.0,0.3,17.2,18.95,22.68,27.79,35.79,35780.0,39420.0,47180.0,57800.0,74450.0,,
51-4111,Tool and Die Makers,56930,1.9,32.14,66860.0,0.4,21.48,24.75,30.79,37.87,44.56,44680.0,51490.0,64050.0,78770.0,92680.0,,
51-4121,"Welders, Cutters, Solderers, and Brazers",416210,0.8,27.29,56760.0,0.2,18.87,22.5,25.84,30.29,37.28,39240.0,46790.0,53750.0,63010.0,77530.0,,
51-4122,"Welding, Soldering, and Brazing Machine Setters, Operators, and Tenders",31600,2.6,24.15,50220.0,0.5,17.72,19.5,23.04,27.59,31.99,36860.0,40560.0,47920.0,57390.0,66540.0,,
51-4191,"Heat Treating Equipment Setters, Operators, and Tenders, Metal and Plastic",14000,3.5,24.26,50450.0,0.8,16.92,19.55,23.44,28.08,31.9,35180.0,40660.0,48750.0,58400.0,66350.0,,
51-4192,"Layout Workers, Metal and Plastic",5970,4.9,31.98,66520.0,1.9,19.22,24.48,30.71,38.21,45.12,39980.0,50910.0,63870.0,79470.0,93860.0,,
51-4193,"Plating Machine Setters, Operators, and Tenders, Metal and Plastic",32410,2.6,21.69,45100.0,0.6,16.25,17.91,21.14,23.85,29.02,33790.0,37260.0,43960.0,49600.0,60370.0,,
51-4194,"Tool Grinders, Filers, and Sharpeners",5600,5.8,25.59,53240.0,1.2,16.99,19.61,24.07,29.88,37.1,35350.0,40800.0,50060.0,62150.0,77170.0,,
51-4199,"Metal Workers and Plastic Workers, All Other",15900,3.7,23.36,48580.0,0.7,16.99,18.84,22.09,26.01,31.5,35350.0,39190.0,45950.0,54100.0,65510.0,,
51-5111,Prepress Technicians and Workers,23840,2.3,24.43,50800.0,0.6,17.22,19.68,23.41,28.16,31.77,35810.0,40930.0,48690.0,58580.0,66080.0,,
51-5112,Printing Press Operators,144260,1.2,22.77,47360.0,0.4,16.03,17.98,22.01,26.8,30.54,33330.0,37390.0,45780.0,55740.0,63520.0,,
51-5113,Print Binding and Finishing Workers,33180,2.4,21.38,44460.0,0.5,15.49,17.75,20.33,23.62,28.44,32220.0,36910.0,42290.0,49130.0,59150.0,,
51-6011,Laundry and Dry-Cleaning Workers,198040,1.7,16.79,34920.0,0.4,13.19,14.6,16.78,18.06,20.77,27440.0,30360.0,34890.0,37560.0,43190.0,,
51-6021,"Pressers, Textile, Garment, and Related Materials",26120,3.1,16.65,34640.0,0.7,13.07,14.36,16.85,18.24,20.7,27180.0,29870.0,35060.0,37940.0,43050.0,,
51-6031,Sewing Machine Operators,104880,1.6,18.08,37600.0,0.4,13.39,15.37,17.63,20.59,23.0,27860.0,31960.0,36670.0,42830.0,47840.0,,
51-6041,Shoe and Leather Workers and Repairers,7450,8.0,18.83,39160.0,1.4,13.56,15.03,18.17,21.96,25.26,28210.0,31270.0,37800.0,45670.0,52550.0,,
51-6042,Shoe Machine Operators and Tenders,3280,9.0,17.44,36280.0,2.2,12.77,13.99,17.14,20.72,22.94,26560.0,29090.0,35650.0,43090.0,47700.0,,
51-6051,"Sewers, Hand",2190,11.0,17.89,37210.0,2.1,13.31,16.03,17.54,19.58,22.87,27680.0,33330.0,36480.0,40720.0,47570.0,,
51-6052,"Tailors, Dressmakers, and Custom Sewers",13920,5.4,21.7,45140.0,1.3,14.38,16.94,20.02,24.14,30.61,29920.0,35230.0,41640.0,50200.0,63670.0,,
51-6061,Textile Bleaching and Dyeing Machine Operators and Tenders,5310,8.1,19.41,40380.0,1.5,14.57,17.16,18.36,21.77,23.12,30300.0,35680.0,38180.0,45280.0,48100.0,,
51-6062,"Textile Cutting Machine Setters, Operators, and Tenders",9000,4.4,19.01,39530.0,0.9,13.78,16.46,18.64,21.74,23.76,28650.0,34230.0,38760.0,45220.0,49420.0,,
51-6063,"Textile Knitting and Weaving Machine Setters, Operators, and Tenders",13030,2.8,19.58,40720.0,0.5,14.4,17.5,19.01,21.74,23.62,29960.0,36390.0,39530.0,45220.0,49130.0,,
51-6064,"Textile Winding, Twisting, and Drawing Out Machine Setters, Operators, and Tenders",22020,2.5,19.29,40120.0,0.5,15.29,17.51,18.59,20.65,23.76,31790.0,36420.0,38670.0,42940.0,49420.0,,
51-6091,"Extruding and Forming Machine Setters, Operators, and Tenders, Synthetic and Glass Fibers",12850,4.3,23.36,48580.0,1.0,17.26,18.92,22.29,27.54,30.73,35890.0,39360.0,46350.0,57280.0,63910.0,,
51-6092,Fabric and Apparel Patternmakers,2950,10.0,34.34,71420.0,4.3,16.25,20.49,30.17,45.16,59.39,33790.0,42620.0,62750.0,93930.0,123540.0,,
51-6093,Upholsterers,20140,2.7,22.76,47340.0,0.6,15.24,17.95,22.28,26.24,30.66,31690.0,37340.0,46340.0,54580.0,63770.0,,
51-6099,"Textile, Apparel, and Furnishings Workers, All Other",13530,6.1,19.5,40560.0,1.4,15.04,16.5,17.93,21.45,25.35,31270.0,34320.0,37280.0,44620.0,52730.0,,
51-7011,Cabinetmakers and Bench Carpenters,77170,2.1,23.22,48290.0,0.5,17.14,18.67,22.44,26.81,30.64,35650.0,38830.0,46680.0,55760.0,63720.0,,
51-7021,Furniture Finishers,14480,3.4,21.78,45300.0,0.6,15.46,18.11,21.41,23.91,29.34,32160.0,37670.0,44540.0,49730.0,61020.0,,
51-7031,"Model Makers, Wood",280,20.6,30.61,63670.0,7.6,16.73,18.1,27.19,41.9,47.14,34800.0,37660.0,56550.0,87150.0,98050.0,,
51-7032,"Patternmakers, Wood",220,25.7,26.08,54240.0,6.3,18.08,19.79,23.86,28.53,40.28,37600.0,41170.0,49630.0,59350.0,83780.0,,
51-7041,"Sawing Machine Setters, Operators, and Tenders, Wood",40850,1.9,20.95,43580.0,0.4,14.85,17.55,20.56,23.37,27.97,30890.0,36510.0,42770.0,48620.0,58170.0,,
51-7042,"Woodworking Machine Setters, Operators, and Tenders, Except Sawing",61420,1.8,20.95,43570.0,0.3,15.44,17.84,20.86,23.42,27.32,32110.0,37100.0,43380.0,48720.0,56830.0,,
51-7099,"Woodworkers, All Other",5490,7.0,22.15,46070.0,1.9,14.67,17.46,21.41,26.53,30.84,30510.0,36320.0,44530.0,55180.0,64150.0,,
51-8011,Nuclear Power Reactor Operators,5150,0.5,58.36,121380.0,0.1,47.42,52.61,59.08,62.73,71.78,98640.0,109440.0,122890.0,130490.0,149310.0,,
51-8012,Power Distributors and Dispatchers,8520,5.7,53.52,111320.0,0.9,34.83,43.37,51.31,62.95,74.17,72440.0,90200.0,106730.0,130940.0,154270.0,,
51-8013,Power Plant Operators,29320,2.4,47.97,99790.0,0.7,29.71,38.31,49.06,57.25,63.44,61790.0,79690.0,102040.0,119080.0,131940.0,,
51-8021,Stationary Engineers and Boiler Operators,28250,2.1,40.37,83960.0,0.6,24.32,30.37,37.8,48.63,60.28,50590.0,63160.0,78620.0,101150.0,125390.0,,
51-8031,Water and Wastewater Treatment Plant and System Operators,128490,1.1,30.07,62540.0,0.4,18.8,23.1,28.86,35.95,43.78,39110.0,48040.0,60020.0,74780.0,91060.0,,
51-8091,Chemical Plant and System Operators,16610,5.2,38.45,79970.0,1.4,23.27,29.01,37.56,47.44,53.81,48400.0,60330.0,78120.0,98660.0,111930.0,,
51-8092,Gas Plant Operators,18030,3.5,42.65,88710.0,0.6,29.5,36.96,42.22,48.49,55.54,61350.0,76870.0,87820.0,100870.0,115520.0,,
51-8093,"Petroleum Pump System Operators, Refinery Operators, and Gaugers",33160,2.9,43.57,90630.0,0.9,27.46,37.27,46.5,51.12,55.71,57110.0,77510.0,96710.0,106320.0,115880.0,,
51-8099,"Plant and System Operators, All Other",14080,4.4,31.59,65700.0,1.1,19.57,23.51,30.03,37.73,45.46,40700.0,48900.0,62470.0,78480.0,94560.0,,
51-9011,Chemical Equipment Operators and Tenders,139630,1.6,29.19,60710.0,0.7,18.0,22.1,27.9,35.62,44.35,37440.0,45970.0,58040.0,74080.0,92250.0,,
51-9012,"Separating, Filtering, Clarifying, Precipitating, and Still Machine Setters, Operators, and Tenders",60100,3.3,26.94,56030.0,1.1,17.4,21.35,24.81,30.74,38.34,36200.0,44410.0,51610.0,63930.0,79750.0,,
51-9021,"Crushing, Grinding, and Polishing Machine Setters, Operators, and Tenders",26000,2.8,24.7,51380.0,0.6,17.56,19.44,23.34,28.87,33.29,36520.0,40430.0,48540.0,60040.0,69240.0,,
51-9022,"Grinding and Polishing Workers, Hand",10510,4.7,21.64,45020.0,1.1,16.09,18.0,20.51,24.03,29.23,33480.0,37450.0,42660.0,49980.0,60810.0,,
51-9023,"Mixing and Blending Machine Setters, Operators, and Tenders",94920,1.5,25.04,52090.0,0.4,17.69,20.6,23.55,28.78,33.75,36790.0,42850.0,48990.0,59860.0,70200.0,,
51-9031,"Cutters and Trimmers, Hand",6060,5.3,19.74,41050.0,1.3,12.8,16.37,18.28,23.01,27.82,26630.0,34050.0,38020.0,47850.0,57870.0,,
51-9032,"Cutting and Slicing Machine Setters, Operators, and Tenders",44980,2.0,22.82,47460.0,0.4,17.27,18.96,22.39,25.87,29.39,35930.0,39440.0,46570.0,53800.0,61120.0,,
51-9041,"Extruding, Forming, Pressing, and Compacting Machine Setters, Operators, and Tenders",58770,2.5,22.72,47260.0,0.7,16.65,18.44,22.0,25.28,30.51,34630.0,38360.0,45760.0,52580.0,63450.0,,
51-9051,"Furnace, Kiln, Oven, Drier, and Kettle Operators and Tenders",14280,3.4,24.49,50940.0,0.8,17.29,19.77,23.1,28.77,33.56,35960.0,41130.0,48040.0,59830.0,69800.0,,
51-9061,"Inspectors, Testers, Sorters, Samplers, and Weighers",597370,0.7,25.7,53450.0,0.3,17.07,19.18,23.35,29.54,37.44,35510.0,39890.0,48570.0,61440.0,77860.0,,
51-9071,Jewelers and Precious Stone and Metal Workers,22440,3.9,27.87,57960.0,2.4,17.11,19.0,25.26,33.56,42.09,35580.0,39520.0,52540.0,69810.0,87540.0,,
51-9081,Dental Laboratory Technicians,34410,2.5,26.1,54290.0,0.8,17.62,19.43,23.85,29.84,36.99,36660.0,40420.0,49610.0,62070.0,76940.0,,
51-9082,Medical Appliance Technicians,11280,5.7,25.35,52730.0,1.4,17.55,20.29,23.09,29.12,36.41,36510.0,42210.0,48030.0,60580.0,75740.0,,
51-9083,Ophthalmic Laboratory Technicians,18660,4.8,20.76,43190.0,1.0,16.12,17.53,18.97,22.6,27.59,33530.0,36470.0,39460.0,47010.0,57380.0,,
51-9111,Packaging and Filling Machine Operators and Tenders,379060,0.8,21.44,44590.0,0.2,16.06,17.72,20.78,23.59,28.86,33390.0,36850.0,43220.0,49070.0,60030.0,,
51-9123,"Painting, Coating, and Decorating Workers",7940,9.9,21.73,45210.0,1.7,15.13,17.8,20.0,24.21,29.24,31470.0,37030.0,41600.0,50360.0,60820.0,,
51-9124,"Coating, Painting, and Spraying Machine Setters, Operators, and Tenders",158740,1.2,25.3,52620.0,0.4,17.43,19.52,23.2,28.69,35.93,36260.0,40590.0,48250.0,59680.0,74730.0,,
51-9141,Semiconductor Processing Technicians,31460,1.8,28.93,60180.0,0.6,18.12,21.94,24.73,31.25,39.68,37690.0,45640.0,51430.0,65010.0,82540.0,,
51-9151,Photographic Process Workers and Processing Machine Operators,4800,5.7,22.14,46050.0,1.9,14.47,16.91,19.52,24.11,33.08,30090.0,35170.0,40610.0,50150.0,68800.0,,
51-9161,Computer Numerically Controlled Tool Operators,169450,1.5,26.11,54320.0,0.3,18.34,21.6,24.37,29.69,35.53,38140.0,44930.0,50690.0,61760.0,73890.0,,
51-9162,Computer Numerically Controlled Tool Programmers,28500,1.8,34.72,72210.0,0.7,22.85,28.01,32.75,39.37,48.23,47530.0,58270.0,68120.0,81890.0,100320.0,,
51-9191,Adhesive Bonding Machine Operators and Tenders,11500,4.0,22.53,46850.0,1.0,15.12,17.9,22.34,25.77,29.24,31460.0,37220.0,46460.0,53610.0,60810.0,,
51-9192,"Cleaning, Washing, and Metal Pickling Equipment Operators and Tenders",14760,2.7,21.44,44600.0,0.5,16.25,17.94,20.93,23.71,28.16,33790.0,37310.0,43530.0,49320.0,58570.0,,
51-9193,Cooling and Freezing Equipment Operators and Tenders,6900,3.1,21.61,44940.0,0.8,16.07,17.49,19.87,23.82,29.97,33430.0,36380.0,41330.0,49550.0,62340.0,,
51-9194,Etchers and Engravers,7750,4.8,22.27,46320.0,1.6,15.49,17.98,20.82,25.51,30.46,32210.0,37400.0,43310.0,53050.0,63360.0,,
51-9195,"Molders, Shapers, and Casters, Except Metal and Plastic",33190,2.9,22.84,47500.0,0.6,17.24,18.88,22.2,25.48,29.58,35850.0,39280.0,46170.0,53000.0,61530.0,,
51-9196,"Paper Goods Machine Setters, Operators, and Tenders",96130,1.4,25.4,52840.0,0.4,17.93,21.6,24.17,28.93,33.81,37300.0,44920.0,50270.0,60180.0,70320.0,,
51-9197,Tire Builders,20770,2.7,27.48,57160.0,0.6,19.31,23.03,27.59,30.95,35.91,40150.0,47900.0,57390.0,64380.0,74680.0,,
51-9198,Helpers--Production Workers,165700,1.4,19.77,41120.0,0.3,14.97,16.93,18.78,22.11,25.68,31140.0,35220.0,39070.0,45990.0,53410.0,,
51-9199,"Production Workers, All Other",251700,1.3,21.34,44380.0,0.3,15.0,17.32,19.29,23.56,29.58,31200.0,36030.0,40110.0,49010.0,61530.0,,
53-1041,Aircraft Cargo Handling Supervisors,9760,3.1,31.26,65010.0,1.2,20.04,23.95,27.97,37.75,44.31,41690.0,49820.0,58170.0,78530.0,92160.0,,
53-1047,"First-Line Supervisors of Transportation and Material Moving Workers, Except Aircraft Cargo Handling Supervisors",623640,0.5,32.14,66860.0,0.2,20.85,24.07,30.23,37.58,46.23,43360.0,50070.0,62890.0,78160.0,96150.0,,
53-2011,"Airline Pilots, Copilots, and Flight Engineers",103560,1.1,,288650.0,2.7,,,,,,106710.0,182280.0,232140.0,384440.0,463830.0,TRUE,
53-2012,Commercial Pilots,47630,2.2,,146080.0,1.6,,,,,,58850.0,84540.0,123220.0,190440.0,266620.0,TRUE,
53-2021,Air Traffic Controllers,22510,0.7,70.43,146490.0,0.3,37.7,50.25,71.19,91.62,103.66,78420.0,104520.0,148080.0,190570.0,215610.0,,
53-2022,Airfield Operations Specialists,15190,4.4,30.58,63610.0,1.8,17.25,20.19,27.33,37.18,49.1,35870.0,42000.0,56850.0,77340.0,102120.0,,
53-2031,Flight Attendants,131650,0.9,,77440.0,0.5,,,,,,35110.0,51760.0,63580.0,95640.0,136430.0,TRUE,
53-3011,"Ambulance Drivers and Attendants, Except Emergency Medical Technicians",12630,4.9,17.41,36210.0,0.8,13.15,14.78,17.04,18.47,22.1,27350.0,30750.0,35450.0,38410.0,45960.0,,
53-3031,Driver/Sales Workers,409180,2.4,19.58,40730.0,0.8,10.86,14.52,18.64,23.56,28.84,22590.0,30200.0,38770.0,49000.0,59980.0,,
53-3032,Heavy and Tractor-Trailer Truck Drivers,2062040,0.5,28.71,59710.0,0.2,19.3,23.06,28.19,33.23,38.17,40140.0,47960.0,58640.0,69120.0,79380.0,,
53-3033,Light Truck Drivers,983300,0.7,23.45,48770.0,0.3,14.81,17.92,21.57,25.15,38.61,30800.0,37270.0,44860.0,52310.0,80310.0,,
53-3051,"Bus Drivers, School",402930,1.0,23.28,48430.0,0.3,14.06,18.58,23.04,28.09,31.6,29240.0,38650.0,47920.0,58430.0,65730.0,,
53-3052,"Bus Drivers, Transit and Intercity",159240,1.1,28.98,60280.0,0.3,19.25,22.85,28.39,33.99,40.72,40030.0,47530.0,59050.0,70700.0,84700.0,,
53-3053,Shuttle Drivers and Chauffeurs,248530,1.3,19.17,39880.0,0.5,13.51,15.73,17.93,21.97,26.47,28090.0,32710.0,37290.0,45700.0,55070.0,,
53-3054,Taxi Drivers,41050,12.9,24.01,49930.0,2.9,16.66,18.17,20.24,29.31,36.44,34650.0,37790.0,42100.0,60960.0,75800.0,,
53-3099,"Motor Vehicle Operators, All Other",46880,3.2,20.4,42430.0,1.0,12.76,15.01,17.87,23.55,31.97,26540.0,31220.0,37180.0,48980.0,66500.0,,
53-4011,Locomotive Engineers,33470,0.8,41.3,85900.0,0.5,29.17,36.15,39.14,44.84,52.51,60680.0,75190.0,81410.0,93260.0,109220.0,,
53-4013,"Rail Yard Engineers, Dinkey Operators, and Hostlers",3920,4.0,32.91,68450.0,1.3,21.41,25.37,29.14,38.63,48.21,44540.0,52780.0,60600.0,80360.0,100270.0,,
53-4022,"Railroad Brake, Signal, and Switch Operators and Locomotive Firers",12400,1.7,33.19,69030.0,0.5,21.95,27.8,33.1,36.82,41.63,45660.0,57820.0,68840.0,76590.0,86590.0,,
53-4031,Railroad Conductors and Yardmasters,46440,0.7,38.03,79100.0,0.4,28.24,31.54,37.5,40.3,52.78,58740.0,65610.0,78000.0,83820.0,109770.0,,
53-4041,Subway and Streetcar Operators,10200,2.2,37.1,77170.0,0.5,26.53,29.8,41.53,43.34,43.34,55180.0,61980.0,86380.0,90140.0,90140.0,,
53-4099,"Rail Transportation Workers, All Other",1120,13.3,28.91,60140.0,3.4,19.27,22.87,27.1,35.62,39.99,40080.0,47570.0,56360.0,74090.0,83190.0,,
53-5011,Sailors and Marine Oilers,31670,3.8,27.32,56830.0,1.5,16.61,19.92,24.77,32.5,40.2,34560.0,41430.0,51520.0,67590.0,83620.0,,
53-5021,"Captains, Mates, and Pilots of Water Vessels",36850,2.8,49.87,103720.0,2.2,22.8,30.71,44.45,61.14,82.04,47420.0,63880.0,92460.0,127180.0,170640.0,,
53-5022,Motorboat Operators,2480,11.9,27.05,56270.0,4.1,16.59,20.56,22.85,33.18,40.64,34510.0,42760.0,47520.0,69010.0,84530.0,,
53-5031,Ship Engineers,8400,4.4,53.75,111790.0,1.2,27.82,39.49,52.66,65.27,79.56,57870.0,82130.0,109530.0,135760.0,165490.0,,
53-6011,Bridge and Lock Tenders,3040,1.8,26.62,55370.0,0.6,13.51,18.58,27.74,33.47,36.23,28090.0,38640.0,57700.0,69620.0,75360.0,,
53-6021,Parking Attendants,137880,2.3,16.82,34990.0,0.5,13.0,14.41,16.9,18.11,21.42,27040.0,29960.0,35150.0,37670.0,44550.0,,
53-6031,Automotive and Watercraft Service Attendants,102010,1.8,17.68,36780.0,0.5,13.76,15.05,17.15,18.9,22.14,28630.0,31300.0,35670.0,39320.0,46060.0,,
53-6032,Aircraft Service Attendants,31300,3.3,20.83,43330.0,0.7,16.26,17.18,19.45,22.52,27.7,33830.0,35740.0,40450.0,46830.0,57610.0,,
53-6041,Traffic Technicians,7860,5.0,29.83,62050.0,1.1,18.79,22.33,28.41,36.47,40.93,39090.0,46440.0,59090.0,75850.0,85130.0,,
53-6051,Transportation Inspectors,24500,3.2,42.57,88540.0,1.7,19.39,28.26,44.28,52.35,66.67,40330.0,58780.0,92100.0,108890.0,138670.0,,
53-6061,Passenger Attendants,27110,4.7,18.18,37820.0,1.2,13.45,15.02,18.14,20.04,22.4,27970.0,31240.0,37720.0,41680.0,46590.0,,
53-6099,"Transportation Workers, All Other",13550,3.8,24.47,50890.0,1.2,15.91,18.39,21.95,29.04,38.24,33080.0,38240.0,45650.0,60400.0,79540.0,,
53-7011,Conveyor Operators and Tenders,22930,3.3,21.68,45080.0,0.6,17.39,18.35,20.39,23.33,28.59,36180.0,38180.0,42420.0,48530.0,59470.0,,
53-7021,Crane and Tower Operators,42890,2.8,34.68,72130.0,1.3,20.5,25.29,32.73,40.0,49.79,42640.0,52600.0,68080.0,83200.0,103570.0,,
53-7031,Dredge Operators,1040,20.1,26.98,56120.0,3.5,19.75,22.32,23.86,29.84,35.65,41080.0,46430.0,49640.0,62070.0,74140.0,,
53-7041,Hoist and Winch Operators,2600,8.3,32.55,67710.0,3.5,17.13,20.53,27.14,45.36,56.83,35640.0,42690.0,56450.0,94350.0,118210.0,,
53-7051,Industrial Truck and Tractor Operators,774420,0.7,23.25,48370.0,0.1,17.71,19.24,22.32,26.33,30.06,36840.0,40030.0,46420.0,54770.0,62520.0,,
53-7061,Cleaners of Vehicles and Equipment,380430,0.8,17.78,36980.0,0.2,13.17,14.62,17.23,19.73,22.89,27380.0,30420.0,35830.0,41040.0,47610.0,,
53-7062,"Laborers and Freight, Stock, and Material Movers, Hand",2950280,0.4,20.32,42260.0,0.1,15.03,17.35,19.35,22.56,26.51,31270.0,36090.0,40240.0,46920.0,55140.0,,
53-7063,Machine Feeders and Offbearers,42330,1.7,20.99,43660.0,0.4,15.49,17.51,19.82,23.31,27.96,32220.0,36420.0,41220.0,48480.0,58160.0,,
53-7064,"Packers and Packagers, Hand",559820,0.9,18.05,37540.0,0.2,13.41,15.49,17.44,20.7,22.65,27890.0,32220.0,36280.0,43060.0,47100.0,,
53-7065,Stockers and Order Fillers,2833810,0.4,19.01,39540.0,0.1,14.48,16.56,17.95,21.47,23.68,30110.0,34450.0,37330.0,44650.0,49260.0,,
53-7071,Gas Compressor and Gas Pumping Station Operators,3510,13.3,35.87,74610.0,3.3,22.2,28.17,37.17,43.76,47.84,46180.0,58580.0,77320.0,91020.0,99510.0,,
53-7072,"Pump Operators, Except Wellhead Pumpers",9780,6.4,30.75,63960.0,2.2,18.95,22.86,29.7,37.12,44.14,39420.0,47560.0,61770.0,77210.0,91820.0,,
53-7073,Wellhead Pumpers,17990,7.5,33.83,70370.0,2.4,21.2,25.16,33.63,39.52,47.2,44100.0,52330.0,69960.0,82200.0,98170.0,,
53-7081,Refuse and Recyclable Material Collectors,147240,1.6,25.39,52820.0,0.5,16.15,18.79,23.89,29.82,36.49,33590.0,39080.0,49690.0,62020.0,75900.0,,
53-7121,"Tank Car, Truck, and Ship Loaders",10700,6.0,28.83,59970.0,1.4,18.97,22.26,28.3,33.69,39.98,39460.0,46300.0,58870.0,70060.0,83160.0,,
53-7199,"Material Moving Workers, All Other",23480,4.0,21.94,45640.0,1.0,16.5,17.59,20.1,24.14,30.2,34330.0,36600.0,41800.0,50220.0,62820.0,,
